text,label
"Ramp metering that uses traffic signals to regulate vehicle flows from the on-ramps has been widely implemented to improve vehicle mobility of the freeway. Previous studies generally update signal timings in real-time based on predefined traffic measures collected by point detectors, such as traffic volumes and occupancies. Comparing with point detectors, traffic cameras-which have been increasingly deployed on road networks-could cover larger areas and provide more detailed traffic information. In this work, we propose a deep reinforcement learning (DRL) method to explore the potential of traffic video data in improving the efficiency of ramp metering. The proposed method uses traffic video frames as inputs and learns the optimal control strategies directly from the high-dimensional visual inputs. A real-world case study demonstrates that, in comparison with a state-of-the-practice method, the proposed DRL method results in 1) lower travel times in the mainline, 2) shorter vehicle queues at the on-ramp, and 3) higher traffic flows downstream of the merging area. The results suggest that the proposed method is able to extract useful information from the video data for better ramp metering controls.",Artificial Intelligence
"Recently, deep reinforcement learning (DRL)-based approach has shown promisein solving complex decision and control problems in power engineering domain.In this paper, we present an in-depth analysis of DRL-based voltage control fromaspects of algorithm selection, state space representation, and reward engineering.To resolve observed issues, we propose a novel imitation learning-based approachto directly map power grid operating points to effective actions without any interimreinforcement learning process. The performance results demonstrate that theproposed approach has strong generalization ability with much less training time.The agent trained by imitation learning is effective and robust to solve voltagecontrol problem and outperforms the former RL agents.",Artificial Intelligence
"In this work, we study the protection that fuzzy commitments offer when they are applied to facial images, processed by the state of the art deep learning facial recognition systems. We show that while these systems are capable of producing great accuracy, they produce templates of too little entropy. As a result, we present a reconstruction attack that takes a protected template, and reconstructs a facial image. The reconstructed facial images greatly resemble the original ones. In the simplest attack scenario, more than 78% of these reconstructed templates succeed in unlocking an account (when the system is configured to 0.1% FAR). Even in the ""hardest"" settings (in which we take a reconstructed image from one system and use it in a different system, with different feature extraction process) the reconstructed image offers 50 to 120 times higher success rates than the system's FAR.",Artificial Intelligence
"Portfolio-based algorithm selection has seen tremendous practical success over the past two decades. This algorithm configuration procedure works by first selecting a portfolio of diverse algorithm parameter settings, and then, on a given problem instance, using an algorithm selector to choose a parameter setting from the portfolio with strong predicted performance. Oftentimes, both the portfolio and the algorithm selector are chosen using a training set of typical problem instances from the application domain at hand. In this paper, we provide the first provable guarantees for portfolio-based algorithm selection. We analyze how large the training set should be to ensure that the resulting algorithm selector's average performance over the training set is close to its future (expected) performance. This involves analyzing three key reasons why these two quantities may diverge: 1) the learning-theoretic complexity of the algorithm selector, 2) the size of the portfolio, and 3) the learning-theoretic complexity of the algorithm's performance as a function of its parameters. We introduce an end-to-end learning-theoretic analysis of the portfolio construction and algorithm selection together. We prove that if the portfolio is large, overfitting is inevitable, even with an extremely simple algorithm selector. With experiments, we illustrate a tradeoff exposed by our theoretical analysis: as we increase the portfolio size, we can hope to include a well-suited parameter setting for every possible problem instance, but it becomes impossible to avoid overfitting.",Artificial Intelligence
"To quantify how well natural language understanding models can capture consistency in a general conversation, we introduce the DialoguE COntradiction DEtection task (DECODE) and a new conversational dataset containing both human-human and human-bot contradictory dialogues. We then compare a structured utterance-based approach of using pre-trained Transformer models for contradiction detection with the typical unstructured approach. Results reveal that: (i) our newly collected dataset is notably more effective at providing supervision for the dialogue contradiction detection task than existing NLI data including those aimed to cover the dialogue domain; (ii) the structured utterance-based approach is more robust and transferable on both analysis and out-of-distribution dialogues than its unstructured counterpart. We also show that our best contradiction detection model correlates well with human judgments and further provide evidence for its usage in both automatically evaluating and improving the consistency of state-of-the-art generative chatbots.",Artificial Intelligence
"Recently, skeleton-based approaches have achieved rapid progress on the basis of great success in skeleton representation. Plenty of researches focus on solving specific problems according to skeleton features. Some skeleton-based approaches have been mentioned in several overviews on object detection as a non-essential part. Nevertheless, there has not been any thorough analysis of skeleton-based approaches attentively. Instead of describing these techniques in terms of theoretical constructs, we devote to summarizing skeleton-based approaches with regard to application fields and given tasks as comprehensively as possible. This paper is conducive to further understanding of skeleton-based application and dealing with particular issues.",Artificial Intelligence
"In recent years, deep learning has become more and more mature, and as a commonly used algorithm in deep learning, convolutional neural networks have been widely used in various visual tasks. In the past, research based on deep learning algorithms mainly relied on hardware such as GPUs and CPUs. However, with the increasing development of FPGAs, both field programmable logic gate arrays, it has become the main implementation hardware platform that combines various neural network deep learning algorithms This article is a review article, which mainly introduces the related theories and algorithms of convolution. It summarizes the application scenarios of several existing FPGA technologies based on convolutional neural networks, and mainly introduces the application of accelerators. At the same time, it summarizes some accelerators' under-utilization of logic resources or under-utilization of memory bandwidth, so that they can't get the best performance.",Artificial Intelligence
"Our routines play an important role in a wide range of social challenges such as climate change, disease outbreaks and coordinating staff and patients in a hospital. To use agent-based simulations (ABS) to understand the role of routines in social challenges we need an agent framework that integrates routines. This paper provides the domain-independent Social Practice Agent (SoPrA) framework that satisfies requirements from the literature to simulate our routines. By choosing the appropriate concepts from the literature on agent theory, social psychology and social practice theory we ensure SoPrA correctly depicts current evidence on routines. By creating a consistent, modular and parsimonious framework suitable for multiple domains we enhance the usability of SoPrA. SoPrA provides ABS researchers with a conceptual, formal and computational framework to simulate routines and gain new insights into social systems.",Artificial Intelligence
"In this paper, we investigate the recommendation task in the most common scenario with implicit feedback (e.g., clicks, purchases). State-of-the-art methods in this direction usually cast the problem as to learn a personalized ranking on a set of items (e.g., webpages, products). The top-N results are then provided to users as recommendations, where the N is usually a fixed number pre-defined by the system according to some heuristic criteria (e.g., page size, screen size). There is one major assumption underlying this fixed-number recommendation scheme, i.e., there are always sufficient relevant items to users' preferences. Unfortunately, this assumption may not always hold in real-world scenarios. In some applications, there might be very limited candidate items to recommend, and some users may have very high relevance requirement in recommendation. In this way, even the top-1 ranked item may not be relevant to a user's preference. Therefore, we argue that it is critical to provide a dynamic-K recommendation, where the K should be different with respect to the candidate item set and the target user. We formulate this dynamic-K recommendation task as a joint learning problem with both ranking and classification objectives. The ranking objective is the same as existing methods, i.e., to create a ranking list of items according to users' interests. The classification objective is unique in this work, which aims to learn a personalized decision boundary to differentiate the relevant items from irrelevant items. Based on these ideas, we extend two state-of-the-art ranking-based recommendation methods, i.e., BPRMF and HRM, to the corresponding dynamic-K versions, namely DK-BPRMF and DK-HRM. Our experimental results on two datasets show that the dynamic-K models are more effective than the original fixed-N recommendation methods.",Artificial Intelligence
"Most prominent research today addresses compliance with data protection laws through consumer-centric and public-regulatory approaches. We shift this perspective with the Privatech project to focus on corporations and law firms as agents of compliance. To comply with data protection laws, data processors must implement accountability measures to assess and document compliance in relation to both privacy documents and privacy practices. In this paper, we survey, on the one hand, current research on GDPR automation, and on the other hand, the operational challenges corporations face to comply with GDPR, and that may benefit from new forms of automation. We attempt to bridge the gap. We provide a roadmap for compliance assessment and generation by identifying compliance issues, breaking them down into tasks that can be addressed through machine learning and automation, and providing notes about related developments in the Privatech project.",Artificial Intelligence
"Dental caries is one of the most chronic diseases involving the majority of the population during their lifetime. Caries lesions are typically diagnosed by radiologists relying only on their visual inspection to detect via dental x-rays. In many cases, dental caries is hard to identify using x-rays and can be misinterpreted as shadows due to different reasons such as low image quality. Hence, developing a decision support system for caries detection has been a topic of interest in recent years. Here, we propose an automatic diagnosis system to detect dental caries in Panoramic images for the first time, to the best of authors' knowledge. The proposed model benefits from various pretrained deep learning models through transfer learning to extract relevant features from x-rays and uses a capsule network to draw prediction results. On a dataset of 470 Panoramic images used for features extraction, including 240 labeled images for classification, our model achieved an accuracy score of 86.05\% on the test set. The obtained score demonstrates acceptable detection performance and an increase in caries detection speed, as long as the challenges of using Panoramic x-rays of real patients are taken into account. Among images with caries lesions in the test set, our model acquired recall scores of 69.44\% and 90.52\% for mild and severe ones, confirming the fact that severe caries spots are more straightforward to detect and efficient mild caries detection needs a more robust and larger dataset. Considering the novelty of current research study as using Panoramic images, this work is a step towards developing a fully automated efficient decision support system to assist domain experts.",Artificial Intelligence
Bigdata is a dataset of which size is beyond the ability of handling a valuable raw material that can be refined and distilled into valuable specific insights. Compact data is a method that optimizes the big dataset that gives best assets without handling complex bigdata. The compact dataset contains the maximum knowledge patterns at fine grained level for effective and personalized utilization of bigdata systems without bigdata. The compact data method is a tailor-made design which depends on problem situations. Various compact data techniques have been demonstrated into various data-driven research area in the paper.,Artificial Intelligence
"The sample-inefficiency problem in Artificial Intelligence refers to the inability of current Deep Reinforcement Learning models to optimize action policies within a small number of episodes. Recent studies have tried to overcome this limitation by adding memory systems and architectural biases to improve learning speed, such as in Episodic Reinforcement Learning. However, despite achieving incremental improvements, their performance is still not comparable to how humans learn behavioral policies. In this paper, we capitalize on the design principles of the Distributed Adaptive Control (DAC) theory of mind and brain to build a novel cognitive architecture (DAC-ML) that, by incorporating a hippocampus-inspired sequential memory system, can rapidly converge to effective action policies that maximize reward acquisition in a challenging foraging task.",Artificial Intelligence
"Recently, Nogueira et al. [2019] proposed a new approach to document expansion based on a neural Seq2Seq model, showing significant improvement on short text retrieval task. However, this approach needs a large amount of in-domain training data. In this paper, we show that this neural document expansion approach can be effectively adapted to standard IR tasks, where labels are scarce and many long documents are present.",Artificial Intelligence
"We tackle the problem of semantic boundary prediction, which aims to identify pixels that belong to object(class) boundaries. We notice that relevant datasets consist of a significant level of label noise, reflecting the fact that precise annotations are laborious to get and thus annotators trade-off quality with efficiency. We aim to learn sharp and precise semantic boundaries by explicitly reasoning about annotation noise during training. We propose a simple new layer and loss that can be used with existing learning-based boundary detectors. Our layer/loss enforces the detector to predict a maximum response along the normal direction at an edge, while also regularizing its direction. We further reason about true object boundaries during training using a level set formulation, which allows the network to learn from misaligned labels in an end-to-end fashion. Experiments show that we improve over the CASENet backbone network by more than 4% in terms of MF(ODS) and 18.61% in terms of AP, outperforming all current state-of-the-art methods including those that deal with alignment. Furthermore, we show that our learned network can be used to significantly improve coarse segmentation labels, lending itself as an efficient way to label new data.",Artificial Intelligence
"This position paper presents a comparative study of co-occurrences. Some similarities and differences in the definition exist depending on the research domain (e.g. linguistics, NLP, computer science). This paper discusses these points, and deals with the methodological aspects in order to identify co-occurrences in a multidisciplinary paradigm.",Artificial Intelligence
The Receiver Operating Characteristic (ROC) curve is a representation of the statistical information discovered in binary classification problems and is a key concept in machine learning and data science. This paper studies the statistical properties of ROC curves and its implication on model selection. We analyze the implications of different models of incentive heterogeneity and information asymmetry on the relation between human decisions and the ROC curves. Our theoretical discussion is illustrated in the context of a large data set of pregnancy outcomes and doctor diagnosis from the Pre-Pregnancy Checkups of reproductive age couples in Henan Province provided by the Chinese Ministry of Health.,Artificial Intelligence
"Pattern analysis often requires a pre-processing stage for extracting or selecting features in order to help the classification, prediction, or clustering stage discriminate or represent the data in a better way. The reason for this requirement is that the raw data are complex and difficult to process without extracting or selecting appropriate features beforehand. This paper reviews theory and motivation of different common methods of feature selection and extraction and introduces some of their applications. Some numerical implementations are also shown for these methods. Finally, the methods in feature selection and extraction are compared.",Artificial Intelligence
"In the last two decades, the landscape of text generation has undergone tremendous changes and is being reshaped by the success of deep learning. New technologies for text generation ranging from template-based methods to neural network-based methods emerged. Meanwhile, the research objectives have also changed from generating smooth and coherent sentences to infusing personalized traits to enrich the diversification of newly generated content. With the rapid development of text generation solutions, one comprehensive survey is urgent to summarize the achievements and track the state of the arts. In this survey paper, we present the general systematical framework, illustrate the widely utilized models and summarize the classic applications of text generation.",Artificial Intelligence
"Applying neural-networks on Question Answering has gained increasing popularity in recent years. In this paper, I implemented a model with Bi-directional attention flow layer, connected with a Multi-layer LSTM encoder, connected with one start-index decoder and one conditioning end-index decoder. I introduce a new end-index decoder layer, conditioning on start-index output. The Experiment shows this has increased model performance by 15.16%. For prediction, I proposed a new smart-span equation, rewarding both short answer length and high probability in start-index and end-index, which further improved the prediction accuracy. The best single model achieves an F1 score of 73.97% and EM score of 64.95% on test set.",Artificial Intelligence
"Image retrieval utilizes image descriptors to retrieve the most similar images to a given query image. Convolutional neural network (CNN) is becoming the dominant approach to extract image descriptors for image retrieval. For low-power hardware implementation of image retrieval, the drawback of CNN-based feature descriptor is that it requires hundreds of megabytes of storage. To address this problem, this paper applies deep model quantization and compression to CNN in ASIC chip for image retrieval. It is demonstrated that the CNN-based features descriptor can be extracted using as few as 2-bit weights quantization to deliver a similar performance as floating-point model for image retrieval. In addition, to implement CNN in ASIC, especially for large scale images, the limited buffer size of chips should be considered. To retrieve large scale images, we propose an improved pooling strategy, region nested invariance pooling (RNIP), which uses cropped sub-images for CNN. Testing results on chip show that integrating RNIP with the proposed 2-bit CNN model compression approach is capable of retrieving large scale images.",Artificial Intelligence
"Bin Packing with Conflicts (BPC) are problems in which items with compatibility constraints must be packed in the least number of bins, not exceeding the capacity of the bins and ensuring that non-conflicting items are packed in each bin. In this work, we introduce the Bin Packing Problem with Compatible Categories (BPCC), a variant of the BPC in which items belong to conflicting or compatible categories, in opposition to the item-by-item incompatibility found in previous literature. It is a common problem in the context of last mile distribution to nanostores located in densely populated areas. To efficiently solve real-life sized instances of the problem, we propose a Variable Neighborhood Search (VNS) metaheuristic algorithm. Computational experiments suggest that the algorithm yields good solutions in very short times while compared to linear integer programming running on a high-performance computing environment.",Artificial Intelligence
"Federated learning performs distributed model training using local data hosted by agents. It shares only model parameter updates for iterative aggregation at the server. Although it is privacy-preserving by design, federated learning is vulnerable to noise corruption of local agents, as demonstrated in the previous study on adversarial data poisoning threat against federated learning systems. Even a single noise-corrupted agent can bias the model training. In our work, we propose a collaborative and privacy-preserving machine teaching paradigm with multiple distributed teachers, to improve robustness of the federated training process against local data corruption. We assume that each local agent (teacher) have the resources to verify a small portions of trusted instances, which may not by itself be adequate for learning. In the proposed collaborative machine teaching method, these trusted instances guide the distributed agents to jointly select a compact while informative training subset from data hosted by their own. Simultaneously, the agents learn to add changes of limited magnitudes into the selected data instances, in order to improve the testing performances of the federally trained model despite of the training data corruption. Experiments on toy and real data demonstrate that our approach can identify training set bugs effectively and suggest appropriate changes to the labels. Our algorithm is a step toward trustworthy machine learning.",Artificial Intelligence
"In e-commerce, product content, especially product images have a significant influence on a customer's journey from product discovery to evaluation and finally, purchase decision. Since many e-commerce retailers sell items from other third-party marketplace sellers besides their own, the content published by both internal and external content creators needs to be monitored and enriched, wherever possible. Despite guidelines and warnings, product listings that contain offensive and non-compliant images continue to enter catalogs. Offensive and non-compliant content can include a wide range of objects, logos, and banners conveying violent, sexually explicit, racist, or promotional messages. Such images can severely damage the customer experience, lead to legal issues, and erode the company brand. In this paper, we present a computer vision driven offensive and non-compliant image detection system for extremely large image datasets. This paper delves into the unique challenges of applying deep learning to real-world product image data from retail world. We demonstrate how we resolve a number of technical challenges such as lack of training data, severe class imbalance, fine-grained class definitions etc. using a number of practical yet unique technical strategies. Our system combines state-of-the-art image classification and object detection techniques with budgeted crowdsourcing to develop a solution customized for a massive, diverse, and constantly evolving product catalog.",Artificial Intelligence
"We present ARCHANGEL; a novel distributed ledger based system for assuring the long-term integrity of digital video archives. First, we describe a novel deep network architecture for computing compact temporal content hashes (TCHs) from audio-visual streams with durations of minutes or hours. Our TCHs are sensitive to accidental or malicious content modification (tampering) but invariant to the codec used to encode the video. This is necessary due to the curatorial requirement for archives to format shift video over time to ensure future accessibility. Second, we describe how the TCHs (and the models used to derive them) are secured via a proof-of-authority blockchain distributed across multiple independent archives. We report on the efficacy of ARCHANGEL within the context of a trial deployment in which the national government archives of the United Kingdom, Estonia and Norway participated.",Artificial Intelligence
"Understanding why machine learning algorithms may fail is usually the task of the human expert that uses domain knowledge and contextual information to discover systematic shortcomings in either the data or the algorithm. In this paper, we propose a semantic referee, which is able to extract qualitative features of the errors emerging from deep machine learning frameworks and suggest corrections. The semantic referee relies on ontological reasoning about spatial knowledge in order to characterize errors in terms of their spatial relations with the environment. Using semantics, the reasoner interacts with the learning algorithm as a supervisor. In this paper, the proposed method of the interaction between a neural network classifier and a semantic referee shows how to improve the performance of semantic segmentation for satellite imagery data.",Artificial Intelligence
"Point cloud analysis is very challenging, as the shape implied in irregular points is difficult to capture. In this paper, we propose RS-CNN, namely, Relation-Shape Convolutional Neural Network, which extends regular grid CNN to irregular configuration for point cloud analysis. The key to RS-CNN is learning from relation, i.e., the geometric topology constraint among points. Specifically, the convolutional weight for local point set is forced to learn a high-level relation expression from predefined geometric priors, between a sampled point from this point set and the others. In this way, an inductive local representation with explicit reasoning about the spatial layout of points can be obtained, which leads to much shape awareness and robustness. With this convolution as a basic operator, RS-CNN, a hierarchical architecture can be developed to achieve contextual shape-aware learning for point cloud analysis. Extensive experiments on challenging benchmarks across three tasks verify RS-CNN achieves the state of the arts.",Artificial Intelligence
"In this paper, we address the question answering challenge with the SQuAD 2.0 dataset. We design a model architecture which leverages BERT's capability of context-aware word embeddings and BiDAF's context interactive exploration mechanism. By integrating these two state-of-the-art architectures, our system tries to extract the contextual word representation at word and character levels, for better comprehension of both question and context and their correlations. We also propose our original joint posterior probability predictor module and its associated loss functions. Our best model so far obtains F1 score of 75.842% and EM score of 72.24% on the test PCE leaderboad.",Artificial Intelligence
"Learning to take actions based on observations is a core requirement for artificial agents to be able to be successful and robust at their task. Reinforcement Learning (RL) is a well-known technique for learning such policies. However, current RL algorithms often have to deal with reward shaping, have difficulties generalizing to other environments and are most often sample inefficient. In this paper, we explore active inference and the free energy principle, a normative theory from neuroscience that explains how self-organizing biological systems operate by maintaining a model of the world and casting action selection as an inference problem. We apply this concept to a typical problem known to the RL community, the mountain car problem, and show how active inference encompasses both RL and learning from demonstrations.",Artificial Intelligence
"Frequent mine disasters cause a large number of casualties and property losses. Autonomous driving is a fundamental measure for solving this problem, and track detection is one of the key technologies for computer vision to achieve downhole automatic driving. The track detection result based on the traditional convolutional neural network (CNN) algorithm lacks the detailed and unique description of the object and relies too much on visual postprocessing technology. Therefore, this paper proposes a track detection algorithm based on a multiscale conditional generative adversarial network (CGAN). The generator is decomposed into global and local parts using a multigranularity structure in the generator network. A multiscale shared convolution structure is adopted in the discriminator network to further supervise training the generator. Finally, the Monte Carlo search technique is introduced to search the intermediate state of the generator, and the result is sent to the discriminator for comparison. Compared with the existing work, our model achieved 82.43\% pixel accuracy and an average intersection-over-union (IOU) of 0.6218, and the detection of the track reached 95.01\% accuracy in the downhole roadway scene test set.",Artificial Intelligence
"We describe a chemical robotic assistant equipped with a curiosity algorithm (CA) that can efficiently explore the state a complex chemical system can exhibit. The CA-robot is designed to explore formulations in an open-ended way with no explicit optimization target. By applying the CA-robot to the study of self-propelling multicomponent oil-in-water droplets, we are able to observe an order of magnitude more variety of droplet behaviours than possible with a random parameter search and given the same budget. We demonstrate that the CA-robot enabled the discovery of a sudden and highly specific response of droplets to slight temperature changes. Six modes of self-propelled droplets motion were identified and classified using a time-temperature phase diagram and probed using a variety of techniques including NMR. This work illustrates how target free search can significantly increase the rate of unpredictable observations leading to new discoveries with potential applications in formulation chemistry.",Artificial Intelligence
"Semi-supervised learning lately has shown much promise in improving deep learning models when labeled data is scarce. Common among recent approaches is the use of consistency training on a large amount of unlabeled data to constrain model predictions to be invariant to input noise. In this work, we present a new perspective on how to effectively noise unlabeled examples and argue that the quality of noising, specifically those produced by advanced data augmentation methods, plays a crucial role in semi-supervised learning. By substituting simple noising operations with advanced data augmentation methods such as RandAugment and back-translation, our method brings substantial improvements across six language and three vision tasks under the same consistency training framework. On the IMDb text classification dataset, with only 20 labeled examples, our method achieves an error rate of 4.20, outperforming the state-of-the-art model trained on 25,000 labeled examples. On a standard semi-supervised learning benchmark, CIFAR-10, our method outperforms all previous approaches and achieves an error rate of 5.43 with only 250 examples. Our method also combines well with transfer learning, e.g., when finetuning from BERT, and yields improvements in high-data regime, such as ImageNet, whether when there is only 10% labeled data or when a full labeled set with 1.3M extra unlabeled examples is used. Code is available at https://github.com/google-research/uda.",Artificial Intelligence
"Reinforcement learning (RL) has proven its worth in a series of artificial domains, and is beginning to show some successes in real-world scenarios. However, much of the research advances in RL are often hard to leverage in real-world systems due to a series of assumptions that are rarely satisfied in practice. We present a set of nine unique challenges that must be addressed to productionize RL to real world problems. For each of these challenges, we specify the exact meaning of the challenge, present some approaches from the literature, and specify some metrics for evaluating that challenge. An approach that addresses all nine challenges would be applicable to a large number of real world problems. We also present an example domain that has been modified to present these challenges as a testbed for practical RL research.",Artificial Intelligence
"We present Coevo, an online platform that allows both humans and artificial agents to design shapes that solve different tasks. Our goal is to explore common shared design tools that can be used by humans and artificial agents in a context of creation. This approach can provide a better knowledge transfer and interaction with artificial agents since a common language of design is defined. In this paper, we outline the main components of this platform and discuss the definition of a human-centered language to enhance human-AI collaboration in co-creation scenarios.",Artificial Intelligence
"Gaze correction aims to redirect the person's gaze into the camera by manipulating the eye region, and it can be considered as a specific image resynthesis problem. Gaze correction has a wide range of applications in real life, such as taking a picture with staring at the camera. In this paper, we propose a novel method that is based on the inpainting model to learn from the face image to fill in the missing eye regions with new contents representing corrected eye gaze. Moreover, our model does not require the training dataset labeled with the specific head pose and eye angle information, thus, the training data is easy to collect. To retain the identity information of the eye region in the original input, we propose a self-guided pretrained model to learn the angle-invariance feature. Experiments show our model achieves very compelling gaze-corrected results in the wild dataset which is collected from the website and will be introduced in details. Code is available at https://github.com/zhangqianhui/GazeCorrection.",Artificial Intelligence
"The neural machine translation model has suffered from the lack of large-scale parallel corpora. In contrast, we humans can learn multi-lingual translations even without parallel texts by referring our languages to the external world. To mimic such human learning behavior, we employ images as pivots to enable zero-resource translation learning. However, a picture tells a thousand words, which makes multi-lingual sentences pivoted by the same image noisy as mutual translations and thus hinders the translation model learning. In this work, we propose a progressive learning approach for image-pivoted zero-resource machine translation. Since words are less diverse when grounded in the image, we first learn word-level translation with image pivots, and then progress to learn the sentence-level translation by utilizing the learned word translation to suppress noises in image-pivoted multi-lingual sentences. Experimental results on two widely used image-pivot translation datasets, IAPR-TC12 and Multi30k, show that the proposed approach significantly outperforms other state-of-the-art methods.",Artificial Intelligence
"Living neural networks emerge through a process of growth and self-organization that begins with a single cell and results in a brain, an organized and functional computational device. Artificial neural networks, however, rely on human-designed, hand-programmed architectures for their remarkable performance. Can we develop artificial computational devices that can grow and self-organize without human intervention? In this paper, we propose a biologically inspired developmental algorithm that can 'grow' a functional, layered neural network from a single initial cell. The algorithm organizes inter-layer connections to construct a convolutional pooling layer, a key constituent of convolutional neural networks (CNN's). Our approach is inspired by the mechanisms employed by the early visual system to wire the retina to the lateral geniculate nucleus (LGN), days before animals open their eyes. The key ingredients for robust self-organization are an emergent spontaneous spatiotemporal activity wave in the first layer and a local learning rule in the second layer that 'learns' the underlying activity pattern in the first layer. The algorithm is adaptable to a wide-range of input-layer geometries, robust to malfunctioning units in the first layer, and so can be used to successfully grow and self-organize pooling architectures of different pool-sizes and shapes. The algorithm provides a primitive procedure for constructing layered neural networks through growth and self-organization. Broadly, our work shows that biologically inspired developmental algorithms can be applied to autonomously grow functional 'brains' in-silico.",Artificial Intelligence
"This paper investigates the effectiveness of adversarial training in enhancing the robustness of Deep Q-Network (DQN) policies to state-space perturbations. We first present a formal analysis of adversarial training in DQN agents and its performance with respect to the proportion of adversarial perturbations to nominal observations used for training. Next, we consider the sample-inefficiency of current adversarial training techniques, and propose a novel Adversarially-Guided Exploration (AGE) mechanism based on a modified hybrid of the $ε$-greedy algorithm and Boltzmann exploration. We verify the feasibility of this exploration mechanism through experimental evaluation of its performance in comparison with the traditional decaying $ε$-greedy and parameter-space noise exploration algorithms.",Artificial Intelligence
"This paper investigates a class of attacks targeting the confidentiality aspect of security in Deep Reinforcement Learning (DRL) policies. Recent research have established the vulnerability of supervised machine learning models (e.g., classifiers) to model extraction attacks. Such attacks leverage the loosely-restricted ability of the attacker to iteratively query the model for labels, thereby allowing for the forging of a labeled dataset which can be used to train a replica of the original model. In this work, we demonstrate the feasibility of exploiting imitation learning techniques in launching model extraction attacks on DRL agents. Furthermore, we develop proof-of-concept attacks that leverage such techniques for black-box attacks against the integrity of DRL policies. We also present a discussion on potential solution concepts for mitigation techniques.",Artificial Intelligence
"This paper proposes a novel scheme for the watermarking of Deep Reinforcement Learning (DRL) policies. This scheme provides a mechanism for the integration of a unique identifier within the policy in the form of its response to a designated sequence of state transitions, while incurring minimal impact on the nominal performance of the policy. The applications of this watermarking scheme include detection of unauthorized replications of proprietary policies, as well as enabling the graceful interruption or termination of DRL activities by authorized entities. We demonstrate the feasibility of our proposal via experimental evaluation of watermarking a DQN policy trained in the Cartpole environment.",Artificial Intelligence
"Motion planning problems can be simplified by admissible projections of the configuration space to sequences of lower-dimensional quotient-spaces, called sequential simplifications. To exploit sequential simplifications, we present the Quotient-space Rapidly-exploring Random Trees (QRRT) algorithm. QRRT takes as input a start and a goal configuration, and a sequence of quotient-spaces. The algorithm grows trees on the quotient-spaces both sequentially and simultaneously to guarantee a dense coverage. QRRT is shown to be (1) probabilistically complete, and (2) can reduce the runtime by at least one order of magnitude. However, we show in experiments that the runtime varies substantially between different quotient-space sequences. To find out why, we perform an additional experiment, showing that the more narrow an environment, the more a quotient-space sequence can reduce runtime.",Artificial Intelligence
"Autonomous multiple tasks learning is a fundamental capability to develop versatile artificial agents that can act in complex environments. In real-world scenarios, tasks may be interrelated (or ""hierarchical"") so that a robot has to first learn to achieve some of them to set the preconditions for learning other ones. Even though different strategies have been used in robotics to tackle the acquisition of interrelated tasks, in particular within the developmental robotics framework, autonomous learning in this kind of scenarios is still an open question. Building on previous research in the framework of intrinsically motivated open-ended learning, in this work we describe how this question can be addressed working on the level of task selection, in particular considering the multiple interrelated tasks scenario as an MDP where the system is trying to maximise its competence over all the tasks.",Artificial Intelligence
"We explore using latent natural language instructions as an expressive and compositional representation of complex actions for hierarchical decision making. Rather than directly selecting micro-actions, our agent first generates a latent plan in natural language, which is then executed by a separate model. We introduce a challenging real-time strategy game environment in which the actions of a large number of units must be coordinated across long time scales. We gather a dataset of 76 thousand pairs of instructions and executions from human play, and train instructor and executor models. Experiments show that models using natural language as a latent variable significantly outperform models that directly imitate human actions. The compositional structure of language proves crucial to its effectiveness for action representation. We also release our code, models and data.",Artificial Intelligence
"Joint replacement is the most common inpatient surgical treatment in the US. We investigate the clinical pathway optimization for knee replacement, which is a sequential decision process from onset to recovery. Based on episodic claims from previous cases, we view the pathway optimization as an intelligence crowdsourcing problem and learn the optimal decision policy from data by imitating the best expert at every intermediate state. We develop a reinforcement learning-based pipeline that uses value iteration, state compression and aggregation learning, kernel representation and cross validation to predict the best treatment policy. It also provides forecast of the clinical pathway under the optimized policy. Empirical validation shows that the optimized policy reduces the overall cost by 7 percent and reduces the excessive cost premium by 33 percent.",Artificial Intelligence
"Recently, deep models have had considerable success in several tasks, especially with low-level representations. However, effective learning from sparse noisy samples is a major challenge in most deep models, especially in domains with structured representations. Inspired by the proven success of human guided machine learning, we propose Knowledge-augmented Column Networks, a relational deep learning framework that leverages human advice/knowledge to learn better models in presence of sparsity and systematic noise.",Artificial Intelligence
"This paper investigates generalisation in multi-agent games, where the generality of the agent can be evaluated by playing against opponents it hasn't seen during training. We propose two new games with concealed information and complex, non-transitive reward structure (think rock/paper/scissors). It turns out that most current deep reinforcement learning methods fail to efficiently explore the strategy space, thus learning policies that generalise poorly to unseen opponents. We then propose a novel hierarchical agent architecture, where the hierarchy is grounded in the game-theoretic structure of the game -- the top level chooses strategic responses to opponents, while the low level implements them into policy over primitive actions. This grounding facilitates credit assignment across the levels of hierarchy. Our experiments show that the proposed hierarchical agent is capable of generalisation to unseen opponents, while conventional baselines fail to generalise whatsoever.",Artificial Intelligence
"We propose a new metaheuristic training scheme that combines Stochastic Gradient Descent (SGD) and Discrete Optimization in an unconventional way. Our idea is to define a discrete neighborhood of the current SGD point containing a number of ""potentially good moves"" that exploit gradient information, and to search this neighborhood by using a classical metaheuristic scheme borrowed from Discrete Optimization. In the present paper we investigate the use of a simple Simulated Annealing (SA) metaheuristic that accepts/rejects a candidate new solution in the neighborhood with a probability that depends both on the new solution quality and on a parameter (the temperature) which is modified over time to lower the probability of accepting worsening moves. We use this scheme as an automatic way to perform hyper-parameter tuning, hence the title of the paper. A distinctive feature of our scheme is that hyper-parameters are modified within a single SGD execution (and not in an external loop, as customary) and evaluated on the fly on the current minibatch, i.e., their tuning is fully embedded within the SGD algorithm. The use of SA for training is not new, but previous proposals were mainly intended for non-differentiable objective functions for which SGD is not applied due to the lack of gradients. On the contrary, our SA method requires differentiability of (a proxy of) the loss function, and leverages on the availability of a gradient direction to define local moves that have a large probability to improve the current solution. Computational results on image classification (CIFAR-10) are reported, showing that the proposed approach leads to an improvement of the final validation accuracy for modern Deep Neural Networks such as ResNet34 and VGG16.",Artificial Intelligence
"With the rapid development of artificial intelligence (AI), ethical issues surrounding AI have attracted increasing attention. In particular, autonomous vehicles may face moral dilemmas in accident scenarios, such as staying the course resulting in hurting pedestrians or swerving leading to hurting passengers. To investigate such ethical dilemmas, recent studies have adopted preference aggregation, in which each voter expresses her/his preferences over decisions for the possible ethical dilemma scenarios, and a centralized system aggregates these preferences to obtain the winning decision. Although a useful methodology for building ethical AI systems, such an approach can potentially violate the privacy of voters since moral preferences are sensitive information and their disclosure can be exploited by malicious parties. In this paper, we report a first-of-its-kind privacy-preserving crowd-guided AI decision-making approach in ethical dilemmas. We adopt the notion of differential privacy to quantify privacy and consider four granularities of privacy protection by taking voter-/record-level privacy protection and centralized/distributed perturbation into account, resulting in four approaches VLCP, RLCP, VLDP, and RLDP. Moreover, we propose different algorithms to achieve these privacy protection granularities, while retaining the accuracy of the learned moral preference model. Specifically, VLCP and RLCP are implemented with the data aggregator setting a universal privacy parameter and perturbing the averaged moral preference to protect the privacy of voters' data. VLDP and RLDP are implemented in such a way that each voter perturbs her/his local moral preference with a personalized privacy parameter. Extensive experiments on both synthetic and real data demonstrate that the proposed approach can achieve high accuracy of preference aggregation while protecting individual voter's privacy.",Artificial Intelligence
"Achieving the Bayes optimal binary classification rule subject to group fairness constraints is known to be reducible, in some cases, to learning a group-wise thresholding rule over the Bayes regressor. In this paper, we extend this result by proving that, in a broader setting, the Bayes optimal fair learning rule remains a group-wise thresholding rule over the Bayes regressor but with a (possible) randomization at the thresholds. This provides a stronger justification to the post-processing approach in fair classification, in which (1) a predictor is learned first, after which (2) its output is adjusted to remove bias. We show how the post-processing rule in this two-stage approach can be learned quite efficiently by solving an unconstrained optimization problem. The proposed algorithm can be applied to any black-box machine learning model, such as deep neural networks, random forests and support vector machines. In addition, it can accommodate many fairness criteria that have been previously proposed in the literature, such as equalized odds and statistical parity. We prove that the algorithm is Bayes consistent and motivate it, furthermore, via an impossibility result that quantifies the tradeoff between accuracy and fairness across multiple demographic groups. Finally, we conclude by validating the algorithm on the Adult benchmark dataset.",Artificial Intelligence
"Nowadays, the field of Artificial Intelligence in Computer Games (AI in Games) is going to be more alluring since computer games challenge many aspects of AI with a wide range of problems, particularly general problems. One of these kinds of problems is Exploration, which states that an unknown environment must be explored by one or several agents. In this work, we have first introduced the Maze Dash puzzle as an exploration problem where the agent must find a Hamiltonian Path visiting all the cells. Then, we have investigated to find suitable methods by a focus on Monte-Carlo Tree Search (MCTS) and SAT to solve this puzzle quickly and accurately. An optimization has been applied to the proposed MCTS algorithm to obtain a promising result. Also, since the prefabricated test cases of this puzzle are not large enough to assay the proposed method, we have proposed and employed a technique to generate solvable test cases to evaluate the approaches. Eventually, the MCTS-based method has been assessed by the auto-generated test cases and compared with our implemented SAT approach that is considered a good rival. Our comparison indicates that the MCTS-based approach is an up-and-coming method that could cope with the test cases with small and medium sizes with faster run-time compared to SAT. However, for certain discussed reasons, including the features of the problem, tree search organization, and also the approach of MCTS in the Simulation step, MCTS takes more time to execute in Large size scenarios. Consequently, we have found the bottleneck for the MCTS-based method in significant test cases that could be improved in two real-world problems.",Artificial Intelligence
"The number of cyber threats against both wired and wireless computer systems and other components of the Internet of Things continues to increase annually. In this work, an algorithm selection framework is employed on the NSL-KDD data set and a novel paradigm of machine learning taxonomy is presented. The framework uses a combination of user input and meta-features to select the best algorithm to detect cyber attacks on a network. Performance is compared between a rule-of-thumb strategy and a meta-learning strategy. The framework removes the conjecture of the common trial-and-error algorithm selection method. The framework recommends five algorithms from the taxonomy. Both strategies recommend a high-performing algorithm, though not the best performing. The work demonstrates the close connectedness between algorithm selection and the taxonomy for which it is premised.",Artificial Intelligence
"Data scientists seeking a good supervised learning model on a new dataset have many choices to make: they must preprocess the data, select features, possibly reduce the dimension, select an estimation algorithm, and choose hyperparameters for each of these pipeline components. With new pipeline components comes a combinatorial explosion in the number of choices! In this work, we design a new AutoML system to address this challenge: an automated system to design a supervised learning pipeline. Our system uses matrix and tensor factorization as surrogate models to model the combinatorial pipeline search space. Under these models, we develop greedy experiment design protocols to efficiently gather information about a new dataset. Experiments on large corpora of real-world classification problems demonstrate the effectiveness of our approach.",Artificial Intelligence
"Deep reinforcement learning methods have achieved state-of-the-art results in a variety of challenging, high-dimensional domains ranging from video games to locomotion. The key to success has been the use of deep neural networks used to approximate the policy and value function. Yet, substantial tuning of weights is required for good results. We instead use randomized function approximation. Such networks are not only cheaper than training fully connected networks but also improve the numerical performance. We present \texttt{RANDPOL}, a generalized policy iteration algorithm for MDPs with continuous state and action spaces. Both the policy and value functions are represented with randomized networks. We also give finite time guarantees on the performance of the algorithm. Then we show the numerical performance on challenging environments and compare them with deep neural network based algorithms.",Artificial Intelligence
"In this paper we develop a concept aware multi-preferential semantics for dealing with typicality in description logics, where preferences are associated with concepts, starting from a collection of ranked TBoxes containing defeasible concept inclusions. Preferences are combined to define a preferential interpretation in which defeasible inclusions can be evaluated. The construction of the concept-aware multipreference semantics is related to Brewka's framework for qualitative preferences. We exploit Answer Set Programming (in particular, asprin) to achieve defeasible reasoning under the multipreference approach for the lightweight description logic EL+bot. The paper is under consideration for acceptance in TPLP.",Artificial Intelligence
"We study the problem of applying spectral clustering to cluster multi-scale data, which is data whose clusters are of various sizes and densities. Traditional spectral clustering techniques discover clusters by processing a similarity matrix that reflects the proximity of objects. For multi-scale data, distance-based similarity is not effective because objects of a sparse cluster could be far apart while those of a dense cluster have to be sufficiently close. Following [16], we solve the problem of spectral clustering on multi-scale data by integrating the concept of objects' ""reachability similarity"" with a given distance-based similarity to derive an objects' coefficient matrix. We propose the algorithm CAST that applies trace Lasso to regularize the coefficient matrix. We prove that the resulting coefficient matrix has the ""grouping effect"" and that it exhibits ""sparsity"". We show that these two characteristics imply very effective spectral clustering. We evaluate CAST and 10 other clustering methods on a wide range of datasets w.r.t. various measures. Experimental results show that CAST provides excellent performance and is highly robust across test cases of multi-scale data.",Artificial Intelligence
"A recent body of work addresses safety constraints in explore-and-exploit systems. Such constraints arise where, for example, exploration is carried out by individuals whose welfare should be balanced with overall welfare. In this paper, we adopt a model inspired by recent work on a bandit-like setting for recommendations. We contribute to this line of literature by introducing a safety constraint that should be respected in every round and determines that the expected value in each round is above a given threshold. Due to our modeling, the safe explore-and-exploit policy deserves careful planning, or otherwise, it will lead to sub-optimal welfare. We devise an asymptotically optimal algorithm for the setting and analyze its instance-dependent convergence rate.",Artificial Intelligence
"Agent-based Models (ABMs) are valuable tools for policy analysis. ABMs help analysts explore the emergent consequences of policy interventions in multi-agent decision-making settings. But the validity of inferences drawn from ABM explorations depends on the quality of the ABM agents' behavioral models. Standard specifications of agent behavioral models rely either on heuristic decision-making rules or on regressions trained on past data. Both prior specification modes have limitations. This paper examines the value of reinforcement learning (RL) models as adaptive, high-performing, and behaviorally-valid models of agent decision-making in ABMs. We test the hypothesis that RL agents are effective as utility-maximizing agents in policy ABMs. We also address the problem of adapting RL algorithms to handle multi-agency in games by adapting and extending methods from recent literature. We evaluate the performance of such RL-based ABM agents via experiments on two policy-relevant ABMs: a minority game ABM, and an ABM of Influenza Transmission. We run some analytic experiments on our AI-equipped ABMs e.g. explorations of the effects of behavioral heterogeneity in a population and the emergence of synchronization in a population. The experiments show that RL behavioral models are effective at producing reward-seeking or reward-maximizing behaviors in ABM agents. Furthermore, RL behavioral models can learn to outperform the default adaptive behavioral models in the two ABMs examined.",Artificial Intelligence
"We propose to address the task of causal structure learning from data in a supervised manner. Existing work on learning causal directions by supervised learning is restricted to learning pairwise relation, and not well suited for whole DAG discovery. We propose a novel approach of modeling the whole DAG structure discovery as a supervised learning. To fit the problem in hand, we propose to use permutation equivariant models that align well with the problem domain. We evaluate the proposed approach extensively on synthetic graphs of size 10,20,50,100 and real data, and show promising results compared with a variety of previous approaches.",Artificial Intelligence
"Two important tasks at the intersection of knowledge graphs and natural language processing are graph-to-text (G2T) and text-to-graph (T2G) conversion. Due to the difficulty and high cost of data collection, the supervised data available in the two fields are usually on the magnitude of tens of thousands, for example, 18K in the WebNLG~2017 dataset after preprocessing, which is far fewer than the millions of data for other tasks such as machine translation. Consequently, deep learning models for G2T and T2G suffer largely from scarce training data. We present CycleGT, an unsupervised training method that can bootstrap from fully non-parallel graph and text data, and iteratively back translate between the two forms. Experiments on WebNLG datasets show that our unsupervised model trained on the same number of data achieves performance on par with several fully supervised models. Further experiments on the non-parallel GenWiki dataset verify that our method performs the best among unsupervised baselines. This validates our framework as an effective approach to overcome the data scarcity problem in the fields of G2T and T2G. Our code is available at https://github.com/QipengGuo/CycleGT.",Artificial Intelligence
"Companies have considered adoption of various high-level artificial intelligence (AI) principles for responsible AI, but there is less clarity on how to implement these principles as organizational practices. This paper reviews the principles-to-practices gap. We outline five explanations for this gap ranging from a disciplinary divide to an overabundance of tools. In turn, we argue that an impact assessment framework which is broad, operationalizable, flexible, iterative, guided, and participatory is a promising approach to close the principles-to-practices gap. Finally, to help practitioners with applying these recommendations, we review a case study of AI's use in forest ecosystem restoration, demonstrating how an impact assessment framework can translate into effective and responsible AI practices.",Artificial Intelligence
"We examine whether self-supervised language modeling applied to mathematical formulas enables logical reasoning. We suggest several logical reasoning tasks that can be used to evaluate language models trained on formal mathematical statements, such as type inference, suggesting missing assumptions and completing equalities. To train language models for formal mathematics, we propose a novel skip-tree task. We find that models trained on the skip-tree task show surprisingly strong mathematical reasoning abilities, and outperform models trained on standard skip-sequence tasks. We also analyze the models' ability to formulate new conjectures by measuring how often the predictions are provable and useful in other proofs.",Artificial Intelligence
"This paper describes the application of reinforcement learning (RL) to multi-product inventory management in supply chains. The problem description and solution are both adapted from a real-world business solution. The novelty of this problem with respect to supply chain literature is (i) we consider concurrent inventory management of a large number (50 to 1000) of products with shared capacity, (ii) we consider a multi-node supply chain consisting of a warehouse which supplies three stores, (iii) the warehouse, stores, and transportation from warehouse to stores have finite capacities, (iv) warehouse and store replenishment happen at different time scales and with realistic time lags, and (v) demand for products at the stores is stochastic. We describe a novel formulation in a multi-agent (hierarchical) reinforcement learning framework that can be used for parallelised decision-making, and use the advantage actor critic (A2C) algorithm with quantised action spaces to solve the problem. Experiments show that the proposed approach is able to handle a multi-objective reward comprised of maximising product sales and minimising wastage of perishable products.",Artificial Intelligence
"While the biomedical community has published several ""open data"" sources in the last decade, most researchers still endure severe logistical and technical challenges to discover, query, and integrate heterogeneous data and knowledge from multiple sources. To tackle these challenges, the community has experimented with Semantic Web and linked data technologies to create the Life Sciences Linked Open Data (LSLOD) cloud. In this paper, we extract schemas from more than 80 publicly available biomedical linked data graphs into an LSLOD schema graph and conduct an empirical meta-analysis to evaluate the extent of semantic heterogeneity across the LSLOD cloud. We observe that several LSLOD sources exist as stand-alone data sources that are not inter-linked with other sources, use unpublished schemas with minimal reuse or mappings, and have elements that are not useful for data integration from a biomedical perspective. We envision that the LSLOD schema graph and the findings from this research will aid researchers who wish to query and integrate data and knowledge from multiple biomedical sources simultaneously on the Web.",Artificial Intelligence
"The lack of bias management in Recommender Systems leads to minority groups receiving unfair recommendations. Moreover, the trade-off between equity and precision makes it difficult to obtain recommendations that meet both criteria. Here we propose a Deep Learning based Collaborative Filtering algorithm that provides recommendations with an optimum balance between fairness and accuracy without knowing demographic information about the users. Experimental results show that it is possible to make fair recommendations without losing a significant proportion of accuracy.",Artificial Intelligence
"Inductive theorem proving is an important long-standing challenge in computer science. In this extended abstract, we first summarize the recent developments of proof by induction for Isabelle/HOL. Then, we propose united reasoning, a novel approach to further automating inductive theorem proving. Upon success, united reasoning takes the best of three schools of reasoning: deductive reasoning, inductive reasoning, and inductive reasoning, to prove difficult inductive problems automatically.",Artificial Intelligence
"The human brain works in an unsupervised way, and more than one brain region is essential for lighting up intelligence. Inspired by this, we propose a brain-like heterogeneous network (BHN), which can cooperatively learn a lot of distributed representations and one global attention representation. By optimizing distributed, self-supervised, and gradient-isolated objective functions in a minimax fashion, our model improves its representations, which are generated from patches of pictures or frames of videos in experiments.",Artificial Intelligence
"Individual-based models are complex and they have usually an elevated number of input parameters which must be tuned for reproducing the observed population data or the experimental results as accurately as possible. Thus, one of the weakest points of this modelling approach lies on the fact that rarely the modeler has the enough information about the correct values or even the acceptable range for the input parameters. Consequently, several parameter combinations must be tried to find an acceptable set of input factors minimizing the deviations of simulated and the reference dataset. In practice, most of times, it is computationally unfeasible to traverse the complete search space trying all every possible combination to find the best of set of parameters. That is precisely an instance of a combinatorial problem which is suitable for being solved by metaheuristics and evolutionary computation techniques. In this work, we introduce EvoPER, an R package for simplifying the parameter estimation using evolutionary computation methods.",Artificial Intelligence
"A chatbot that converses like a human should be goal-oriented (i.e., be purposeful in conversation), which is beyond language generation. However, existing dialogue systems often heavily rely on cumbersome hand-crafted rules or costly labelled datasets to reach the goals. In this paper, we propose Goal-oriented Chatbots (GoChat), a framework for end-to-end training chatbots to maximize the longterm return from offline multi-turn dialogue datasets. Our framework utilizes hierarchical reinforcement learning (HRL), where the high-level policy guides the conversation towards the final goal by determining some sub-goals, and the low-level policy fulfills the sub-goals by generating the corresponding utterance for response. In our experiments on a real-world dialogue dataset for anti-fraud in financial, our approach outperforms previous methods on both the quality of response generation as well as the success rate of accomplishing the goal.",Artificial Intelligence
"In a landmark paper published in 2001, Leo Breiman described the tense standoff between two cultures of data modeling: parametric statistical and algorithmic machine learning. The cultural division between these two statistical learning frameworks has been growing at a steady pace in recent years. What is the way forward? It has become blatantly obvious that this widening gap between ""the two cultures"" cannot be averted unless we find a way to blend them into a coherent whole. This article presents a solution by establishing a link between the two cultures. Through examples, we describe the challenges and potential gains of this new integrated statistical thinking.",Artificial Intelligence
"As recommender systems have become more widespread and moved into areas with greater social impact, such as employment and housing, researchers have begun to seek ways to ensure fairness in the results that such systems produce. This work has primarily focused on developing recommendation approaches in which fairness metrics are jointly optimized along with recommendation accuracy. However, the previous work had largely ignored how individual preferences may limit the ability of an algorithm to produce fair recommendations. Furthermore, with few exceptions, researchers have only considered scenarios in which fairness is measured relative to a single sensitive feature or attribute (such as race or gender). In this paper, we present a re-ranking approach to fairness-aware recommendation that learns individual preferences across multiple fairness dimensions and uses them to enhance provider fairness in recommendation results. Specifically, we show that our opportunistic and metric-agnostic approach achieves a better trade-off between accuracy and fairness than prior re-ranking approaches and does so across multiple fairness dimensions.",Artificial Intelligence
"LWF chain graphs combine directed acyclic graphs and undirected graphs. We present a PC-like algorithm that finds the structure of chain graphs under the faithfulness assumption to resolve the problem of scalability of the proposed algorithm by Studeny (1997). We prove that our PC-like algorithm is order dependent, in the sense that the output can depend on the order in which the variables are given. This order dependence can be very pronounced in high-dimensional settings. We propose two modifications of the PC-like algorithm that remove part or all of this order dependence. Simulation results under a variety of settings demonstrate the competitive performance of the PC-like algorithms in comparison with the decomposition-based method, called LCD algorithm, proposed by Ma et al. (2008) in low-dimensional settings and improved performance in high-dimensional settings.",Artificial Intelligence
"Recently, neural network based dialogue systems have become ubiquitous in our increasingly digitalized society. However, due to their inherent opaqueness, some recently raised concerns about using neural models are starting to be taken seriously. In fact, intentional or unintentional behaviors could lead to a dialogue system to generate inappropriate responses. Thus, in this paper, we investigate whether we can learn to craft input sentences that result in a black-box neural dialogue model being manipulated into having its outputs contain target words or match target sentences. We propose a reinforcement learning based model that can generate such desired inputs automatically. Extensive experiments on a popular well-trained state-of-the-art neural dialogue model show that our method can successfully seek out desired inputs that lead to the target outputs in a considerable portion of cases. Consequently, our work reveals the potential of neural dialogue models to be manipulated, which inspires and opens the door towards developing strategies to defend them.",Artificial Intelligence
"Intelligent services provide the power of AI to developers via simple RESTful API endpoints, abstracting away many complexities of machine learning. However, most of these intelligent services-such as computer vision-continually learn with time. When the internals within the abstracted 'black box' become hidden and evolve, pitfalls emerge in the robustness of applications that depend on these evolving services. Without adapting the way developers plan and construct projects reliant on intelligent services, significant gaps and risks result in both project planning and development. Therefore, how can software engineers best mitigate software evolution risk moving forward, thereby ensuring that their own applications maintain quality? Our proposal is an architectural tactic designed to improve intelligent service-dependent software robustness. The tactic involves creating an application-specific benchmark dataset baselined against an intelligent service, enabling evolutionary behaviour changes to be mitigated. A technical evaluation of our implementation of this architecture demonstrates how the tactic can identify 1,054 cases of substantial confidence evolution and 2,461 cases of substantial changes to response label sets using a dataset consisting of 331 images that evolve when sent to a service.",Artificial Intelligence
"Recent work in cognitive science has uncovered a diversity of explanatory values, or dimensions along which we judge explanations as better or worse. We propose a Bayesian account of how these values fit together to guide explanation. The resulting taxonomy provides a set of predictors for which explanations people prefer and shows how core values from psychology, statistics, and the philosophy of science emerge from a common mathematical framework. In addition to operationalizing the explanatory virtues associated with, for example, scientific argument-making, this framework also enables us to reinterpret the explanatory vices that drive conspiracy theories, delusions, and extremist ideologies.",Artificial Intelligence
"There has been growing attention on fairness considerations recently, especially in the context of intelligent decision making systems. Explainable recommendation systems, in particular, may suffer from both explanation bias and performance disparity. In this paper, we analyze different groups of users according to their level of activity, and find that bias exists in recommendation performance between different groups. We show that inactive users may be more susceptible to receiving unsatisfactory recommendations, due to insufficient training data for the inactive users, and that their recommendations may be biased by the training records of more active users, due to the nature of collaborative filtering, which leads to an unfair treatment by the system. We propose a fairness constrained approach via heuristic re-ranking to mitigate this unfairness problem in the context of explainable recommendation over knowledge graphs. We experiment on several real-world datasets with state-of-the-art knowledge graph-based explainable recommendation algorithms. The promising results show that our algorithm is not only able to provide high-quality explainable recommendations, but also reduces the recommendation unfairness in several respects.",Artificial Intelligence
"Concrete domains, especially those that allow to compare features with numeric values, have long been recognized as a very desirable extension of description logics (DLs), and significant efforts have been invested into adding them to usual DLs while keeping the complexity of reasoning in check. For expressive DLs and in the presence of general TBoxes, for standard reasoning tasks like consistency, the most general decidability results are for the so-called $ω$-admissible domains, which are required to be dense. Supporting non-dense domains for features that range over integers or natural numbers remained largely open, despite often being singled out as a highly desirable extension. The decidability of some extensions of $\mathcal{ALC}$ with non-dense domains has been shown, but existing results rely on powerful machinery that does not allow to infer any elementary bounds on the complexity of the problem. In this paper, we study an extension of $\mathcal{ALC}$ with a rich integer domain that allows for comparisons (between features, and between features and constants coded in unary), and prove that consistency can be solved using automata-theoretic techniques in single exponential time, and thus has no higher worst-case complexity than standard $\mathcal{ALC}$. Our upper bounds apply to some extensions of DLs with concrete domains known from the literature, support general TBoxes, and allow for comparing values along paths of ordinary (not necessarily functional) roles.",Artificial Intelligence
"Semantic Web technologies offer the prospect of significantly reducing the amount of effort required to integrate existing enterprise functionality in support of new composite processes; whether within a given organization or across multiple ones. A significant body of work in this area has aimed to fully automate this process, while assuming that all functionality has already been encapsulated in the form of semantic web services with rich and accurate annotations. In this article, we argue that this assumption is often unrealistic. Instead, we describe a mixed initiative framework for semantic web service discovery and composition that aims at flexibly interleaving human decision making and automated functionality in environments where annotations may be incomplete and even inconsistent.",Artificial Intelligence
"An approach of mobile multi-agent pursuit based on application of self-organizing feature map (SOFM) and along with that reinforcement learning based on agent group role membership function (AGRMF) model is proposed. This method promotes dynamic organization of the pursuers' groups and also makes pursuers' group evader according to their desire based on SOFM and AGRMF techniques. This helps to overcome the shortcomings of the pursuers that they cannot fully reorganize when the goal is too independent in process of AGRMF models operation. Besides, we also discuss a new reward function. After the formation of the group, reinforcement learning is applied to get the optimal solution for each agent. The results of each step in capturing process will finally affect the AGR membership function to speed up the convergence of the competitive neural network. The experiments result shows that this approach is more effective for the mobile agents to capture evaders.",Artificial Intelligence
"A fundamental challenge in reinforcement learning is to learn policies that generalize beyond the operating domains experienced during training. In this paper, we approach this challenge through the following invariance principle: an agent must find a representation such that there exists an action-predictor built on top of this representation that is simultaneously optimal across all training domains. Intuitively, the resulting invariant policy enhances generalization by finding causes of successful actions. We propose a novel learning algorithm, Invariant Policy Optimization (IPO), that implements this principle and learns an invariant policy during training. We compare our approach with standard policy gradient methods and demonstrate significant improvements in generalization performance on unseen domains for linear quadratic regulator and grid-world problems, and an example where a robot must learn to open doors with varying physical properties.",Artificial Intelligence
"Safe-interval path planning (SIPP) is a powerful algorithm for finding a path in the presence of dynamic obstacles. SIPP returns provably optimal solutions. However, in many practical applications of SIPP such as path planning for robots, one would like to trade-off optimality for shorter planning time. In this paper we explore different ways to build a bounded-suboptimal SIPP and discuss their pros and cons. We compare the different bounded-suboptimal versions of SIPP experimentally. While there is no universal winner, the results provide insights into when each method should be used.",Artificial Intelligence
"Design rule checking (DRC) is getting increasingly complex in advanced nodes technologies. It would be highly desirable to have a fast interactive DRC engine that could be used during layout. In this work, we establish the proof of feasibility for such an engine. The proposed model consists of a convolutional neural network (CNN) trained to detect DRC violations. The model was trained with artificial data that was derived from a set of $50$ SRAM designs. The focus in this demonstration was metal 1 rules. Using this solution, we can detect multiple DRC violations 32x faster than Boolean checkers with an accuracy of up to 92. The proposed solution can be easily expanded to a complete rule set.",Machine Learning
"Anomaly detection is a key application of machine learning, but is generally focused on the detection of outlying samples in the low probability density regions of data. Here we instead present and motivate a method for unsupervised in-distribution anomaly detection using a conditional density estimator, designed to find unique, yet completely unknown, sets of samples residing in high probability density regions. We apply this method towards the detection of new physics in simulated Large Hadron Collider (LHC) particle collisions as part of the 2020 LHC Olympics blind challenge, and show how we detected a new particle appearing in only 0.08% of 1 million collision events. The results we present are our original blind submission to the 2020 LHC Olympics, where it achieved the state-of-the-art performance.",Machine Learning
"The increased reliance on the Internet and the corresponding surge in connectivity demand has led to a significant growth in Internet-of-Things (IoT) devices. The continued deployment of IoT devices has in turn led to an increase in network attacks due to the larger number of potential attack surfaces as illustrated by the recent reports that IoT malware attacks increased by 215.7% from 10.3 million in 2017 to 32.7 million in 2018. This illustrates the increased vulnerability and susceptibility of IoT devices and networks. Therefore, there is a need for proper effective and efficient attack detection and mitigation techniques in such environments. Machine learning (ML) has emerged as one potential solution due to the abundance of data generated and available for IoT devices and networks. Hence, they have significant potential to be adopted for intrusion detection for IoT environments. To that end, this paper proposes an optimized ML-based framework consisting of a combination of Bayesian optimization Gaussian Process (BO-GP) algorithm and decision tree (DT) classification model to detect attacks on IoT devices in an effective and efficient manner. The performance of the proposed framework is evaluated using the Bot-IoT-2018 dataset. Experimental results show that the proposed optimized framework has a high detection accuracy, precision, recall, and F-score, highlighting its effectiveness and robustness for the detection of botnet attacks in IoT environments.",Machine Learning
"Clinical coding is an administrative process that involves the translation of diagnostic data from episodes of care into a standard code format such as ICD10. It has many critical applications such as billing and aetiology research. The automation of clinical coding is very challenging due to data sparsity, low interoperability of digital health systems, complexity of real-life diagnosis coupled with the huge size of ICD10 code space. Related work suffer from low applicability due to reliance on many data sources, inefficient modelling and less generalizable solutions. We propose a novel collaborative residual learning based model to automatically predict ICD10 codes employing only prescriptions data. Extensive experiments were performed on two real-world clinical datasets (outpatient & inpatient) from Maharaj Nakorn Chiang Mai Hospital with real case-mix distributions. We obtain multi-label classification accuracy of 0.71 and 0.57 of average precision, 0.57 and 0.38 of F1-score and 0.73 and 0.44 of accuracy in predicting principal diagnosis for inpatient and outpatient datasets respectively.",Machine Learning
"The translation of medical diagnosis to clinical coding has wide range of applications in billing, aetiology analysis, and auditing. Currently, coding is a manual effort while the automation of such task is not straight forward. Among the challenges are the messy and noisy clinical records, case complexities, along with the huge ICD10 code space. Previous work mainly relied on discharge notes for prediction and was applied to a very limited data scale. We propose an ensemble model incorporating multiple clinical data sources for accurate code predictions. We further propose an assessment mechanism to provide confidence rates in predicted outcomes. Extensive experiments were performed on two new real-world clinical datasets (inpatient & outpatient) with unaltered case-mix distributions from Maharaj Nakorn Chiang Mai Hospital. We obtain multi-label classification accuracies of 0.73 and 0.58 for average precision, 0.56 and 0.35 for F1-scores and 0.71 and 0.4 accuracy in predicting principal diagnosis for inpatient and outpatient datasets respectively.",Machine Learning
"In this paper, we point out that differential architecture search (DARTS) makes gradient of architecture parameters biased for network weights and architecture parameters are updated in different datasets alternatively in the bi-level optimization framework. The bias causes the architecture parameters of non-learnable operations to surpass that of learnable operations. Moreover, using softmax as architecture parameters' activation function and inappropriate learning rate would exacerbate the bias. As a result, it's frequently observed that non-learnable operations are dominated in the search phase. To reduce the bias, we propose to use single-level to replace bi-level optimization and non-competitive activation function like sigmoid to replace softmax. As a result, we could search high-performance architectures steadily. Experiments on NAS Benchmark 201 validate our hypothesis and stably find out nearly the optimal architecture. On DARTS space, we search the state-of-the-art architecture with 77.0% top1 accuracy (training setting follows PDARTS and without any additional module) on ImageNet-1K and steadily search architectures up-to 76.5% top1 accuracy (but not select the best from the searched architectures) which is comparable with current reported best result.",Machine Learning
"Higher-order proximity (HOP) is fundamental for most network embedding methods due to its significant effects on the quality of node embedding and performance on downstream network analysis tasks. Most existing HOP definitions are based on either homophily to place close and highly interconnected nodes tightly in embedding space or heterophily to place distant but structurally similar nodes together after embedding. In real-world networks, both can co-exist, and thus considering only one could limit the prediction performance and interpretability. However, there is no general and universal solution that takes both into consideration. In this paper, we propose such a simple yet powerful framework called homophily and heterophliy preserving network transformation (H2NT) to capture HOP that flexibly unifies homophily and heterophily. Specifically, H2NT utilises motif representations to transform a network into a new network with a hybrid assumption via micro-level and macro-level walk paths. H2NT can be used as an enhancer to be integrated with any existing network embedding methods without requiring any changes to latter methods. Because H2NT can sparsify networks with motif structures, it can also improve the computational efficiency of existing network embedding methods when integrated. We conduct experiments on node classification, structural role classification and motif prediction to show the superior prediction performance and computational efficiency over state-of-the-art methods. In particular, DeepWalk-based H2 NT achieves 24% improvement in terms of precision on motif prediction, while reducing 46% computational time compared to the original DeepWalk.",Machine Learning
"Spurious correlations threaten the validity of statistical classifiers. While model accuracy may appear high when the test data is from the same distribution as the training data, it can quickly degrade when the test distribution changes. For example, it has been shown that classifiers perform poorly when humans make minor modifications to change the label of an example. One solution to increase model reliability and generalizability is to identify causal associations between features and classes. In this paper, we propose to train a robust text classifier by augmenting the training data with automatically generated counterfactual data. We first identify likely causal features using a statistical matching approach. Next, we generate counterfactual samples for the original training data by substituting causal features with their antonyms and then assigning opposite labels to the counterfactual samples. Finally, we combine the original data and counterfactual data to train a robust classifier. Experiments on two classification tasks show that a traditional classifier trained on the original data does very poorly on human-generated counterfactual samples (e.g., 10%-37% drop in accuracy). However, the classifier trained on the combined data is more robust and performs well on both the original test data and the counterfactual test data (e.g., 12%-25% increase in accuracy compared with the traditional classifier). Detailed analysis shows that the robust classifier makes meaningful and trustworthy predictions by emphasizing causal features and de-emphasizing non-causal features.",Machine Learning
"With the enhancement of Machine Learning, many tools are being designed to assist developers to easily create their Machine Learning models. In this paper, we propose a novel method for auto creation of such custom models for constraint devices using transfer learning without the need to write any machine learning code. We share the architecture of our automatic model creation tool and the CNN Model created by it using pretrained models such as YAMNet and MobileNetV2 as feature extractors. Finally, we demonstrate accuracy and memory footprint of the model created from the tool by creating an Automatic Image and Audio classifier and report the results of our experiments using Stanford Cars and ESC-50 dataset.",Machine Learning
"There is an urgent need to build models to tackle Indoor Air Quality issue. Since the model should be accurate and fast, Reduced Order Modelling technique is used to reduce the dimensionality of the problem. The accuracy of the model, that represent a dynamic system, is improved integrating real data coming from sensors using Data Assimilation techniques. In this paper, we formulate a new methodology called Latent Assimilation that combines Data Assimilation and Machine Learning. We use a Convolutional neural network to reduce the dimensionality of the problem, a Long-Short-Term-Memory to build a surrogate model of the dynamic system and an Optimal Interpolated Kalman Filter to incorporate real data. Experimental results are provided for CO2 concentration within an indoor space. This methodology can be used for example to predict in real-time the load of virus, such as the SARS-COV-2, in the air by linking it to the concentration of CO2.",Machine Learning
"Deep neural Network (DNN) is becoming a focal point in Machine Learning research. Its application is penetrating into different fields and solving intricate and complex problems. DNN is now been applied in health image processing to detect various ailment such as cancer and diabetes. Another disease that is causing threat to our health is the kidney disease. This disease is becoming prevalent due to substances and elements we intake. Death is imminent and inevitable within few days without at least one functioning kidney. Ignoring the kidney malfunction can cause chronic kidney disease leading to death. Frequently, Chronic Kidney Disease (CKD) and its symptoms are mild and gradual, often go unnoticed for years only to be realized lately. Bade, a Local Government of Yobe state in Nigeria has been a center of attention by medical practitioners due to the prevalence of CKD. Unfortunately, a technical approach in culminating the disease is yet to be attained. We obtained a record of 400 patients with 10 attributes as our dataset from Bade General Hospital. We used DNN model to predict the absence or presence of CKD in the patients. The model produced an accuracy of 98%. Furthermore, we identified and highlighted the Features importance to provide the ranking of the features used in the prediction of the CKD. The outcome revealed that two attributes; Creatinine and Bicarbonate have the highest influence on the CKD prediction.",Machine Learning
"The 5G vehicle-to-everything (V2X) communication for autonomous and semi-autonomous driving utilizes the wireless technology for communication and the Millimeter Wave bands are widely implemented in this kind of vehicular network application. The main purpose of this paper is to broadcast the messages from the mmWave Base Station to vehicles at LOS (Line-of-sight) and NLOS (Non-LOS). Relay using Machine Learning (RML) algorithm is formulated to train the mmBS for identifying the blockages within its coverage area and broadcast the messages to the vehicles at NLOS using a LOS nodes as a relay. The transmission of information is faster with higher throughput and it covers a wider bandwidth which is reused, therefore when performing machine learning within the coverage area of mmBS most of the vehicles in NLOS can be benefited. A unique method of relay mechanism combined with machine learning is proposed to communicate with mobile nodes at NLOS.",Machine Learning
"Langevin algorithms are gradient descent methods with additive noise. They have been used for decades in Markov chain Monte Carlo (MCMC) sampling, optimization, and learning. Their convergence properties for unconstrained non-convex optimization and learning problems have been studied widely in the last few years. Other work has examined projected Langevin algorithms for sampling from log-concave distributions restricted to convex compact sets. For learning and optimization, log-concave distributions correspond to convex losses. In this paper, we analyze the case of non-convex losses with compact convex constraint sets and IID external data variables. We term the resulting method the projected stochastic gradient Langevin algorithm (PSGLA). We show the algorithm achieves a deviation of $O(T^{-1/4}(\log T)^{1/2})$ from its target distribution in 1-Wasserstein distance. For optimization and learning, we show that the algorithm achieves $ε$-suboptimal solutions, on average, provided that it is run for a time that is polynomial in $ε^{-1}$ and slightly super-exponential in the problem dimension.",Machine Learning
"There is very little notable research on generating descriptions of the Bengali language. About 243 million people speak in Bengali, and it is the 7th most spoken language on the planet. The purpose of this research is to propose a CNN and Bidirectional GRU based architecture model that generates natural language captions in the Bengali language from an image. Bengali people can use this research to break the language barrier and better understand each other's perspectives. It will also help many blind people with their everyday lives. This paper used an encoder-decoder approach to generate captions. We used a pre-trained Deep convolutional neural network (DCNN) called InceptonV3image embedding model as the encoder for analysis, classification, and annotation of the dataset's images Bidirectional Gated Recurrent unit (BGRU) layer as the decoder to generate captions. Argmax and Beam search is used to produce the highest possible quality of the captions. A new dataset called BNATURE is used, which comprises 8000 images with five captions per image. It is used for training and testing the proposed model. We obtained BLEU-1, BLEU-2, BLEU-3, BLEU-4 and Meteor is 42.6, 27.95, 23, 66, 16.41, 28.7 respectively.",Machine Learning
"Safe and high-speed navigation is a key enabling capability for real world deployment of robotic systems. A significant limitation of existing approaches is the computational bottleneck associated with explicit mapping and the limited field of view (FOV) of existing sensor technologies. In this paper, we study algorithmic approaches that allow the robot to predict spaces extending beyond the sensor horizon for robust planning at high speeds. We accomplish this using a generative neural network trained from real-world data without requiring human annotated labels. Further, we extend our existing control algorithms to support leveraging the predicted spaces to improve collision-free planning and navigation at high speeds. Our experiments are conducted on a physical robot based on the MIT race car using an RGBD sensor where were able to demonstrate improved performance at 4 m/s compared to a controller not operating on predicted regions of the map.",Machine Learning
"Domain adaptation helps transfer the knowledge gained from a labeled source domain to an unlabeled target domain. During the past few years, different domain adaptation techniques have been published. One common flaw of these approaches is that while they might work well on one input type, such as images, their performance drops when applied to others, such as text or time-series. In this paper, we introduce Proportional Progressive Pseudo Labeling (PPPL), a simple, yet effective technique that can be implemented in a few lines of code to build a more general domain adaptation technique that can be applied on several different input types. At the beginning of the training phase, PPPL progressively reduces target domain classification error, by training the model directly with pseudo-labeled target domain samples, while excluding samples with more likely wrong pseudo-labels from the training set and also postponing training on such samples. Experiments on 6 different datasets that include tasks such as anomaly detection, text sentiment analysis and image classification demonstrate that PPPL can beat other baselines and generalize better.",Machine Learning
"The surface roughness between the wheel and rail has a huge influence on rolling noise level. The presence of the third body such as frost or grease at wheel-rail interface contributes towards change in adhesion coefficient resulting in the generation of noise at various levels. Therefore, it is possible to estimate adhesion conditions between the wheel and rail from the analysis of noise patterns originating from wheel-rail interaction. In this study, a new approach to estimate adhesion condition is proposed which takes rolling noise as input.",Machine Learning
"We provide a simple method to combine stochastic bandit algorithms. Our approach is based on a ""meta-UCB"" procedure that treats each of $N$ individual bandit algorithms as arms in a higher-level $N$-armed bandit problem that we solve with a variant of the classic UCB algorithm. Our final regret depends only on the regret of the base algorithm with the best regret in hindsight. This approach provides an easy and intuitive alternative strategy to the CORRAL algorithm for adversarial bandits, without requiring the stability conditions imposed by CORRAL on the base algorithms. Our results match lower bounds in several settings, and we provide empirical validation of our algorithm on misspecified linear bandit and model selection problems.",Machine Learning
"This work tackles the target detection problem through the well-known global RX method. The RX method models the clutter as a multivariate Gaussian distribution, and has been extended to nonlinear distributions using kernel methods. While the kernel RX can cope with complex clutters, it requires a considerable amount of computational resources as the number of clutter pixels gets larger. Here we propose random Fourier features to approximate the Gaussian kernel in kernel RX and consequently our development keep the accuracy of the nonlinearity while reducing the computational cost which is now controlled by an hyperparameter. Results over both synthetic and real-world image target detection problems show space and time efficiency of the proposed method while providing high detection performance.",Machine Learning
"Data center downtime typically centers around IT equipment failure. Storage devices are the most frequently failing components in data centers. We present a comparative study of hard disk drives (HDDs) and solid state drives (SSDs) that constitute the typical storage in data centers. Using a six-year field data of 100,000 HDDs of different models from the same manufacturer from the BackBlaze dataset and a six-year field data of 30,000 SSDs of three models from a Google data center, we characterize the workload conditions that lead to failures and illustrate that their root causes differ from common expectation but remain difficult to discern. For the case of HDDs we observe that young and old drives do not present many differences in their failures. Instead, failures may be distinguished by discriminating drives based on the time spent for head positioning. For SSDs, we observe high levels of infant mortality and characterize the differences between infant and non-infant failures. We develop several machine learning failure prediction models that are shown to be surprisingly accurate, achieving high recall and low false positive rates. These models are used beyond simple prediction as they aid us to untangle the complex interaction of workload characteristics that lead to failures and identify failure root causes from monitored symptoms.",Machine Learning
"To quantify how well natural language understanding models can capture consistency in a general conversation, we introduce the DialoguE COntradiction DEtection task (DECODE) and a new conversational dataset containing both human-human and human-bot contradictory dialogues. We then compare a structured utterance-based approach of using pre-trained Transformer models for contradiction detection with the typical unstructured approach. Results reveal that: (i) our newly collected dataset is notably more effective at providing supervision for the dialogue contradiction detection task than existing NLI data including those aimed to cover the dialogue domain; (ii) the structured utterance-based approach is more robust and transferable on both analysis and out-of-distribution dialogues than its unstructured counterpart. We also show that our best contradiction detection model correlates well with human judgments and further provide evidence for its usage in both automatically evaluating and improving the consistency of state-of-the-art generative chatbots.",Machine Learning
"We study the interplay of fairness, welfare, and equity considerations in personalized pricing based on customer features. Sellers are increasingly able to conduct price personalization based on predictive modeling of demand conditional on covariates: setting customized interest rates, targeted discounts of consumer goods, and personalized subsidies of scarce resources with positive externalities like vaccines and bed nets. These different application areas may lead to different concerns around fairness, welfare, and equity on different objectives: price burdens on consumers, price envy, firm revenue, access to a good, equal access, and distributional consequences when the good in question further impacts downstream outcomes of interest. We conduct a comprehensive literature review in order to disentangle these different normative considerations and propose a taxonomy of different objectives with mathematical definitions. We focus on observational metrics that do not assume access to an underlying valuation distribution which is either unobserved due to binary feedback or ill-defined due to overriding behavioral concerns regarding interpreting revealed preferences. In the setting of personalized pricing for the provision of goods with positive benefits, we discuss how price optimization may provide unambiguous benefit by achieving a ""triple bottom line"": personalized pricing enables expanding access, which in turn may lead to gains in welfare due to heterogeneous utility, and improve revenue or budget utilization. We empirically demonstrate the potential benefits of personalized pricing in two settings: pricing subsidies for an elective vaccine, and the effects of personalized interest rates on downstream outcomes in microcredit.",Machine Learning
"Graph Neural Networks (GNNs) are widely used in graph representation learning. However, most GNN methods are designed for either homogeneous or heterogeneous graphs. In this paper, we propose a new model, Hop-Hop Relation-aware Graph Neural Network (HHR-GNN), to unify representation learning for these two types of graphs. HHR-GNN learns a personalized receptive field for each node by leveraging knowledge graph embedding to learn relation scores between the central node's representations at different hops. In neighborhood aggregation, our model simultaneously allows for hop-aware projection and aggregation. This mechanism enables the central node to learn a hop-wise neighborhood mixing that can be applied to both homogeneous and heterogeneous graphs. Experimental results on five benchmarks show the competitive performance of our model compared to state-of-the-art GNNs, e.g., up to 13K faster in terms of time cost per training epoch on large heterogeneous graphs.",Machine Learning
"Personalized fall detection system is shown to provide added and more benefits compare to the current fall detection system. The personalized model can also be applied to anything where one class of data is hard to gather. The results show that adapting to the user needs, improve the overall accuracy of the system. Future work includes detection of the smartphone on the user so that the user can place the system anywhere on the body and make sure it detects. Even though the accuracy is not 100% the proof of concept of personalization can be used to achieve greater accuracy. The concept of personalization used in this paper can also be extended to other research in the medical field or where data is hard to come by for a particular class. More research into the feature extraction and feature selection module should be investigated. For the feature selection module, more research into selecting features based on one class data.",Machine Learning
"Estimating the entropy of a discrete random variable is a fundamental problem in information theory and related fields. This problem has many applications in various domains, including machine learning, statistics and data compression. Over the years, a variety of estimation schemes have been suggested. However, despite significant progress, most methods still struggle when the sample is small, compared to the variable's alphabet size. In this work, we introduce a practical solution to this problem, which extends the work of McAllester and Statos (2020). The proposed scheme uses the generalization abilities of cross-entropy estimation in deep neural networks (DNNs) to introduce improved entropy estimation accuracy. Furthermore, we introduce a family of estimators for related information-theoretic measures, such as conditional entropy and mutual information. We show that these estimators are strongly consistent and demonstrate their performance in a variety of use-cases. First, we consider large alphabet entropy estimation. Then, we extend the scope to mutual information estimation. Next, we apply the proposed scheme to conditional mutual information estimation, as we focus on independence testing tasks. Finally, we study a transfer entropy estimation problem. The proposed estimators demonstrate improved performance compared to existing methods in all tested setups.",Machine Learning
"Most prominent research today addresses compliance with data protection laws through consumer-centric and public-regulatory approaches. We shift this perspective with the Privatech project to focus on corporations and law firms as agents of compliance. To comply with data protection laws, data processors must implement accountability measures to assess and document compliance in relation to both privacy documents and privacy practices. In this paper, we survey, on the one hand, current research on GDPR automation, and on the other hand, the operational challenges corporations face to comply with GDPR, and that may benefit from new forms of automation. We attempt to bridge the gap. We provide a roadmap for compliance assessment and generation by identifying compliance issues, breaking them down into tasks that can be addressed through machine learning and automation, and providing notes about related developments in the Privatech project.",Machine Learning
"Wireless Virtual Reality (VR) users are able to enjoy immersive experience from anywhere at anytime. However, providing full spherical VR video with high quality under limited VR interaction latency is challenging. If the viewpoint of the VR user can be predicted in advance, only the required viewpoint is needed to be rendered and delivered, which can reduce the VR interaction latency. Therefore, in this paper, we use offline and online learning algorithms to predict viewpoint of the VR user using real VR dataset. For the offline learning algorithm, the trained learning model is directly used to predict the viewpoint of VR users in continuous time slots. While for the online learning algorithm, based on the VR user's actual viewpoint delivered through uplink transmission, we compare it with the predicted viewpoint and update the parameters of the online learning algorithm to further improve the prediction accuracy. To guarantee the reliability of the uplink transmission, we integrate the Proactive retransmission scheme into our proposed online learning algorithm. Simulation results show that our proposed online learning algorithm for uplink wireless VR network with the proactive retransmission scheme only exhibits about 5% prediction error.",Machine Learning
"Learn in-situ is a growing trend for Edge AI. Training deep neural network (DNN) on edge devices is challenging because both energy and memory are constrained. Low precision training helps to reduce the energy cost of a single training iteration, but that does not necessarily translate to energy savings for the whole training process, because low precision could slows down the convergence rate. One evidence is that most works for low precision training keep an fp32 copy of the model during training, which in turn imposes memory requirements on edge devices. In this work we propose Adaptive Precision Training. It is able to save both total training energy cost and memory usage at the same time. We use model of the same precision for both forward and backward pass in order to reduce memory usage for training. Through evaluating the progress of training, APT allocates layer-wise precision dynamically so that the model learns quicker for longer time. APT provides an application specific hyper-parameter for users to play trade-off between training energy cost, memory usage and accuracy. Experiment shows that APT achieves more than 50% saving on training energy and memory usage with limited accuracy loss. 20% more savings of training energy and memory usage can be achieved in return for a 1% sacrifice in accuracy loss.",Machine Learning
"The novel Coronavirus disease, COVID-19, has rapidly and abruptly changed the world as we knew in 2020. It becomes the most unprecedent challenge to analytic epidemiology in general and signal processing theories in specific. Given its high contingency nature and adverse effects across the world, it is important to develop efficient processing/learning models to overcome this pandemic and be prepared for potential future ones. In this regard, medical imaging plays an important role for the management of COVID-19. Human-centered interpretation of medical images is, however, tedious and can be subjective. This has resulted in a surge of interest to develop Radiomics models for analysis and interpretation of medical images. Signal Processing (SP) and Deep Learning (DL) models can assist in development of robust Radiomics solutions for diagnosis/prognosis, severity assessment, treatment response, and monitoring of COVID-19 patients. In this article, we aim to present an overview of the current state, challenges, and opportunities of developing SP/DL-empowered models for diagnosis (screening/monitoring) and prognosis (outcome prediction and severity assessment) of COVID-19 infection. More specifically, the article starts by elaborating the latest development on the theoretical framework of analytic epidemiology and hypersignal processing for COVID-19. Afterwards, imaging modalities and Radiological characteristics of COVID-19 are discussed. SL/DL-based Radiomic models specific to the analysis of COVID-19 infection are then described covering the following four domains: Segmentation of COVID-19 lesions; Predictive models for outcome prediction; Severity assessment, and; Diagnosis/classification models. Finally, open problems and opportunities are presented in detail.",Machine Learning
"While there has been a flurry of research in algorithmic fairness, what is less recognized is that modern antidiscrimination law may prohibit the adoption of such techniques. We make three contributions. First, we discuss how such approaches will likely be deemed ""algorithmic affirmative action,"" posing serious legal risks of violating equal protection, particularly under the higher education jurisprudence. Such cases have increasingly turned toward anticlassification, demanding ""individualized consideration"" and barring formal, quantitative weights for race regardless of purpose. This case law is hence fundamentally incompatible with fairness in machine learning. Second, we argue that the government-contracting cases offer an alternative grounding for algorithmic fairness, as these cases permit explicit and quantitative race-based remedies based on historical discrimination by the actor. Third, while limited, this doctrinal approach also guides the future of algorithmic fairness, mandating that adjustments be calibrated to the entity's responsibility for historical discrimination causing present-day disparities. The contractor cases provide a legally viable path for algorithmic fairness under current constitutional doctrine but call for more research at the intersection of algorithmic fairness and causal inference to ensure that bias mitigation is tailored to specific causes and mechanisms of bias.",Machine Learning
"In this letter, we present a novel low-complexity adaptive beamforming technique using a stochastic gradient algorithm to avoid matrix inversions. The proposed method exploits algorithms based on the maximum entropy power spectrum (MEPS) to estimate the noise-plus-interference covariance matrix (MEPS-NPIC) so that the beamforming weights are updated adaptively, thus greatly reducing the computational complexity. MEPS is further used to reconstruct the desired signal covariance matrix and to improve the estimate of the desired signals's steering vector (SV). Simulations show the superiority of the proposed MEPS-NPIC approach over previously proposed beamformers.",Machine Learning
Bigdata is a dataset of which size is beyond the ability of handling a valuable raw material that can be refined and distilled into valuable specific insights. Compact data is a method that optimizes the big dataset that gives best assets without handling complex bigdata. The compact dataset contains the maximum knowledge patterns at fine grained level for effective and personalized utilization of bigdata systems without bigdata. The compact data method is a tailor-made design which depends on problem situations. Various compact data techniques have been demonstrated into various data-driven research area in the paper.,Machine Learning
"A robot that can operate in novel and unstructured environments must be capable of recognizing new, previously unseen, objects. In this work, a visual cue is used to specify a novel object of interest which must be localized in new environments. An end-to-end neural network equipped with a Siamese network is used to learn the cue, infer the object of interest, and then to localize it in new environments. We show that a simulated robot can pick-and-place novel objects pointed to by a laser pointer. We also evaluate the performance of the proposed approach on a dataset derived from the Omniglot handwritten character dataset and on a small dataset of toys.",Machine Learning
"Recently, Nogueira et al. [2019] proposed a new approach to document expansion based on a neural Seq2Seq model, showing significant improvement on short text retrieval task. However, this approach needs a large amount of in-domain training data. In this paper, we show that this neural document expansion approach can be effectively adapted to standard IR tasks, where labels are scarce and many long documents are present.",Machine Learning
"This work provides a novel interpretation of Markov Decision Processes (MDP) from the online optimization viewpoint. In such an online optimization context, the policy of the MDP is viewed as the decision variable while the corresponding value function is treated as payoff feedback from the environment. Based on this interpretation, we construct a Blackwell game induced by MDP, which bridges the gap among regret minimization, Blackwell approachability theory, and learning theory for MDP. Specifically, from the approachability theory, we propose 1) Blackwell value iteration for offline planning and 2) Blackwell $Q-$learning for online learning in MDP, both of which are shown to converge to the optimal solution. Our theoretical guarantees are corroborated by numerical experiments.",Machine Learning
"Computational prediction of in-hospital mortality in the setting of an intensive care unit can help clinical practitioners to guide care and make early decisions for interventions. As clinical data are complex and varied in their structure and components, continued innovation of modeling strategies is required to identify architectures that can best model outcomes. In this work, we train a Heterogeneous Graph Model (HGM) on Electronic Health Record data and use the resulting embedding vector as additional information added to a Convolutional Neural Network (CNN) model for predicting in-hospital mortality. We show that the additional information provided by including time as a vector in the embedding captures the relationships between medical concepts, lab tests, and diagnoses, which enhances predictive performance. We find that adding HGM to a CNN model increases the mortality prediction accuracy up to 4\%. This framework serves as a foundation for future experiments involving different EHR data types on important healthcare prediction tasks.",Machine Learning
"Generative Adversarial Networks (GANs) have gained momentum for their ability to model image distributions. They learn to emulate the training set and that enables sampling from that domain and using the knowledge learned for useful applications. Several methods proposed enhancing GANs, including regularizing the loss with some feature matching. We seek to push GANs beyond the data in the training and try to explore unseen territory in the image manifold. We first propose a new regularizer for GAN based on K-nearest neighbor (K-NN) selective feature matching to a target set Y in high-level feature space, during the adversarial training of GAN on the base set X, and we call this novel model K-GAN. We show that minimizing the added term follows from cross-entropy minimization between the distributions of GAN and the set Y. Then, We introduce a cascaded framework for GANs that try to address the task of imagining a new distribution that combines the base set X and target set Y by cascading sampling GANs with translation GANs, and we dub the cascade of such GANs as the Imaginative Adversarial Network (IAN). We conduct an objective and subjective evaluation for different IAN setups in the addressed task and show some useful applications for these IANs, like manifold traversing and creative face generation for characters' design in movies or video games.",Machine Learning
"Is cognition a collection of loosely connected functions tuned to different tasks, or can there be a general learning algorithm? If such an hypothetical general algorithm did exist, tuned to our world, could it adapt seamlessly to a world with different laws of nature? We consider the theory that predictive coding is such a general rule, and falsify it for one specific neural architecture known for high-performance predictions on natural videos and replication of human visual illusions: PredNet. Our results show that PredNet's high performance generalizes without retraining on a completely different natural video dataset. Yet PredNet cannot be trained to reach even mediocre accuracy on an artificial video dataset created with the rules of the Game of Life (GoL). We also find that a submodule of PredNet, a Convolutional Neural Network trained alone, reaches perfect accuracy on the GoL while being mediocre for natural videos, showing that PredNet's architecture itself is responsible for both the high performance on natural videos and the loss of performance on the GoL. Just as humans cannot predict the dynamics of the GoL, our results suggest that there might be a trade-off between high performance on sensory inputs with different sets of rules.",Machine Learning
"Synthetic population generation is the process of combining multiple socioeconomic and demographic datasets from different sources and/or granularity levels, and downscaling them to an individual level. Although it is a fundamental step for many data science tasks, an efficient and standard framework is absent. In this study, we propose a multi-stage framework called SynC (Synthetic Population via Gaussian Copula) to fill the gap. SynC first removes potential outliers in the data and then fits the filtered data with a Gaussian copula model to correctly capture dependencies and marginal distributions of sampled survey data. Finally, SynC leverages predictive models to merge datasets into one and then scales them accordingly to match the marginal constraints. We make three key contributions in this work: 1) propose a novel framework for generating individual level data from aggregated data sources by combining state-of-the-art machine learning and statistical techniques, 2) demonstrate its value as a feature engineering tool, as well as an alternative to data collection in situations where gathering is difficult through two real-world datasets, 3) release an easy-to-use framework implementation for reproducibility, and 4) ensure the methodology is scalable at the production level and can easily incorporate new data.",Machine Learning
"Machine learning has made major advances in categorizing objects in images, yet the best algorithms miss important aspects of how people learn and think about categories. People can learn richer concepts from fewer examples, including causal models that explain how members of a category are formed. Here, we explore the limits of this human ability to infer causal ""programs"" -- latent generating processes with nontrivial algorithmic properties -- from one, two, or three visual examples. People were asked to extrapolate the programs in several ways, for both classifying and generating new examples. As a theory of these inductive abilities, we present a Bayesian program learning model that searches the space of programs for the best explanation of the observations. Although variable, people's judgments are broadly consistent with the model and inconsistent with several alternatives, including a pre-trained deep neural network for object recognition, indicating that people can learn and reason with rich algorithmic abstractions from sparse input data.",Machine Learning
"Multi-label classification (MLC) is the task of assigning a set of target labels for a given sample. Modeling the combinatorial label interactions in MLC has been a long-haul challenge. We propose Label Message Passing (LaMP) Neural Networks to efficiently model the joint prediction of multiple labels. LaMP treats labels as nodes on a label-interaction graph and computes the hidden representation of each label node conditioned on the input using attention-based neural message passing. Attention enables LaMP to assign different importance to neighbor nodes per label, learning how labels interact (implicitly). The proposed models are simple, accurate, interpretable, structure-agnostic, and applicable for predicting dense labels since LaMP is incredibly parallelizable. We validate the benefits of LaMP on seven real-world MLC datasets, covering a broad spectrum of input/output types and outperforming the state-of-the-art results. Notably, LaMP enables intuitive interpretation of how classifying each label depends on the elements of a sample and at the same time rely on its interaction with other labels. We provide our code and datasets at https://github.com/QData/LaMP",Machine Learning
"Dropout is commonly used to help reduce overfitting in deep neural networks. Sparsity is a potentially important property of neural networks, but is not explicitly controlled by Dropout-based regularization. In this work, we propose Sparseout a simple and efficient variant of Dropout that can be used to control the sparsity of the activations in a neural network. We theoretically prove that Sparseout is equivalent to an $L_q$ penalty on the features of a generalized linear model and that Dropout is a special case of Sparseout for neural networks. We empirically demonstrate that Sparseout is computationally inexpensive and is able to control the desired level of sparsity in the activations. We evaluated Sparseout on image classification and language modelling tasks to see the effect of sparsity on these tasks. We found that sparsity of the activations is favorable for language modelling performance while image classification benefits from denser activations. Sparseout provides a way to investigate sparsity in state-of-the-art deep learning models. Source code for Sparseout could be found at \url{https://github.com/najeebkhan/sparseout}.",Machine Learning
"This paper provides a new way to improve the efficiency of the REINFORCE training process. We apply it to the task of instance selection in distant supervision. Modeling the instance selection in one bag as a sequential decision process, a reinforcement learning agent is trained to determine whether an instance is valuable or not and construct a new bag with less noisy instances. However unbiased methods, such as REINFORCE, could usually take much time to train. This paper adopts posterior regularization (PR) to integrate some domain-specific rules in instance selection using REINFORCE. As the experiment results show, this method remarkably improves the performance of the relation classifier trained on cleaned distant supervision dataset as well as the efficiency of the REINFORCE training.",Machine Learning
"Virtual Human Simulation has been widely used for different purposes, such as comfort or accessibility analysis. In this paper, we investigate the possibility of using this type of technique to extend the training datasets of pedestrians to be used with machine learning techniques. Our main goal is to verify if Computer Graphics (CG) images of virtual humans with a simplistic rendering can be efficient in order to augment datasets used for training machine learning methods. In fact, from a machine learning point of view, there is a need to collect and label large datasets for ground truth, which sometimes demands manual annotation. In addition, find out images and videos with real people and also provide ground truth of people detection and counting is not trivial. If CG images, which can have a ground truth automatically generated, can also be used as training in machine learning techniques for pedestrian detection and counting, it can certainly facilitate and optimize the whole process of event detection. In particular, we propose to parametrize virtual humans using a data-driven approach. Results demonstrated that using the extended datasets with CG images outperforms the results when compared to only real images sequences.",Machine Learning
"In this work, we define a collaborative and privacy-preserving machine teaching paradigm with multiple distributed teachers. We focus on consensus super teaching. It aims at organizing distributed teachers to jointly select a compact while informative training subset from data hosted by the teachers to make a learner learn better. The challenges arise from three perspectives. First, the state-of-the-art pool-based super teaching method applies mixed-integer non-linear programming (MINLP) which does not scale well to very large data sets. Second, it is desirable to restrict data access of the teachers to only their own data during the collaboration stage to mitigate privacy leaks. Finally, the teaching collaboration should be communication-efficient since large communication overheads can cause synchronization delays between teachers. To address these challenges, we formulate collaborative teaching as a consensus and privacy-preserving optimization process to minimize teaching risk. We theoretically demonstrate the necessity of collaboration between teachers for improving the learner's learning. Furthermore, we show that the proposed method enjoys a similar property as the Oracle property of adaptive Lasso. The empirical study illustrates that our teaching method can deliver significantly more accurate teaching results with high speed, while the non-collaborative MINLP-based super teaching becomes prohibitively expensive to compute.",Machine Learning
"Pattern analysis often requires a pre-processing stage for extracting or selecting features in order to help the classification, prediction, or clustering stage discriminate or represent the data in a better way. The reason for this requirement is that the raw data are complex and difficult to process without extracting or selecting appropriate features beforehand. This paper reviews theory and motivation of different common methods of feature selection and extraction and introduces some of their applications. Some numerical implementations are also shown for these methods. Finally, the methods in feature selection and extraction are compared.",Machine Learning
"Recent work on mode connectivity in the loss landscape of deep neural networks has demonstrated that the locus of (sub-)optimal weight vectors lies on continuous paths. In this work, we train a neural network that serves as a hypernetwork, mapping a latent vector into high-performance (low-loss) weight vectors, generalizing recent findings of mode connectivity to higher dimensional manifolds. We formulate the training objective as a compromise between accuracy and diversity, where the diversity takes into account trivial symmetry transformations of the target network. We demonstrate how to reduce the number of parameters in the hypernetwork by parameter sharing. Once learned, the hypernetwork allows for a computationally efficient, ancestral sampling of neural network weights, which we recruit to form large ensembles. The improvement in classification accuracy obtained by this ensembling indicates that the generated manifold extends in dimensions other than directions implied by trivial symmetries. For computational efficiency, we distill an ensemble into a single classifier while retaining generalization.",Machine Learning
"Electronic health record (EHR) systems are used extensively throughout the healthcare domain. However, data interchangeability between EHR systems is limited due to the use of different coding standards across systems. Existing methods of mapping coding standards based on manual human experts mapping, dictionary mapping, symbolic NLP and classification are unscalable and cannot accommodate large scale EHR datasets. In this work, we present Text2Node, a cross-domain mapping system capable of mapping medical phrases to concepts in a large taxonomy (such as SNOMED CT). The system is designed to generalize from a limited set of training samples and map phrases to elements of the taxonomy that are not covered by training data. As a result, our system is scalable, robust to wording variants between coding systems and can output highly relevant concepts when no exact concept exists in the target taxonomy. Text2Node operates in three main stages: first, the lexicon is mapped to word embeddings; second, the taxonomy is vectorized using node embeddings; and finally, the mapping function is trained to connect the two embedding spaces. We compared multiple algorithms and architectures for each stage of the training, including GloVe and FastText word embeddings, CNN and Bi-LSTM mapping functions, and node2vec for node embeddings. We confirmed the robustness and generalisation properties of Text2Node by mapping ICD-9-CM Diagnosis phrases to SNOMED CT and by zero-shot training at comparable accuracy. This system is a novel methodological contribution to the task of normalizing and linking phrases to a taxonomy, advancing data interchangeability in healthcare. When applied, the system can use electronic health records to generate an embedding that incorporates taxonomical medical knowledge to improve clinical predictive models.",Machine Learning
"Modern e-commerce catalogs contain millions of references, associated with textual and visual information that is of paramount importance for the products to be found via search or browsing. Of particular significance is the book category, where the author name(s) field poses a significant challenge. Indeed, books written by a given author (such as F. Scott Fitzgerald) might be listed with different authors' names in a catalog due to abbreviations and spelling variants and mistakes, among others. To solve this problem at scale, we design a composite system involving open data sources for books as well as machine learning components leveraging deep learning-based techniques for natural language processing. In particular, we use Siamese neural networks for an approximate match with known author names, and direct correction of the provided author's name using sequence-to-sequence learning with neural networks. We evaluate this approach on product data from the e-commerce website Rakuten France, and find that the top proposal of the system is the normalized author name with 72% accuracy.",Machine Learning
"Email has remained a principal form of communication among people, both in enterprise and social settings. With a deluge of emails crowding our mailboxes daily, there is a dire need of smart email systems that can recover important emails and make personalized recommendations. In this work, we study the problem of predicting user triage actions to incoming emails where we take the reply prediction as a working example. Different from existing methods, we formulate the triage action prediction as a recommendation problem and focus on the content-based approach, where the users are represented using the content of current and past emails. We also introduce additional similarity features to further explore the affinities between users and emails. Experiments on the publicly available Avocado email collection demonstrate the advantages of our proposed recommendation framework and our method is able to achieve better performance compared to the state-of-the-art deep recommendation methods. More importantly, we provide valuable insight into the effectiveness of different textual and user representations and show that traditional bag-of-words approaches, with the help from the similarity features, compete favorably with the more advanced neural embedding methods.",Machine Learning
"In this paper, we extend the persona-based sequence-to-sequence (Seq2Seq) neural network conversation model to multi-turn dialogue by modifying the state-of-the-art hredGAN architecture. To achieve this, we introduce an additional input modality into the encoder and decoder of hredGAN to capture other attributes such as speaker identity, location, sub-topics, and other external attributes that might be available from the corpus of human-to-human interactions. The resulting persona hredGAN ($phredGAN$) shows better performance than both the existing persona-based Seq2Seq and hredGAN models when those external attributes are available in a multi-turn dialogue corpus. This superiority is demonstrated on TV drama series with character consistency (such as Big Bang Theory and Friends) and customer service interaction datasets such as Ubuntu dialogue corpus in terms of perplexity, BLEU, ROUGE, and Distinct n-gram scores.",Machine Learning
"Applying neural-networks on Question Answering has gained increasing popularity in recent years. In this paper, I implemented a model with Bi-directional attention flow layer, connected with a Multi-layer LSTM encoder, connected with one start-index decoder and one conditioning end-index decoder. I introduce a new end-index decoder layer, conditioning on start-index output. The Experiment shows this has increased model performance by 15.16%. For prediction, I proposed a new smart-span equation, rewarding both short answer length and high probability in start-index and end-index, which further improved the prediction accuracy. The best single model achieves an F1 score of 73.97% and EM score of 64.95% on test set.",Machine Learning
"Thanks to recent advances in deep neural networks (DNNs), face recognition systems have become highly accurate in classifying a large number of face images. However, recent studies have found that DNNs could be vulnerable to adversarial examples, raising concerns about the robustness of such systems. Adversarial examples that are not restricted to small perturbations could be more serious since conventional certified defenses might be ineffective against them. To shed light on the vulnerability to such adversarial examples, we propose a flexible and efficient method for generating unrestricted adversarial examples using image translation techniques. Our method enables us to translate a source image into any desired facial appearance with large perturbations to deceive target face recognition systems. Our experimental results indicate that our method achieved about $90$ and $80\%$ attack success rates under white- and black-box settings, respectively, and that the translated images are perceptually realistic and maintain the identifiability of the individual while the perturbations are large enough to bypass certified defenses.",Machine Learning
"Federated learning performs distributed model training using local data hosted by agents. It shares only model parameter updates for iterative aggregation at the server. Although it is privacy-preserving by design, federated learning is vulnerable to noise corruption of local agents, as demonstrated in the previous study on adversarial data poisoning threat against federated learning systems. Even a single noise-corrupted agent can bias the model training. In our work, we propose a collaborative and privacy-preserving machine teaching paradigm with multiple distributed teachers, to improve robustness of the federated training process against local data corruption. We assume that each local agent (teacher) have the resources to verify a small portions of trusted instances, which may not by itself be adequate for learning. In the proposed collaborative machine teaching method, these trusted instances guide the distributed agents to jointly select a compact while informative training subset from data hosted by their own. Simultaneously, the agents learn to add changes of limited magnitudes into the selected data instances, in order to improve the testing performances of the federally trained model despite of the training data corruption. Experiments on toy and real data demonstrate that our approach can identify training set bugs effectively and suggest appropriate changes to the labels. Our algorithm is a step toward trustworthy machine learning.",Machine Learning
"The emergence of real-time auction in online advertising has drawn huge attention of modeling the market competition, i.e., bid landscape forecasting. The problem is formulated as to forecast the probability distribution of market price for each ad auction. With the consideration of the censorship issue which is caused by the second-price auction mechanism, many researchers have devoted their efforts on bid landscape forecasting by incorporating survival analysis from medical research field. However, most existing solutions mainly focus on either counting-based statistics of the segmented sample clusters, or learning a parameterized model based on some heuristic assumptions of distribution forms. Moreover, they neither consider the sequential patterns of the feature over the price space. In order to capture more sophisticated yet flexible patterns at fine-grained level of the data, we propose a Deep Landscape Forecasting (DLF) model which combines deep learning for probability distribution forecasting and survival analysis for censorship handling. Specifically, we utilize a recurrent neural network to flexibly model the conditional winning probability w.r.t. each bid price. Then we conduct the bid landscape forecasting through probability chain rule with strict mathematical derivations. And, in an end-to-end manner, we optimize the model by minimizing two negative likelihood losses with comprehensive motivations. Without any specific assumption for the distribution form of bid landscape, our model shows great advantages over previous works on fitting various sophisticated market price distributions. In the experiments over two large-scale real-world datasets, our model significantly outperforms the state-of-the-art solutions under various metrics.",Machine Learning
"We propose an end-to-end deep learning learning model for graph classification and representation learning that is invariant to permutation of the nodes of the input graphs. We address the challenge of learning a fixed size graph representation for graphs of varying dimensions through a differentiable node attention pooling mechanism. In addition to a theoretical proof of its invariance to permutation, we provide empirical evidence demonstrating the statistically significant gain in accuracy when faced with an isomorphic graph classification task given only a small number of training examples. We analyse the effect of four different matrices to facilitate the local message passing mechanism by which graph convolutions are performed vs. a matrix parametrised by a learned parameter pair able to transition smoothly between the former. Finally, we show that our model achieves competitive classification performance with existing techniques on a set of molecule datasets.",Machine Learning
"In this paper, we describe a strategy for training neural networks for object detection in range images obtained from one type of LiDAR sensor using labeled data from a different type of LiDAR sensor. Additionally, an efficient model for object detection in range images for use in self-driving cars is presented. Currently, the highest performing algorithms for object detection from LiDAR measurements are based on neural networks. Training these networks using supervised learning requires large annotated datasets. Therefore, most research using neural networks for object detection from LiDAR point clouds is conducted on a very small number of publicly available datasets. Consequently, only a small number of sensor types are used. We use an existing annotated dataset to train a neural network that can be used with a LiDAR sensor that has a lower resolution than the one used for recording the annotated dataset. This is done by simulating data from the lower resolution LiDAR sensor based on the higher resolution dataset. Furthermore, improvements to models that use LiDAR range images for object detection are presented. The results are validated using both simulated sensor data and data from an actual lower resolution sensor mounted to a research vehicle. It is shown that the model can detect objects from 360° range images in real time.",Machine Learning
"In recent years, increasingly augmentation of health data, such as patient Electronic Health Records (EHR), are becoming readily available. This provides an unprecedented opportunity for knowledge discovery and data mining algorithms to dig insights from them, which can, later on, be helpful to the improvement of the quality of care delivery. Predictive modeling of clinical risk, including in-hospital mortality, hospital readmission, chronic disease onset, condition exacerbation, etc., from patient EHR, is one of the health data analytic problems that attract most of the interests. The reason is not only because the problem is important in clinical settings, but also there are challenges working with EHR such as sparsity, irregularity, temporality, etc. Different from applications in other domains such as computer vision and natural language processing, the labeled data samples in medicine (patients) are relatively limited, which creates lots of troubles for effective predictive model learning, especially for complicated models such as deep learning. In this paper, we propose MetaPred, a meta-learning for clinical risk prediction from longitudinal patient EHRs. In particular, in order to predict the target risk where there are limited data samples, we train a meta-learner from a set of related risk prediction tasks which learns how a good predictor is learned. The meta-learned can then be directly used in target risk prediction, and the limited available samples can be used for further fine-tuning the model performance. The effectiveness of MetaPred is tested on a real patient EHR repository from Oregon Health & Science University. We are able to demonstrate that with CNN and RNN as base predictors, MetaPred can achieve much better performance for predicting target risk with low resources comparing with the predictor trained on the limited samples available for this risk.",Machine Learning
"The dearth of prescribing guidelines for physicians is one key driver of the current opioid epidemic in the United States. In this work, we analyze medical and pharmaceutical claims data to draw insights on characteristics of patients who are more prone to adverse outcomes after an initial synthetic opioid prescription. Toward this end, we propose a generative model that allows discovery from observational data of subgroups that demonstrate an enhanced or diminished causal effect due to treatment. Our approach models these sub-populations as a mixture distribution, using sparsity to enhance interpretability, while jointly learning nonlinear predictors of the potential outcomes to better adjust for confounding. The approach leads to human-interpretable insights on discovered subgroups, improving the practical utility for decision support",Machine Learning
"Recent deep learning approaches have achieved impressive performance on speech enhancement and separation tasks. However, these approaches have not been investigated for separating mixtures of arbitrary sounds of different types, a task we refer to as universal sound separation, and it is unknown how performance on speech tasks carries over to non-speech tasks. To study this question, we develop a dataset of mixtures containing arbitrary sounds, and use it to investigate the space of mask-based separation architectures, varying both the overall network architecture and the framewise analysis-synthesis basis for signal transformations. These network architectures include convolutional long short-term memory networks and time-dilated convolution stacks inspired by the recent success of time-domain enhancement networks like ConvTasNet. For the latter architecture, we also propose novel modifications that further improve separation performance. In terms of the framewise analysis-synthesis basis, we explore both a short-time Fourier transform (STFT) and a learnable basis, as used in ConvTasNet. For both of these bases, we also examine the effect of window size. In particular, for STFTs, we find that longer windows (25-50 ms) work best for speech/non-speech separation, while shorter windows (2.5 ms) work best for arbitrary sounds. For learnable bases, shorter windows (2.5 ms) work best on all tasks. Surprisingly, for universal sound separation, STFTs outperform learnable bases. Our best methods produce an improvement in scale-invariant signal-to-distortion ratio of over 13 dB for speech/non-speech separation and close to 10 dB for universal sound separation.",Machine Learning
"Prediction is a well-studied machine learning task, and prediction algorithms are core ingredients in online products and services. Despite their centrality in the competition between online companies who offer prediction-based products, the \textit{strategic} use of prediction algorithms remains unexplored. The goal of this paper is to examine strategic use of prediction algorithms. We introduce a novel game-theoretic setting that is based on the PAC learning framework, where each player (aka a prediction algorithm aimed at competition) seeks to maximize the sum of points for which it produces an accurate prediction and the others do not. We show that algorithms aiming at generalization may wittingly mispredict some points to perform better than others on expectation. We analyze the empirical game, i.e., the game induced on a given sample, prove that it always possesses a pure Nash equilibrium, and show that every better-response learning process converges. Moreover, our learning-theoretic analysis suggests that players can, with high probability, learn an approximate pure Nash equilibrium for the whole population using a small number of samples.",Machine Learning
"We present a learning based approach for multi-view stereopsis (MVS). While current deep MVS methods achieve impressive results, they crucially rely on ground-truth 3D training data, and acquisition of such precise 3D geometry for supervision is a major hurdle. Our framework instead leverages photometric consistency between multiple views as supervisory signal for learning depth prediction in a wide baseline MVS setup. However, naively applying photo consistency constraints is undesirable due to occlusion and lighting changes across views. To overcome this, we propose a robust loss formulation that: a) enforces first order consistency and b) for each point, selectively enforces consistency with some views, thus implicitly handling occlusions. We demonstrate our ability to learn MVS without 3D supervision using a real dataset, and show that each component of our proposed robust loss results in a significant improvement. We qualitatively observe that our reconstructions are often more complete than the acquired ground truth, further showing the merits of this approach. Lastly, our learned model generalizes to novel settings, and our approach allows adaptation of existing CNNs to datasets without ground-truth 3D by unsupervised finetuning. Project webpage: https://tejaskhot.github.io/unsup_mvs",Machine Learning
"In e-commerce, product content, especially product images have a significant influence on a customer's journey from product discovery to evaluation and finally, purchase decision. Since many e-commerce retailers sell items from other third-party marketplace sellers besides their own, the content published by both internal and external content creators needs to be monitored and enriched, wherever possible. Despite guidelines and warnings, product listings that contain offensive and non-compliant images continue to enter catalogs. Offensive and non-compliant content can include a wide range of objects, logos, and banners conveying violent, sexually explicit, racist, or promotional messages. Such images can severely damage the customer experience, lead to legal issues, and erode the company brand. In this paper, we present a computer vision driven offensive and non-compliant image detection system for extremely large image datasets. This paper delves into the unique challenges of applying deep learning to real-world product image data from retail world. We demonstrate how we resolve a number of technical challenges such as lack of training data, severe class imbalance, fine-grained class definitions etc. using a number of practical yet unique technical strategies. Our system combines state-of-the-art image classification and object detection techniques with budgeted crowdsourcing to develop a solution customized for a massive, diverse, and constantly evolving product catalog.",Machine Learning
"With advances in Generative Adversarial Networks (GANs) leading to dramatically-improved synthetic images and video, there is an increased need for algorithms which extend traditional forensics to this new category of imagery. While GANs have been shown to be helpful in a number of computer vision applications, there are other problematic uses such as `deep fakes' which necessitate such forensics. Source camera attribution algorithms using various cues have addressed this need for imagery captured by a camera, but there are fewer options for synthetic imagery. We address the problem of attributing a synthetic image to a specific generator in a white box setting, by inverting the process of generation. This enables us to simultaneously determine whether the generator produced the image and recover an input which produces a close match to the synthetic image.",Machine Learning
"Domain adaptation provides a powerful set of model training techniques given domain-specific training data and supplemental data with unknown relevance. The techniques are useful when users need to develop models with data from varying sources, of varying quality, or from different time ranges. We build CrossTrainer, a system for practical domain adaptation. CrossTrainer utilizes loss reweighting, which provides consistently high model accuracy across a variety of datasets in our empirical analysis. However, loss reweighting is sensitive to the choice of a weight hyperparameter that is expensive to tune. We develop optimizations leveraging unique properties of loss reweighting that allow CrossTrainer to output accurate models while improving training time compared to naive hyperparameter search.",Machine Learning
"Recent interest in graph embedding methods has focused on learning a single representation for each node in the graph. But can nodes really be best described by a single vector representation? In this work, we propose a method for learning multiple representations of the nodes in a graph (e.g., the users of a social network). Based on a principled decomposition of the ego-network, each representation encodes the role of the node in a different local community in which the nodes participate. These representations allow for improved reconstruction of the nuanced relationships that occur in the graph -- a phenomenon that we illustrate through state-of-the-art results on link prediction tasks on a variety of graphs, reducing the error by up to $90\%$. In addition, we show that these embeddings allow for effective visual analysis of the learned community structure.",Machine Learning
"This study proposes a deep learning methodology to predict the propagation of traffic shockwaves. The input to the deep neural network is time-space diagram of the study segment, and the output of the network is the predicted (future) propagation of the shockwave on the study segment in the form of time-space diagram. The main feature of the proposed methodology is the ability to extract the features embedded in the time-space diagram to predict the propagation of traffic shockwaves.",Machine Learning
"This article is concerned with the approximation and expressive powers of deep neural networks. This is an active research area currently producing many interesting papers. The results most commonly found in the literature prove that neural networks approximate functions with classical smoothness to the same accuracy as classical linear methods of approximation, e.g. approximation by polynomials or by piecewise polynomials on prescribed partitions. However, approximation by neural networks depending on n parameters is a form of nonlinear approximation and as such should be compared with other nonlinear methods such as variable knot splines or n-term approximation from dictionaries. The performance of neural networks in targeted applications such as machine learning indicate that they actually possess even greater approximation power than these traditional methods of nonlinear approximation. The main results of this article prove that this is indeed the case. This is done by exhibiting large classes of functions which can be efficiently captured by neural networks where classical nonlinear methods fall short of the task. The present article purposefully limits itself to studying the approximation of univariate functions by ReLU networks. Many generalizations to functions of several variables and other activation functions can be envisioned. However, even in this simplest of settings considered here, a theory that completely quantifies the approximation power of neural networks is still lacking.",Machine Learning
"In this work, we describe practical lessons we have learned from successfully using contextual bandits (CBs) to improve key business metrics of the Microsoft Virtual Agent for customer support. While our current use cases focus on single step einforcement learning (RL) and mostly in the domain of natural language processing and information retrieval we believe many of our findings are generally applicable. Through this article, we highlight certain issues that RL practitioners may encounter in similar types of applications as well as offer practical solutions to these challenges.",Machine Learning
"A Markov chain update scheme using a machine-learned flow-based generative model is proposed for Monte Carlo sampling in lattice field theories. The generative model may be optimized (trained) to produce samples from a distribution approximating the desired Boltzmann distribution determined by the lattice action of the theory being studied. Training the model systematically improves autocorrelation times in the Markov chain, even in regions of parameter space where standard Markov chain Monte Carlo algorithms exhibit critical slowing down in producing decorrelated updates. Moreover, the model may be trained without existing samples from the desired distribution. The algorithm is compared with HMC and local Metropolis sampling for $φ^4$ theory in two dimensions.",Machine Learning
"In a noisy environment, a lossy speech signal can be automatically restored by a listener if he/she knows the language well. That is, with the built-in knowledge of a ""language model"", a listener may effectively suppress noise interference and retrieve the target speech signals. Accordingly, we argue that familiarity with the underlying linguistic content of spoken utterances benefits speech enhancement (SE) in noisy environments. In this study, in addition to the conventional modeling for learning the acoustic noisy-clean speech mapping, an abstract symbolic sequential modeling is incorporated into the SE framework. This symbolic sequential modeling can be regarded as a ""linguistic constraint"" in learning the acoustic noisy-clean speech mapping function. In this study, the symbolic sequences for acoustic signals are obtained as discrete representations with a Vector Quantized Variational Autoencoder algorithm. The obtained symbols are able to capture high-level phoneme-like content from speech signals. The experimental results demonstrate that the proposed framework can obtain notable performance improvement in terms of perceptual evaluation of speech quality (PESQ) and short-time objective intelligibility (STOI) on the TIMIT dataset.",Machine Learning
"In conventional domain adaptation, a critical assumption is that there exists a fully labeled domain (source) that contains the same label space as another unlabeled or scarcely labeled domain (target). However, in the real world, there often exist application scenarios in which both domains are partially labeled and not all classes are shared between these two domains. Thus, it is meaningful to let partially labeled domains learn from each other to classify all the unlabeled samples in each domain under an open-set setting. We consider this problem as weakly supervised open-set domain adaptation. To address this practical setting, we propose the Collaborative Distribution Alignment (CDA) method, which performs knowledge transfer bilaterally and works collaboratively to classify unlabeled data and identify outlier samples. Extensive experiments on the Office benchmark and an application on person reidentification show that our method achieves state-of-the-art performance.",Machine Learning
"Testing of deep learning models is challenging due to the excessive number and complexity of computations involved. As a result, test data selection is performed manually and in an ad hoc way. This raises the question of how we can automatically select candidate test data to test deep learning models. Recent research has focused on adapting test selection metrics from code-based software testing (such as coverage) to deep learning. However, deep learning models have different attributes from code such as spread of computations across the entire network reflecting training data properties, balance of neuron weights and redundancy (use of many more neurons than needed). Such differences make code-based metrics inappropriate to select data that can challenge the models (can trigger misclassification). We thus propose a set of test selection metrics based on the notion of model uncertainty (model confidence on specific inputs). Intuitively, the more uncertain we are about a candidate sample, the more likely it is that this sample triggers a misclassification. Similarly, the samples for which we are the most uncertain, are the most informative and should be used to improve the model by retraining. We evaluate these metrics on two widely-used image classification problems involving real and artificial (adversarial) data. We show that uncertainty-based metrics have a strong ability to select data that are misclassified and lead to major improvement in classification accuracy during retraining: up to 80% more gain than random selection and other state-of-the-art metrics on one dataset and up to 29% on the other.",Machine Learning
"Understanding why machine learning algorithms may fail is usually the task of the human expert that uses domain knowledge and contextual information to discover systematic shortcomings in either the data or the algorithm. In this paper, we propose a semantic referee, which is able to extract qualitative features of the errors emerging from deep machine learning frameworks and suggest corrections. The semantic referee relies on ontological reasoning about spatial knowledge in order to characterize errors in terms of their spatial relations with the environment. Using semantics, the reasoner interacts with the learning algorithm as a supervisor. In this paper, the proposed method of the interaction between a neural network classifier and a semantic referee shows how to improve the performance of semantic segmentation for satellite imagery data.",Machine Learning
"Sensors which use electromagnetic induction (EMI) to excite a response in conducting bodies have long been investigated for subsurface explosive hazard detection. In particular, EMI sensors have been used to discriminate between different types of objects, and to detect objects with low metal content. One successful, previously investigated approach is the Multiple Instance Adaptive Cosine Estimator (MI-ACE). In this paper, a number of new initialization techniques for MI-ACE are proposed and evaluated using their respective performance and speed. The cross validated learned signatures, as well as learned background statistics, are used with Adaptive Cosine Estimator (ACE) to generate confidence maps, which are clustered into alarms. Alarms are scored against a ground truth and the initialization approaches are compared.",Machine Learning
"Post-market medical device surveillance is a challenge facing manufacturers, regulatory agencies, and health care providers. Electronic health records are valuable sources of real world evidence to assess device safety and track device-related patient outcomes over time. However, distilling this evidence remains challenging, as information is fractured across clinical notes and structured records. Modern machine learning methods for machine reading promise to unlock increasingly complex information from text, but face barriers due to their reliance on large and expensive hand-labeled training sets. To address these challenges, we developed and validated state-of-the-art deep learning methods that identify patient outcomes from clinical notes without requiring hand-labeled training data. Using hip replacements as a test case, our methods accurately extracted implant details and reports of complications and pain from electronic health records with up to 96.3% precision, 98.5% recall, and 97.4% F1, improved classification performance by 12.7- 53.0% over rule-based methods, and detected over 6 times as many complication events compared to using structured data alone. Using these events to assess complication-free survivorship of different implant systems, we found significant variation between implants, including for risk of revision surgery, which could not be detected using coded data alone. Patients with revision surgeries had more hip pain mentions in the post-hip replacement, pre-revision period compared to patients with no evidence of revision surgery (mean hip pain mentions 4.97 vs. 3.23; t = 5.14; p < 0.001). Some implant models were associated with higher or lower rates of hip pain mentions. Our methods complement existing surveillance mechanisms by requiring orders of magnitude less hand-labeled training data, offering a scalable solution for national medical device surveillance.",Machine Learning
"Product recommender systems and customer profiling techniques have always been a priority in online retail. Recent machine learning research advances and also wide availability of massive parallel numerical computing has enabled various approaches and directions of recommender systems advancement. Worth to mention is the fact that in past years multiple traditional ""offline"" retail business are gearing more and more towards employing inferential and even predictive analytics both to stock-related problems such as predictive replenishment but also to enrich customer interaction experience. One of the most important areas of recommender systems research and development is that of Deep Learning based models which employ representational learning to model consumer behavioral patterns. Current state of the art in Deep Learning based recommender systems uses multiple approaches ranging from already classical methods such as the ones based on learning product representation vector, to recurrent analysis of customer transactional time-series and up to generative models based on adversarial training. Each of these methods has multiple advantages and inherent weaknesses such as inability of understanding the actual user-journey, ability to propose only single product recommendation or top-k product recommendations without prediction of actual next-best-offer. In our work we will present a new and innovative architectural approach of applying state-of-the-art hierarchical multi-module encoder-decoder architecture in order to solve several of current state-of-the-art recommender systems issues. Our approach will also produce by-products such as product need-based segmentation and customer behavioral segmentation - all in an end-to-end trainable approach. Finally, we will present a couple methods that solve known retail & distribution pain-points based on the proposed architecture.",Machine Learning
"In this paper, we propose a novel method for projecting data from multiple modalities to a new subspace optimized for one-class classification. The proposed method iteratively transforms the data from the original feature space of each modality to a new common feature space along with finding a joint compact description of data coming from all the modalities. For data in each modality, we define a separate transformation to map the data from the corresponding feature space to the new optimized subspace by exploiting the available information from the class of interest only. We also propose different regularization strategies for the proposed method and provide both linear and non-linear formulations. The proposed Multimodal Subspace Support Vector Data Description outperforms all the competing methods using data from a single modality or fusing data from all modalities in four out of five datasets.",Machine Learning
"In this paper, we propose Rogue-Gym, a simple and classic style roguelike game built for evaluating generalization in reinforcement learning (RL). Combined with the recent progress of deep neural networks, RL has successfully trained human-level agents without human knowledge in many games such as those for Atari 2600. However, it has been pointed out that agents trained with RL methods often overfit the training environment, and they work poorly in slightly different environments. To investigate this problem, some research environments with procedural content generation have been proposed. Following these studies, we propose the use of roguelikes as a benchmark for evaluating the generalization ability of RL agents. In our Rogue-Gym, agents need to explore dungeons that are structured differently each time they start a new game. Thanks to the very diverse structures of the dungeons, we believe that the generalization benchmark of Rogue-Gym is sufficiently fair. In our experiments, we evaluate a standard reinforcement learning method, PPO, with and without enhancements for generalization. The results show that some enhancements believed to be effective fail to mitigate the overfitting in Rogue-Gym, although others slightly improve the generalization ability.",Machine Learning
"Accurate prediction of drug-target interaction (DTI) is essential for in silico drug design. For the purpose, we propose a novel approach for predicting DTI using a GNN that directly incorporates the 3D structure of a protein-ligand complex. We also apply a distance-aware graph attention algorithm with gate augmentation to increase the performance of our model. As a result, our model shows better performance than docking and other deep learning methods for both virtual screening and pose prediction. In addition, our model can reproduce the natural population distribution of active molecules and inactive molecules.",Machine Learning
"Plant phenotyping tasks such as leaf segmentation and counting are fundamental to the study of phenotypic traits. Since it is well-suited for these tasks, deep supervised learning has been prevalent in recent works proposing better performing models at segmenting and counting leaves. Despite good efforts from research groups, one of the main challenges for proposing better methods is still the limitation of labelled data availability. The main efforts of the field seem to be augmenting existing limited data sets, and some aspects of the modelling process have been under-discussed. This paper explores such topics and present experiments that led to the development of the best-performing method in the Leaf Segmentation Challenge and in another external data set of Komatsuna plants. The model has competitive performance while been arguably simpler than other recently proposed ones. The experiments also brought insights such as the fact that model cardinality and test-time augmentation may have strong applications in object segmentation of single class and high occlusion, and regarding the data distribution of recently proposed data sets for benchmarking.",Computer Vision
"LiDAR point cloud streams are usually sparse in time dimension, which is limited by hardware performance. Generally, the frame rates of mechanical LiDAR sensors are 10 to 20 Hz, which is much lower than other commonly used sensors like cameras. To overcome the temporal limitations of LiDAR sensors, a novel task named Point Cloud Frame Interpolation is studied in this paper. Given two consecutive point cloud frames, Point Cloud Frame Interpolation aims to generate intermediate frame(s) between them. To achieve that, we propose a novel framework, namely Point Cloud Frame Interpolation Network (PointINet). Based on the proposed method, the low frame rate point cloud streams can be upsampled to higher frame rates. We start by estimating bi-directional 3D scene flow between the two point clouds and then warp them to the given time step based on the 3D scene flow. To fuse the two warped frames and generate intermediate point cloud(s), we propose a novel learning-based points fusion module, which simultaneously takes two warped point clouds into consideration. We design both quantitative and qualitative experiments to evaluate the performance of the point cloud frame interpolation method and extensive experiments on two large scale outdoor LiDAR datasets demonstrate the effectiveness of the proposed PointINet. Our code is available at https://github.com/ispc-lab/PointINet.git.",Computer Vision
"Deep neural Network (DNN) is becoming a focal point in Machine Learning research. Its application is penetrating into different fields and solving intricate and complex problems. DNN is now been applied in health image processing to detect various ailment such as cancer and diabetes. Another disease that is causing threat to our health is the kidney disease. This disease is becoming prevalent due to substances and elements we intake. Death is imminent and inevitable within few days without at least one functioning kidney. Ignoring the kidney malfunction can cause chronic kidney disease leading to death. Frequently, Chronic Kidney Disease (CKD) and its symptoms are mild and gradual, often go unnoticed for years only to be realized lately. Bade, a Local Government of Yobe state in Nigeria has been a center of attention by medical practitioners due to the prevalence of CKD. Unfortunately, a technical approach in culminating the disease is yet to be attained. We obtained a record of 400 patients with 10 attributes as our dataset from Bade General Hospital. We used DNN model to predict the absence or presence of CKD in the patients. The model produced an accuracy of 98%. Furthermore, we identified and highlighted the Features importance to provide the ranking of the features used in the prediction of the CKD. The outcome revealed that two attributes; Creatinine and Bicarbonate have the highest influence on the CKD prediction.",Computer Vision
"Ramp metering that uses traffic signals to regulate vehicle flows from the on-ramps has been widely implemented to improve vehicle mobility of the freeway. Previous studies generally update signal timings in real-time based on predefined traffic measures collected by point detectors, such as traffic volumes and occupancies. Comparing with point detectors, traffic cameras-which have been increasingly deployed on road networks-could cover larger areas and provide more detailed traffic information. In this work, we propose a deep reinforcement learning (DRL) method to explore the potential of traffic video data in improving the efficiency of ramp metering. The proposed method uses traffic video frames as inputs and learns the optimal control strategies directly from the high-dimensional visual inputs. A real-world case study demonstrates that, in comparison with a state-of-the-practice method, the proposed DRL method results in 1) lower travel times in the mainline, 2) shorter vehicle queues at the on-ramp, and 3) higher traffic flows downstream of the merging area. The results suggest that the proposed method is able to extract useful information from the video data for better ramp metering controls.",Computer Vision
"There is very little notable research on generating descriptions of the Bengali language. About 243 million people speak in Bengali, and it is the 7th most spoken language on the planet. The purpose of this research is to propose a CNN and Bidirectional GRU based architecture model that generates natural language captions in the Bengali language from an image. Bengali people can use this research to break the language barrier and better understand each other's perspectives. It will also help many blind people with their everyday lives. This paper used an encoder-decoder approach to generate captions. We used a pre-trained Deep convolutional neural network (DCNN) called InceptonV3image embedding model as the encoder for analysis, classification, and annotation of the dataset's images Bidirectional Gated Recurrent unit (BGRU) layer as the decoder to generate captions. Argmax and Beam search is used to produce the highest possible quality of the captions. A new dataset called BNATURE is used, which comprises 8000 images with five captions per image. It is used for training and testing the proposed model. We obtained BLEU-1, BLEU-2, BLEU-3, BLEU-4 and Meteor is 42.6, 27.95, 23, 66, 16.41, 28.7 respectively.",Computer Vision
"Domain adaptation helps transfer the knowledge gained from a labeled source domain to an unlabeled target domain. During the past few years, different domain adaptation techniques have been published. One common flaw of these approaches is that while they might work well on one input type, such as images, their performance drops when applied to others, such as text or time-series. In this paper, we introduce Proportional Progressive Pseudo Labeling (PPPL), a simple, yet effective technique that can be implemented in a few lines of code to build a more general domain adaptation technique that can be applied on several different input types. At the beginning of the training phase, PPPL progressively reduces target domain classification error, by training the model directly with pseudo-labeled target domain samples, while excluding samples with more likely wrong pseudo-labels from the training set and also postponing training on such samples. Experiments on 6 different datasets that include tasks such as anomaly detection, text sentiment analysis and image classification demonstrate that PPPL can beat other baselines and generalize better.",Computer Vision
"We propose a novel visual localization network when outside environment has changed such as different illumination, weather and season. The visual localization network is composed of a feature extraction network and pose regression network. The feature extraction network is made up of an encoder network based on the Generative Adversarial Network CycleGAN, which can capture intrinsic appearance-invariant feature maps from unpaired samples of different weathers and seasons. With such an invariant feature, we use a 6-DoF pose regression network to tackle long-term visual localization in the presence of outdoor illumination, weather and season changes. A variety of challenging datasets for place recognition and localization are used to prove our visual localization network, and the results show that our method outperforms state-of-the-art methods in the scenarios with various environment changes.",Computer Vision
"Underwater images are degraded by the selective attenuation of light that distorts colours and reduces contrast. The degradation extent depends on the water type, the distance between an object and the camera, and the depth under the water surface the object is at. Underwater image filtering aims to restore or to enhance the appearance of objects captured in an underwater image. Restoration methods compensate for the actual degradation, whereas enhancement methods improve either the perceived image quality or the performance of computer vision algorithms. The growing interest in underwater image filtering methods--including learning-based approaches used for both restoration and enhancement--and the associated challenges call for a comprehensive review of the state of the art. In this paper, we review the design principles of filtering methods and revisit the oceanology background that is fundamental to identify the degradation causes. We discuss image formation models and the results of restoration methods in various water types. Furthermore, we present task-dependent enhancement methods and categorise datasets for training neural networks and for method evaluation. Finally, we discuss evaluation strategies, including subjective tests and quality assessment measures. We complement this survey with a platform ( https://puiqe.eecs.qmul.ac.uk/ ), which hosts state-of-the-art underwater filtering methods and facilitates comparisons.",Computer Vision
"Object recognition is a key enabler across industry and defense. As technology changes, algorithms must keep pace with new requirements and data. New modalities and higher resolution sensors should allow for increased algorithm robustness. Unfortunately, algorithms trained on existing labeled datasets do not directly generalize to new data because the data distributions do not match. Transfer learning (TL) or domain adaptation (DA) methods have established the groundwork for transferring knowledge from existing labeled source data to new unlabeled target datasets. However, current DA approaches assume similar source and target feature spaces and suffer in the case of massive domain shifts or changes in the feature space. Existing methods assume the data are either the same modality, or can be aligned to a common feature space. Therefore, most methods are not designed to support a fundamental domain change such as visual to auditory data. We propose a novel deep learning framework that overcomes this limitation by learning separate feature extractions for each domain while minimizing the distance between the domains in a latent lower-dimensional space. The alignment is achieved by considering the data manifold along with an adversarial training procedure. We demonstrate the effectiveness of the approach versus traditional methods with several ablation experiments on synthetic, measured, and satellite image datasets. We also provide practical guidelines for training the network while overcoming vanishing gradients which inhibit learning in some adversarial training settings.",Computer Vision
"This work tackles the target detection problem through the well-known global RX method. The RX method models the clutter as a multivariate Gaussian distribution, and has been extended to nonlinear distributions using kernel methods. While the kernel RX can cope with complex clutters, it requires a considerable amount of computational resources as the number of clutter pixels gets larger. Here we propose random Fourier features to approximate the Gaussian kernel in kernel RX and consequently our development keep the accuracy of the nonlinearity while reducing the computational cost which is now controlled by an hyperparameter. Results over both synthetic and real-world image target detection problems show space and time efficiency of the proposed method while providing high detection performance.",Computer Vision
"In this paper we propose to exploit multiple related tasks for accurate multi-sensor 3D object detection. Towards this goal we present an end-to-end learnable architecture that reasons about 2D and 3D object detection as well as ground estimation and depth completion. Our experiments show that all these tasks are complementary and help the network learn better representations by fusing information at various levels. Importantly, our approach leads the KITTI benchmark on 2D, 3D and BEV object detection, while being real time.",Computer Vision
"The construction of three-dimensional multi-modal tissue maps provides an opportunity to spur interdisciplinary innovations across temporal and spatial scales through information integration. While the preponderance of effort is allocated to the cellular level and explore the changes in cell interactions and organizations, contextualizing findings within organs and systems is essential to visualize and interpret higher resolution linkage across scales. There is a substantial normal variation of kidney morphometry and appearance across body size, sex, and imaging protocols in abdominal computed tomography (CT). A volumetric atlas framework is needed to integrate and visualize the variability across scales. However, there is no abdominal and retroperitoneal organs atlas framework for multi-contrast CT. Hence, we proposed a high-resolution CT retroperitoneal atlas specifically optimized for the kidney across non-contrast CT and early arterial, late arterial, venous and delayed contrast enhanced CT. Briefly, we introduce a deep learning-based volume of interest extraction method and an automated two-stage hierarchal registration pipeline to register abdominal volumes to a high-resolution CT atlas template. To generate and evaluate the atlas, multi-contrast modality CT scans of 500 subjects (without reported history of renal disease, age: 15-50 years, 250 males & 250 females) were processed. We demonstrate a stable generalizability of the atlas template for integrating the normal kidney variation from small to large, across contrast modalities and populations with great variability of demographics. The linkage of atlas and demographics provided a better understanding of the variation of kidney anatomy across populations.",Computer Vision
"Most existing algorithms for automatic 3D morphometry of human brain MRI scans are designed for data with near-isotropic voxels at approximately 1 mm resolution, and frequently have contrast constraints as well - typically requiring T1 scans (e.g., MP-RAGE). This limitation prevents the analysis of millions of MRI scans acquired with large inter-slice spacing (""thick slice"") in clinical settings every year. The inability to quantitatively analyze these scans hinders the adoption of quantitative neuroimaging in healthcare, and precludes research studies that could attain huge sample sizes and hence greatly improve our understanding of the human brain. Recent advances in CNNs are producing outstanding results in super-resolution and contrast synthesis of MRI. However, these approaches are very sensitive to the contrast, resolution and orientation of the input images, and thus do not generalize to diverse clinical acquisition protocols - even within sites. Here we present SynthSR, a method to train a CNN that receives one or more thick-slice scans with different contrast, resolution and orientation, and produces an isotropic scan of canonical contrast (typically a 1 mm MP-RAGE). The presented method does not require any preprocessing, e.g., skull stripping or bias field correction. Crucially, SynthSR trains on synthetic input images generated from 3D segmentations, and can thus be used to train CNNs for any combination of contrasts, resolutions and orientations without high-resolution training data. We test the images generated with SynthSR in an array of common downstream analyses, and show that they can be reliably used for subcortical segmentation and volumetry, image registration (e.g., for tensor-based morphometry), and, if some image quality requirements are met, even cortical thickness morphometry. The source code is publicly available at github.com/BBillot/SynthSR.",Computer Vision
"Quantitative assessment of cardiac left ventricle (LV) morphology is essential to assess cardiac function and improve the diagnosis of different cardiovascular diseases. In current clinical practice, LV quantification depends on the measurement of myocardial shape indices, which is usually achieved by manual contouring of the endo- and epicardial. However, this process subjected to inter and intra-observer variability, and it is a time-consuming and tedious task. In this paper, we propose a spatio-temporal multi-task learning approach to obtain a complete set of measurements quantifying cardiac LV morphology, regional-wall thickness (RWT), and additionally detecting the cardiac phase cycle (systole and diastole) for a given 3D Cine-magnetic resonance (MR) image sequence. We first segment cardiac LVs using an encoder-decoder network and then introduce a multitask framework to regress 11 LV indices and classify the cardiac phase, as parallel tasks during model optimization. The proposed deep learning model is based on the 3D spatio-temporal convolutions, which extract spatial and temporal features from MR images. We demonstrate the efficacy of the proposed method using cine-MR sequences of 145 subjects and comparing the performance with other state-of-the-art quantification methods. The proposed method obtained high prediction accuracy, with an average mean absolute error (MAE) of 129 $mm^2$, 1.23 $mm$, 1.76 $mm$, Pearson correlation coefficient (PCC) of 96.4%, 87.2%, and 97.5% for LV and myocardium (Myo) cavity regions, 6 RWTs, 3 LV dimensions, and an error rate of 9.0\% for phase classification. The experimental results highlight the robustness of the proposed method, despite varying degrees of cardiac morphology, image appearance, and low contrast in the cardiac MR sequences.",Computer Vision
"Recently, skeleton-based approaches have achieved rapid progress on the basis of great success in skeleton representation. Plenty of researches focus on solving specific problems according to skeleton features. Some skeleton-based approaches have been mentioned in several overviews on object detection as a non-essential part. Nevertheless, there has not been any thorough analysis of skeleton-based approaches attentively. Instead of describing these techniques in terms of theoretical constructs, we devote to summarizing skeleton-based approaches with regard to application fields and given tasks as comprehensively as possible. This paper is conducive to further understanding of skeleton-based application and dealing with particular issues.",Computer Vision
"Computer-assisted surgery has been developed to enhance surgery correctness and safety. However, researchers and engineers suffer from limited annotated data to develop and train better algorithms. Consequently, the development of fundamental algorithms such as Simultaneous Localization and Mapping (SLAM) is limited. This article elaborates on the efforts of preparing the dataset for semantic segmentation, which is the foundation of many computer-assisted surgery mechanisms. Based on the Cholec80 dataset [3], we extracted 8,080 laparoscopic cholecystectomy image frames from 17 video clips in Cholec80 and annotated the images. The dataset is named CholecSeg8K and its total size is 3GB. Each of these images is annotated at pixel-level for thirteen classes, which are commonly founded in laparoscopic cholecystectomy surgery. CholecSeg8k is released under the license CC BY- NC-SA 4.0.",Computer Vision
"In this paper, we tackle the unsupervised domain adaptation (UDA) for semantic segmentation, which aims to segment the unlabeled real data using labeled synthetic data. The main problem of UDA for semantic segmentation relies on reducing the domain gap between the real image and synthetic image. To solve this problem, we focused on separating information in an image into content and style. Here, only the content has cues for semantic segmentation, and the style makes the domain gap. Thus, precise separation of content and style in an image leads to effect as supervision of real data even when learning with synthetic data. To make the best of this effect, we propose a zero-style loss. Even though we perfectly extract content for semantic segmentation in the real domain, another main challenge, the class imbalance problem, still exists in UDA for semantic segmentation. We address this problem by transferring the contents of tail classes from synthetic to real domain. Experimental results show that the proposed method achieves the state-of-the-art performance in semantic segmentation on the major two UDA settings.",Computer Vision
"This work presents a method for reducing memory consumption to a constant complexity when training deep neural networks. The algorithm is based on the more biologically plausible alternatives of the backpropagation (BP): direct feedback alignment (DFA) and feedback alignment (FA), which use random matrices to propagate error. The proposed method, memory-efficient direct feedback alignment (MEM-DFA), uses higher independence of layers in DFA and allows avoiding storing at once all activation vectors, unlike standard BP, FA, and DFA. Thus, our algorithm's memory usage is constant regardless of the number of layers in a neural network. The method increases the computational cost only by a constant factor of one extra forward pass. The MEM-DFA, BP, FA, and DFA were evaluated along with their memory profiles on MNIST and CIFAR-10 datasets on various neural network models. Our experiments agree with our theoretical results and show a significant decrease in the memory cost of MEM-DFA compared to the other algorithms.",Computer Vision
"In this paper, we propose a novel 3D object detector that can exploit both LIDAR as well as cameras to perform very accurate localization. Towards this goal, we design an end-to-end learnable architecture that exploits continuous convolutions to fuse image and LIDAR feature maps at different levels of resolution. Our proposed continuous fusion layer encode both discrete-state image features as well as continuous geometric information. This enables us to design a novel, reliable and efficient end-to-end learnable 3D object detector based on multiple sensors. Our experimental evaluation on both KITTI as well as a large scale 3D object detection benchmark shows significant improvements over the state of the art.",Computer Vision
"In this work, we introduce Deep Bingham Networks (DBN), a generic framework that can naturally handle pose-related uncertainties and ambiguities arising in almost all real life applications concerning 3D data. While existing works strive to find a single solution to the pose estimation problem, we make peace with the ambiguities causing high uncertainty around which solutions to identify as the best. Instead, we report a family of poses which capture the nature of the solution space. DBN extends the state of the art direct pose regression networks by (i) a multi-hypotheses prediction head which can yield different distribution modes; and (ii) novel loss functions that benefit from Bingham distributions on rotations. This way, DBN can work both in unambiguous cases providing uncertainty information, and in ambiguous scenes where an uncertainty per mode is desired. On a technical front, our network regresses continuous Bingham mixture models and is applicable to both 2D data such as images and to 3D data such as point clouds. We proposed new training strategies so as to avoid mode or posterior collapse during training and to improve numerical stability. Our methods are thoroughly tested on two different applications exploiting two different modalities: (i) 6D camera relocalization from images; and (ii) object pose estimation from 3D point clouds, demonstrating decent advantages over the state of the art. For the former we contributed our own dataset composed of five indoor scenes where it is unavoidable to capture images corresponding to views that are hard to uniquely identify. For the latter we achieve the top results especially for symmetric objects of ModelNet dataset.",Computer Vision
"Data augmentation is a powerful technique to increase the diversity of data, which can effectively improve the generalization ability of neural networks in image recognition tasks. Recent data mixing based augmentation strategies have achieved great success. Especially, CutMix uses a simple but effective method to improve the classifiers by randomly cropping a patch from one image and pasting it on another image. To further promote the performance of CutMix, a series of works explore to use the saliency information of the image to guide the mixing. We systematically study the importance of the saliency information for mixing data, and find that the saliency information is not so necessary for promoting the augmentation performance. Furthermore, we find that the cutting based data mixing methods carry two problems of label misallocation and object information missing, which cannot be resolved simultaneously. We propose a more effective but very easily implemented method, namely ResizeMix. We mix the data by directly resizing the source image to a small patch and paste it on another image. The obtained patch preserves more substantial object information compared with conventional cut-based methods. ResizeMix shows evident advantages over CutMix and the saliency-guided methods on both image classification and object detection tasks without additional computation cost, which even outperforms most costly search-based automatic augmentation methods.",Computer Vision
"The combination of traditional rendering with neural networks in Deferred Neural Rendering (DNR) provides a compelling balance between computational complexity and realism of the resulting images. Using skinned meshes for rendering articulating objects is a natural extension for the DNR framework and would open it up to a plethora of applications. However, in this case the neural shading step must account for deformations that are possibly not captured in the mesh, as well as alignment inaccuracies and dynamics -- which can confound the DNR pipeline. We present Articulated Neural Rendering (ANR), a novel framework based on DNR which explicitly addresses its limitations for virtual human avatars. We show the superiority of ANR not only with respect to DNR but also with methods specialized for avatar creation and animation. In two user studies, we observe a clear preference for our avatar model and we demonstrate state-of-the-art performance on quantitative evaluation metrics. Perceptually, we observe better temporal stability, level of detail and plausibility.",Computer Vision
"Machine learning, and eventually true artificial intelligence techniques, are extremely important advancements in astrophysics and astronomy. We explore the application of deep learning using neural networks in order to automate the detection of astronomical bodies for future exploration missions, such as missions to search for signatures or suitability of life. The ability to acquire images, analyze them, and send back those that are important, as determined by the deep learning algorithm, is critical in bandwidth-limited applications. Our previous foundational work solidified the concept of using simulator images and deep learning in order to detect planets. Optimization of this process is of vital importance, as even a small loss in accuracy might be the difference between capturing and completely missing a possibly-habitable nearby planet. Through computer vision, deep learning, and simulators, we introduce methods that optimize the detection of exoplanets. We show that maximum achieved accuracy can hit above 98% for multiple model architectures, even with a relatively small training set.",Computer Vision
"The novel Coronavirus disease, COVID-19, has rapidly and abruptly changed the world as we knew in 2020. It becomes the most unprecedent challenge to analytic epidemiology in general and signal processing theories in specific. Given its high contingency nature and adverse effects across the world, it is important to develop efficient processing/learning models to overcome this pandemic and be prepared for potential future ones. In this regard, medical imaging plays an important role for the management of COVID-19. Human-centered interpretation of medical images is, however, tedious and can be subjective. This has resulted in a surge of interest to develop Radiomics models for analysis and interpretation of medical images. Signal Processing (SP) and Deep Learning (DL) models can assist in development of robust Radiomics solutions for diagnosis/prognosis, severity assessment, treatment response, and monitoring of COVID-19 patients. In this article, we aim to present an overview of the current state, challenges, and opportunities of developing SP/DL-empowered models for diagnosis (screening/monitoring) and prognosis (outcome prediction and severity assessment) of COVID-19 infection. More specifically, the article starts by elaborating the latest development on the theoretical framework of analytic epidemiology and hypersignal processing for COVID-19. Afterwards, imaging modalities and Radiological characteristics of COVID-19 are discussed. SL/DL-based Radiomic models specific to the analysis of COVID-19 infection are then described covering the following four domains: Segmentation of COVID-19 lesions; Predictive models for outcome prediction; Severity assessment, and; Diagnosis/classification models. Finally, open problems and opportunities are presented in detail.",Computer Vision
"This paper proposes an iterative generative model for solving the automatic colorization problem. Although previous researches have shown the capability to generate plausible color, the edge color overflow and the requirement of the reference images still exist. The starting point of the unsupervised learning in this study is the observation that the gradient map possesses latent information of the image. Therefore, the inference process of the generative modeling is conducted in joint intensity-gradient domain. Specifically, a set of intensity-gradient formed high-dimensional tensors, as the network input, are used to train a powerful noise conditional score network at the training phase. Furthermore, the joint intensity-gradient constraint in data-fidelity term is proposed to limit the degree of freedom within generative model at the iterative colorization stage, and it is conducive to edge-preserving. Extensive experiments demonstrated that the system outperformed state-of-the-art methods whether in quantitative comparisons or user study.",Computer Vision
"Due to the limitations of sensors, the transmission medium and the intrinsic properties of ultrasound, the quality of ultrasound imaging is always not ideal, especially its low spatial resolution. To remedy this situation, deep learning networks have been recently developed for ultrasound image super-resolution (SR) because of the powerful approximation capability. However, most current supervised SR methods are not suitable for ultrasound medical images because the medical image samples are always rare, and usually, there are no low-resolution (LR) and high-resolution (HR) training pairs in reality. In this work, based on self-supervision and cycle generative adversarial network (CycleGAN), we propose a new perception consistency ultrasound image super-resolution (SR) method, which only requires the LR ultrasound data and can ensure the re-degenerated image of the generated SR one to be consistent with the original LR image, and vice versa. We first generate the HR fathers and the LR sons of the test ultrasound LR image through image enhancement, and then make full use of the cycle loss of LR-SR-LR and HR-LR-SR and the adversarial characteristics of the discriminator to promote the generator to produce better perceptually consistent SR results. The evaluation of PSNR/IFC/SSIM, inference efficiency and visual effects under the benchmark CCA-US and CCA-US datasets illustrate our proposed approach is effective and superior to other state-of-the-art methods.",Computer Vision
"Learning graph convolutional networks (GCNs) is an emerging field which aims at generalizing deep learning to arbitrary non-regular domains. Most of the existing GCNs follow a neighborhood aggregation scheme, where the representation of a node is recursively obtained by aggregating its neighboring node representations using averaging or sorting operations. However, these operations are either ill-posed or weak to be discriminant or increase the number of training parameters and thereby the computational complexity and the risk of overfitting. In this paper, we introduce a novel GCN framework that achieves spatial graph convolution in a reproducing kernel Hilbert space (RKHS). The latter makes it possible to design, via implicit kernel representations, convolutional graph filters in a high dimensional and more discriminating space without increasing the number of training parameters. The particularity of our GCN model also resides in its ability to achieve convolutions without explicitly realigning nodes in the receptive fields of the learned graph filters with those of the input graphs, thereby making convolutions permutation agnostic and well defined. Experiments conducted on the challenging task of skeleton-based action recognition show the superiority of the proposed method against different baselines as well as the related work.",Computer Vision
"Automatic segmentation of head and neck tumors plays an important role in radiomics analysis. In this short paper, we propose an automatic segmentation method for head and neck tumors from PET and CT images based on the combination of convolutional neural networks (CNNs) and hybrid active contours. Specifically, we first introduce a multi-channel 3D U-Net to segment the tumor with the concatenated PET and CT images. Then, we estimate the segmentation uncertainty by model ensembles and define a segmentation quality score to select the cases with high uncertainties. Finally, we develop a hybrid active contour model to refine the high uncertainty cases. Our method ranked second place in the MICCAI 2020 HECKTOR challenge with average Dice Similarity Coefficient, precision, and recall of 0.752, 0.838, and 0.717, respectively.",Computer Vision
"Dental caries is one of the most chronic diseases involving the majority of the population during their lifetime. Caries lesions are typically diagnosed by radiologists relying only on their visual inspection to detect via dental x-rays. In many cases, dental caries is hard to identify using x-rays and can be misinterpreted as shadows due to different reasons such as low image quality. Hence, developing a decision support system for caries detection has been a topic of interest in recent years. Here, we propose an automatic diagnosis system to detect dental caries in Panoramic images for the first time, to the best of authors' knowledge. The proposed model benefits from various pretrained deep learning models through transfer learning to extract relevant features from x-rays and uses a capsule network to draw prediction results. On a dataset of 470 Panoramic images used for features extraction, including 240 labeled images for classification, our model achieved an accuracy score of 86.05\% on the test set. The obtained score demonstrates acceptable detection performance and an increase in caries detection speed, as long as the challenges of using Panoramic x-rays of real patients are taken into account. Among images with caries lesions in the test set, our model acquired recall scores of 69.44\% and 90.52\% for mild and severe ones, confirming the fact that severe caries spots are more straightforward to detect and efficient mild caries detection needs a more robust and larger dataset. Considering the novelty of current research study as using Panoramic images, this work is a step towards developing a fully automated efficient decision support system to assist domain experts.",Computer Vision
"A robot that can operate in novel and unstructured environments must be capable of recognizing new, previously unseen, objects. In this work, a visual cue is used to specify a novel object of interest which must be localized in new environments. An end-to-end neural network equipped with a Siamese network is used to learn the cue, infer the object of interest, and then to localize it in new environments. We show that a simulated robot can pick-and-place novel objects pointed to by a laser pointer. We also evaluate the performance of the proposed approach on a dataset derived from the Omniglot handwritten character dataset and on a small dataset of toys.",Computer Vision
"Existing quantization aware training methods attempt to compensate for the quantization loss by leveraging on training data, like most of the post-training quantization methods, and are also time consuming. Both these methods are not effective for privacy constraint applications as they are tightly coupled with training data. In contrast, this paper proposes a data-independent post-training quantization scheme that eliminates the need for training data. This is achieved by generating a faux dataset, hereafter referred to as Retro-Synthesis Data, from the FP32 model layer statistics and further using it for quantization. This approach outperformed state-of-the-art methods including, but not limited to, ZeroQ and DFQ on models with and without Batch-Normalization layers for 8, 6, and 4 bit precisions on ImageNet and CIFAR-10 datasets. We also introduced two futuristic variants of post-training quantization methods namely Hybrid Quantization and Non-Uniform Quantization",Computer Vision
"Generative Adversarial Networks (GANs) have been extremely successful in various application domains such as computer vision, medicine, and natural language processing. Moreover, transforming an object or person to a desired shape become a well-studied research in the GANs. GANs are powerful models for learning complex distributions to synthesize semantically meaningful samples. However, there is a lack of comprehensive review in this field, especially lack of a collection of GANs loss-variant, evaluation metrics, remedies for diverse image generation, and stable training. Given the current fast GANs development, in this survey, we provide a comprehensive review of adversarial models for image synthesis. We summarize the synthetic image generation methods, and discuss the categories including image-to-image translation, fusion image generation, label-to-image mapping, and text-to-image translation. We organize the literature based on their base models, developed ideas related to architectures, constraints, loss functions, evaluation metrics, and training datasets. We present milestones of adversarial models, review an extensive selection of previous works in various categories, and present insights on the development route from the model-based to data-driven methods. Further, we highlight a range of potential future research directions. One of the unique features of this review is that all software implementations of these GAN methods and datasets have been collected and made available in one place at https://github.com/pshams55/GAN-Case-Study.",Computer Vision
"Generative Adversarial Networks (GANs) have gained momentum for their ability to model image distributions. They learn to emulate the training set and that enables sampling from that domain and using the knowledge learned for useful applications. Several methods proposed enhancing GANs, including regularizing the loss with some feature matching. We seek to push GANs beyond the data in the training and try to explore unseen territory in the image manifold. We first propose a new regularizer for GAN based on K-nearest neighbor (K-NN) selective feature matching to a target set Y in high-level feature space, during the adversarial training of GAN on the base set X, and we call this novel model K-GAN. We show that minimizing the added term follows from cross-entropy minimization between the distributions of GAN and the set Y. Then, We introduce a cascaded framework for GANs that try to address the task of imagining a new distribution that combines the base set X and target set Y by cascading sampling GANs with translation GANs, and we dub the cascade of such GANs as the Imaginative Adversarial Network (IAN). We conduct an objective and subjective evaluation for different IAN setups in the addressed task and show some useful applications for these IANs, like manifold traversing and creative face generation for characters' design in movies or video games.",Computer Vision
"We tackle the problem of semantic boundary prediction, which aims to identify pixels that belong to object(class) boundaries. We notice that relevant datasets consist of a significant level of label noise, reflecting the fact that precise annotations are laborious to get and thus annotators trade-off quality with efficiency. We aim to learn sharp and precise semantic boundaries by explicitly reasoning about annotation noise during training. We propose a simple new layer and loss that can be used with existing learning-based boundary detectors. Our layer/loss enforces the detector to predict a maximum response along the normal direction at an edge, while also regularizing its direction. We further reason about true object boundaries during training using a level set formulation, which allows the network to learn from misaligned labels in an end-to-end fashion. Experiments show that we improve over the CASENet backbone network by more than 4% in terms of MF(ODS) and 18.61% in terms of AP, outperforming all current state-of-the-art methods including those that deal with alignment. Furthermore, we show that our learned network can be used to significantly improve coarse segmentation labels, lending itself as an efficient way to label new data.",Computer Vision
"Is cognition a collection of loosely connected functions tuned to different tasks, or can there be a general learning algorithm? If such an hypothetical general algorithm did exist, tuned to our world, could it adapt seamlessly to a world with different laws of nature? We consider the theory that predictive coding is such a general rule, and falsify it for one specific neural architecture known for high-performance predictions on natural videos and replication of human visual illusions: PredNet. Our results show that PredNet's high performance generalizes without retraining on a completely different natural video dataset. Yet PredNet cannot be trained to reach even mediocre accuracy on an artificial video dataset created with the rules of the Game of Life (GoL). We also find that a submodule of PredNet, a Convolutional Neural Network trained alone, reaches perfect accuracy on the GoL while being mediocre for natural videos, showing that PredNet's architecture itself is responsible for both the high performance on natural videos and the loss of performance on the GoL. Just as humans cannot predict the dynamics of the GoL, our results suggest that there might be a trade-off between high performance on sensory inputs with different sets of rules.",Computer Vision
"Detecting objects in aerial images is challenging for at least two reasons: (1) target objects like pedestrians are very small in pixels, making them hardly distinguished from surrounding background; and (2) targets are in general sparsely and non-uniformly distributed, making the detection very inefficient. In this paper, we address both issues inspired by observing that these targets are often clustered. In particular, we propose a Clustered Detection (ClusDet) network that unifies object clustering and detection in an end-to-end framework. The key components in ClusDet include a cluster proposal sub-network (CPNet), a scale estimation sub-network (ScaleNet), and a dedicated detection network (DetecNet). Given an input image, CPNet produces object cluster regions and ScaleNet estimates object scales for these regions. Then, each scale-normalized cluster region is fed into DetecNet for object detection. ClusDet has several advantages over previous solutions: (1) it greatly reduces the number of chips for final object detection and hence achieves high running time efficiency, (2) the cluster-based scale estimation is more accurate than previously used single-object based ones, hence effectively improves the detection for small objects, and (3) the final DetecNet is dedicated for clustered regions and implicitly models the prior context information so as to boost detection accuracy. The proposed method is tested on three popular aerial image datasets including VisDrone, UAVDT and DOTA. In all experiments, ClusDet achieves promising performance in comparison with state-of-the-art detectors. Code will be available in \url{https://github.com/fyangneil}.",Computer Vision
"Machine learning has made major advances in categorizing objects in images, yet the best algorithms miss important aspects of how people learn and think about categories. People can learn richer concepts from fewer examples, including causal models that explain how members of a category are formed. Here, we explore the limits of this human ability to infer causal ""programs"" -- latent generating processes with nontrivial algorithmic properties -- from one, two, or three visual examples. People were asked to extrapolate the programs in several ways, for both classifying and generating new examples. As a theory of these inductive abilities, we present a Bayesian program learning model that searches the space of programs for the best explanation of the observations. Although variable, people's judgments are broadly consistent with the model and inconsistent with several alternatives, including a pre-trained deep neural network for object recognition, indicating that people can learn and reason with rich algorithmic abstractions from sparse input data.",Computer Vision
"The analysis of the collaborative learning process is one of the growing fields of education research, which has many different analytic solutions. In this paper, we provided a new solution to improve automated collaborative learning analyses using deep neural networks. Instead of using self-reported questionnaires, which are subject to bias and noise, we automatically extract group-working information by object recognition results using Mask R-CNN method. This process is based on detecting the people and other objects from pictures and video clips of the collaborative learning process, then evaluate the mobile learning performance using the collaborative indicators. We tested our approach to automatically evaluate the group-work collaboration in a controlled study of thirty-three dyads while performing an anatomy body painting intervention. The results indicate that our approach recognizes the differences of collaborations among teams of treatment and control groups in the case study. This work introduces new methods for automated quality prediction of collaborations among human-human interactions using computer vision techniques.",Computer Vision
"Virtual Human Simulation has been widely used for different purposes, such as comfort or accessibility analysis. In this paper, we investigate the possibility of using this type of technique to extend the training datasets of pedestrians to be used with machine learning techniques. Our main goal is to verify if Computer Graphics (CG) images of virtual humans with a simplistic rendering can be efficient in order to augment datasets used for training machine learning methods. In fact, from a machine learning point of view, there is a need to collect and label large datasets for ground truth, which sometimes demands manual annotation. In addition, find out images and videos with real people and also provide ground truth of people detection and counting is not trivial. If CG images, which can have a ground truth automatically generated, can also be used as training in machine learning techniques for pedestrian detection and counting, it can certainly facilitate and optimize the whole process of event detection. In particular, we propose to parametrize virtual humans using a data-driven approach. Results demonstrated that using the extended datasets with CG images outperforms the results when compared to only real images sequences.",Computer Vision
"Convolutional Neural Network (CNN) is achieving remarkable progress in various computer vision tasks. In the past few years, the remote sensing community has observed Deep Neural Network (DNN) finally taking off in several challenging fields. In this study, we propose a DNN to generate a predefined High Resolution (HR) synthetic spectral band using an ensemble of concurrent Low Resolution (LR) bands and existing HR bands. Of particular interest, the proposed network, namely DeepSWIR, synthesizes Short-Wave InfraRed (SWIR) band at 5m Ground Sampling Distance (GSD) using Green (G), Red (R) and Near InfraRed (NIR) bands at both 24m and 5m GSD, and SWIR band at 24m GSD. To our knowledge, the highest spatial resolution of commercially deliverable SWIR band is at 7.5m GSD. Also, we propose a Gaussian feathering based image stitching approach in light of processing large satellite imagery. To experimentally validate the synthesized HR SWIR band, we critically analyse the qualitative and quantitative results produced by DeepSWIR using state-of-the-art evaluation metrics. Further, we convert the synthesized DN values to Top Of Atmosphere (TOA) reflectance and compare with the corresponding band of Sentinel-2B. Finally, we show one real world application of the synthesized band by using it to map wetland resources over our region of interest.",Computer Vision
"We present a stereo-based dense mapping algorithm for large-scale dynamic urban environments. In contrast to other existing methods, we simultaneously reconstruct the static background, the moving objects, and the potentially moving but currently stationary objects separately, which is desirable for high-level mobile robotic tasks such as path planning in crowded environments. We use both instance-aware semantic segmentation and sparse scene flow to classify objects as either background, moving, or potentially moving, thereby ensuring that the system is able to model objects with the potential to transition from static to dynamic, such as parked cars. Given camera poses estimated from visual odometry, both the background and the (potentially) moving objects are reconstructed separately by fusing the depth maps computed from the stereo input. In addition to visual odometry, sparse scene flow is also used to estimate the 3D motions of the detected moving objects, in order to reconstruct them accurately. A map pruning technique is further developed to improve reconstruction accuracy and reduce memory consumption, leading to increased scalability. We evaluate our system thoroughly on the well-known KITTI dataset. Our system is capable of running on a PC at approximately 2.5Hz, with the primary bottleneck being the instance-aware semantic segmentation, which is a limitation we hope to address in future work. The source code is available from the project website (http://andreibarsan.github.io/dynslam).",Computer Vision
"Pattern analysis often requires a pre-processing stage for extracting or selecting features in order to help the classification, prediction, or clustering stage discriminate or represent the data in a better way. The reason for this requirement is that the raw data are complex and difficult to process without extracting or selecting appropriate features beforehand. This paper reviews theory and motivation of different common methods of feature selection and extraction and introduces some of their applications. Some numerical implementations are also shown for these methods. Finally, the methods in feature selection and extraction are compared.",Computer Vision
"In this work we explore how fine-grained differences between the shapes of common objects are expressed in language, grounded on images and 3D models of the objects. We first build a large scale, carefully controlled dataset of human utterances that each refers to a 2D rendering of a 3D CAD model so as to distinguish it from a set of shape-wise similar alternatives. Using this dataset, we develop neural language understanding (listening) and production (speaking) models that vary in their grounding (pure 3D forms via point-clouds vs. rendered 2D images), the degree of pragmatic reasoning captured (e.g. speakers that reason about a listener or not), and the neural architecture (e.g. with or without attention). We find models that perform well with both synthetic and human partners, and with held out utterances and objects. We also find that these models are amenable to zero-shot transfer learning to novel object classes (e.g. transfer from training on chairs to testing on lamps), as well as to real-world images drawn from furniture catalogs. Lesion studies indicate that the neural listeners depend heavily on part-related words and associate these words correctly with visual parts of objects (without any explicit network training on object parts), and that transfer to novel classes is most successful when known part-words are available. This work illustrates a practical approach to language grounding, and provides a case study in the relationship between object shape and linguistic structure when it comes to object differentiation.",Computer Vision
"In this paper, we propose a generative framework that unifies depth-based 3D facial pose tracking and face model adaptation on-the-fly, in the unconstrained scenarios with heavy occlusions and arbitrary facial expression variations. Specifically, we introduce a statistical 3D morphable model that flexibly describes the distribution of points on the surface of the face model, with an efficient switchable online adaptation that gradually captures the identity of the tracked subject and rapidly constructs a suitable face model when the subject changes. Moreover, unlike prior art that employed ICP-based facial pose estimation, to improve robustness to occlusions, we propose a ray visibility constraint that regularizes the pose based on the face model's visibility with respect to the input point cloud. Ablation studies and experimental results on Biwi and ICT-3DHP datasets demonstrate that the proposed framework is effective and outperforms completing state-of-the-art depth-based methods.",Computer Vision
"Thanks to recent advances in deep neural networks (DNNs), face recognition systems have become highly accurate in classifying a large number of face images. However, recent studies have found that DNNs could be vulnerable to adversarial examples, raising concerns about the robustness of such systems. Adversarial examples that are not restricted to small perturbations could be more serious since conventional certified defenses might be ineffective against them. To shed light on the vulnerability to such adversarial examples, we propose a flexible and efficient method for generating unrestricted adversarial examples using image translation techniques. Our method enables us to translate a source image into any desired facial appearance with large perturbations to deceive target face recognition systems. Our experimental results indicate that our method achieved about $90$ and $80\%$ attack success rates under white- and black-box settings, respectively, and that the translated images are perceptually realistic and maintain the identifiability of the individual while the perturbations are large enough to bypass certified defenses.",Computer Vision
"Early detection of lung cancer is an effective way to improve the survival rate of patients. It is a critical step to have accurate detection of lung nodules in computed tomography (CT) images for the diagnosis of lung cancer. However, due to the heterogeneity of the lung nodules and the complexity of the surrounding environment, robust nodule detection has been a challenging task. In this study, we propose a two-stage convolutional neural network (TSCNN) architecture for lung nodule detection. The CNN architecture in the first stage is based on the improved UNet segmentation network to establish an initial detection of lung nodules. Simultaneously, in order to obtain a high recall rate without introducing excessive false positive nodules, we propose a novel sampling strategy, and use the offline hard mining idea for training and prediction according to the proposed cascaded prediction method. The CNN architecture in the second stage is based on the proposed dual pooling structure, which is built into three 3D CNN classification networks for false positive reduction. Since the network training requires a significant amount of training data, we adopt a data augmentation method based on random mask. Furthermore, we have improved the generalization ability of the false positive reduction model by means of ensemble learning. The proposed method has been experimentally verified on the LUNA dataset. Experimental results show that the proposed TSCNN architecture can obtain competitive detection performance.",Computer Vision
"We propose an end-to-end deep learning learning model for graph classification and representation learning that is invariant to permutation of the nodes of the input graphs. We address the challenge of learning a fixed size graph representation for graphs of varying dimensions through a differentiable node attention pooling mechanism. In addition to a theoretical proof of its invariance to permutation, we provide empirical evidence demonstrating the statistically significant gain in accuracy when faced with an isomorphic graph classification task given only a small number of training examples. We analyse the effect of four different matrices to facilitate the local message passing mechanism by which graph convolutions are performed vs. a matrix parametrised by a learned parameter pair able to transition smoothly between the former. Finally, we show that our model achieves competitive classification performance with existing techniques on a set of molecule datasets.",Computer Vision
"In this paper, we describe a strategy for training neural networks for object detection in range images obtained from one type of LiDAR sensor using labeled data from a different type of LiDAR sensor. Additionally, an efficient model for object detection in range images for use in self-driving cars is presented. Currently, the highest performing algorithms for object detection from LiDAR measurements are based on neural networks. Training these networks using supervised learning requires large annotated datasets. Therefore, most research using neural networks for object detection from LiDAR point clouds is conducted on a very small number of publicly available datasets. Consequently, only a small number of sensor types are used. We use an existing annotated dataset to train a neural network that can be used with a LiDAR sensor that has a lower resolution than the one used for recording the annotated dataset. This is done by simulating data from the lower resolution LiDAR sensor based on the higher resolution dataset. Furthermore, improvements to models that use LiDAR range images for object detection are presented. The results are validated using both simulated sensor data and data from an actual lower resolution sensor mounted to a research vehicle. It is shown that the model can detect objects from 360° range images in real time.",Computer Vision
"With the improvement of the pattern recognition and feature extraction of Deep Neural Networks (DPNNs), image-based design and optimization have been widely used in multidisciplinary researches. Recently, a Reconstructive Neural Network (ReConNN) has been proposed to obtain an image-based model from an analysis-based model [1, 2], and a steady-state heat transfer of a heat sink has been successfully reconstructed. Commonly, this method is suitable to handle stable-state problems. However, it has difficulties handling nonlinear transient impact problems, due to the bottlenecks of the Deep Neural Network (DPNN). For example, nonlinear transient problems make it difficult for the Generative Adversarial Network (GAN) to generate various reasonable images. Therefore, in this study, an improved ReConNN method is proposed to address the mentioned weaknesses. Time-dependent ordered images can be generated. Furthermore, the improved method is successfully applied in impact simulation case and engineering experiment. Through the experiments, comparisons and analyses, the improved method is demonstrated to outperform the former one in terms of its accuracy, efficiency and costs.",Computer Vision
"We present a learning based approach for multi-view stereopsis (MVS). While current deep MVS methods achieve impressive results, they crucially rely on ground-truth 3D training data, and acquisition of such precise 3D geometry for supervision is a major hurdle. Our framework instead leverages photometric consistency between multiple views as supervisory signal for learning depth prediction in a wide baseline MVS setup. However, naively applying photo consistency constraints is undesirable due to occlusion and lighting changes across views. To overcome this, we propose a robust loss formulation that: a) enforces first order consistency and b) for each point, selectively enforces consistency with some views, thus implicitly handling occlusions. We demonstrate our ability to learn MVS without 3D supervision using a real dataset, and show that each component of our proposed robust loss results in a significant improvement. We qualitatively observe that our reconstructions are often more complete than the acquired ground truth, further showing the merits of this approach. Lastly, our learned model generalizes to novel settings, and our approach allows adaptation of existing CNNs to datasets without ground-truth 3D by unsupervised finetuning. Project webpage: https://tejaskhot.github.io/unsup_mvs",Computer Vision
"In e-commerce, product content, especially product images have a significant influence on a customer's journey from product discovery to evaluation and finally, purchase decision. Since many e-commerce retailers sell items from other third-party marketplace sellers besides their own, the content published by both internal and external content creators needs to be monitored and enriched, wherever possible. Despite guidelines and warnings, product listings that contain offensive and non-compliant images continue to enter catalogs. Offensive and non-compliant content can include a wide range of objects, logos, and banners conveying violent, sexually explicit, racist, or promotional messages. Such images can severely damage the customer experience, lead to legal issues, and erode the company brand. In this paper, we present a computer vision driven offensive and non-compliant image detection system for extremely large image datasets. This paper delves into the unique challenges of applying deep learning to real-world product image data from retail world. We demonstrate how we resolve a number of technical challenges such as lack of training data, severe class imbalance, fine-grained class definitions etc. using a number of practical yet unique technical strategies. Our system combines state-of-the-art image classification and object detection techniques with budgeted crowdsourcing to develop a solution customized for a massive, diverse, and constantly evolving product catalog.",Computer Vision
"We present the next generation of MobileNets based on a combination of complementary search techniques as well as a novel architecture design. MobileNetV3 is tuned to mobile phone CPUs through a combination of hardware-aware network architecture search (NAS) complemented by the NetAdapt algorithm and then subsequently improved through novel architecture advances. This paper starts the exploration of how automated search algorithms and network design can work together to harness complementary approaches improving the overall state of the art. Through this process we create two new MobileNet models for release: MobileNetV3-Large and MobileNetV3-Small which are targeted for high and low resource use cases. These models are then adapted and applied to the tasks of object detection and semantic segmentation. For the task of semantic segmentation (or any dense pixel prediction), we propose a new efficient segmentation decoder Lite Reduced Atrous Spatial Pyramid Pooling (LR-ASPP). We achieve new state of the art results for mobile classification, detection and segmentation. MobileNetV3-Large is 3.2\% more accurate on ImageNet classification while reducing latency by 15\% compared to MobileNetV2. MobileNetV3-Small is 4.6\% more accurate while reducing latency by 5\% compared to MobileNetV2. MobileNetV3-Large detection is 25\% faster at roughly the same accuracy as MobileNetV2 on COCO detection. MobileNetV3-Large LR-ASPP is 30\% faster than MobileNetV2 R-ASPP at similar accuracy for Cityscapes segmentation.",Computer Vision
"With advances in Generative Adversarial Networks (GANs) leading to dramatically-improved synthetic images and video, there is an increased need for algorithms which extend traditional forensics to this new category of imagery. While GANs have been shown to be helpful in a number of computer vision applications, there are other problematic uses such as `deep fakes' which necessitate such forensics. Source camera attribution algorithms using various cues have addressed this need for imagery captured by a camera, but there are fewer options for synthetic imagery. We address the problem of attributing a synthetic image to a specific generator in a white box setting, by inverting the process of generation. This enables us to simultaneously determine whether the generator produced the image and recover an input which produces a close match to the synthetic image.",Computer Vision
"The main challenge of Multiple Object Tracking (MOT) is the efficiency in associating indefinite number of objects between video frames. Standard motion estimators used in tracking, e.g., Long Short Term Memory (LSTM), only deal with single object, while Re-IDentification (Re-ID) based approaches exhaustively compare object appearances. Both approaches are computationally costly when they are scaled to a large number of objects, making it very difficult for real-time MOT. To address these problems, we propose a highly efficient Deep Neural Network (DNN) that simultaneously models association among indefinite number of objects. The inference computation of the DNN does not increase with the number of objects. Our approach, Frame-wise Motion and Appearance (FMA), computes the Frame-wise Motion Fields (FMF) between two frames, which leads to very fast and reliable matching among a large number of object bounding boxes. As auxiliary information is used to fix uncertain matches, Frame-wise Appearance Features (FAF) are learned in parallel with FMFs. Extensive experiments on the MOT17 benchmark show that our method achieved real-time MOT with competitive results as the state-of-the-art approaches.",Computer Vision
"Zero-shot sketch-based image retrieval (ZS-SBIR) is a specific cross-modal retrieval task for retrieving natural images with free-hand sketches under zero-shot scenario. Previous works mostly focus on modeling the correspondence between images and sketches or synthesizing image features with sketch features. However, both of them ignore the large intra-class variance of sketches, thus resulting in unsatisfactory retrieval performance. In this paper, we propose a novel end-to-end semantic adversarial approach for ZS-SBIR. Specifically, we devise a semantic adversarial module to maximize the consistency between learned semantic features and category-level word vectors. Moreover, to preserve the discriminability of synthesized features within each training category, a triplet loss is employed for the generative module. Additionally, the proposed model is trained in an end-to-end strategy to exploit better semantic features suitable for ZS-SBIR. Extensive experiments conducted on two large-scale popular datasets demonstrate that our proposed approach remarkably outperforms state-of-the-art approaches by more than 12\% on Sketchy dataset and about 3\% on TU-Berlin dataset in the retrieval.",Computer Vision
"Combining CNN with CRF for modeling dependencies between pixel labels is a popular research direction. This task is far from trivial, especially if end-to-end training is desired. In this paper, we propose a novel simple approach to CNN+CRF combination. In particular, we propose to simulate a CRF regularizer with a trainable module that has standard CNN architecture. We call this module a CRF Simulator. We can automatically generate an unlimited amount of ground truth for training such CRF Simulator without any user interaction, provided we have an efficient algorithm for optimization of the actual CRF regularizer. After our CRF Simulator is trained, it can be directly incorporated as part of any larger CNN architecture, enabling a seamless end-to-end training. In particular, the other modules can learn parameters that are more attuned to the performance of the CRF Simulator module. We demonstrate the effectiveness of our approach on the task of salient object segmentation regularized with the standard binary CRF energy. In contrast to previous work we do not need to develop and implement the complex mechanics of optimizing a specific CRF as part of CNN. In fact, our approach can be easily extended to other CRF energies, including multi-label. To the best of our knowledge we are the first to study the question of whether the output of CNNs can have regularization properties of CRFs.",Computer Vision
"Feature upsampling is a key operation in a number of modern convolutional network architectures, e.g. feature pyramids. Its design is critical for dense prediction tasks such as object detection and semantic/instance segmentation. In this work, we propose Content-Aware ReAssembly of FEatures (CARAFE), a universal, lightweight and highly effective operator to fulfill this goal. CARAFE has several appealing properties: (1) Large field of view. Unlike previous works (e.g. bilinear interpolation) that only exploit sub-pixel neighborhood, CARAFE can aggregate contextual information within a large receptive field. (2) Content-aware handling. Instead of using a fixed kernel for all samples (e.g. deconvolution), CARAFE enables instance-specific content-aware handling, which generates adaptive kernels on-the-fly. (3) Lightweight and fast to compute. CARAFE introduces little computational overhead and can be readily integrated into modern network architectures. We conduct comprehensive evaluations on standard benchmarks in object detection, instance/semantic segmentation and inpainting. CARAFE shows consistent and substantial gains across all the tasks (1.2%, 1.3%, 1.8%, 1.1db respectively) with negligible computational overhead. It has great potential to serve as a strong building block for future research. It has great potential to serve as a strong building block for future research. Code and models are available at https://github.com/open-mmlab/mmdetection.",Computer Vision
"This study proposes a deep learning methodology to predict the propagation of traffic shockwaves. The input to the deep neural network is time-space diagram of the study segment, and the output of the network is the predicted (future) propagation of the shockwave on the study segment in the form of time-space diagram. The main feature of the proposed methodology is the ability to extract the features embedded in the time-space diagram to predict the propagation of traffic shockwaves.",Computer Vision
"We present ARCHANGEL; a novel distributed ledger based system for assuring the long-term integrity of digital video archives. First, we describe a novel deep network architecture for computing compact temporal content hashes (TCHs) from audio-visual streams with durations of minutes or hours. Our TCHs are sensitive to accidental or malicious content modification (tampering) but invariant to the codec used to encode the video. This is necessary due to the curatorial requirement for archives to format shift video over time to ensure future accessibility. Second, we describe how the TCHs (and the models used to derive them) are secured via a proof-of-authority blockchain distributed across multiple independent archives. We report on the efficacy of ARCHANGEL within the context of a trial deployment in which the national government archives of the United Kingdom, Estonia and Norway participated.",Computer Vision
"As an intuitive way of expression emotion, the animated Graphical Interchange Format (GIF) images have been widely used on social media. Most previous studies on automated GIF emotion recognition fail to effectively utilize GIF's unique properties, and this potentially limits the recognition performance. In this study, we demonstrate the importance of human related information in GIFs and conduct human-centered GIF emotion recognition with a proposed Keypoint Attended Visual Attention Network (KAVAN). The framework consists of a facial attention module and a hierarchical segment temporal module. The facial attention module exploits the strong relationship between GIF contents and human characters, and extracts frame-level visual feature with a focus on human faces. The Hierarchical Segment LSTM (HS-LSTM) module is then proposed to better learn global GIF representations. Our proposed framework outperforms the state-of-the-art on the MIT GIFGIF dataset. Furthermore, the facial attention module provides reliable facial region mask predictions, which improves the model's interpretability.",Computer Vision
"Understanding why machine learning algorithms may fail is usually the task of the human expert that uses domain knowledge and contextual information to discover systematic shortcomings in either the data or the algorithm. In this paper, we propose a semantic referee, which is able to extract qualitative features of the errors emerging from deep machine learning frameworks and suggest corrections. The semantic referee relies on ontological reasoning about spatial knowledge in order to characterize errors in terms of their spatial relations with the environment. Using semantics, the reasoner interacts with the learning algorithm as a supervisor. In this paper, the proposed method of the interaction between a neural network classifier and a semantic referee shows how to improve the performance of semantic segmentation for satellite imagery data.",Computer Vision
"Reflections in natural images commonly cause false positives in automated detection systems. These false positives can lead to significant impairment of accuracy in the tasks of detection, counting and segmentation. Here, inspired by the recent panoptic approach to segmentation, we show how fusing instance and semantic segmentation can automatically identify reflection false positives, without explicitly needing to have the reflective regions labelled. We explore in detail how state of the art two-stage detectors suffer a loss of broader contextual features, and hence are unable to learn to ignore these reflections. We then present an approach to fuse instance and semantic segmentations for this application, and subsequently show how this reduces false positive detections in a real world surveillance data with a large number of reflective surfaces. This demonstrates how panoptic segmentation and related work, despite being in its infancy, can already be useful in real world computer vision problems.",Computer Vision
"Image matting is generally modeled as a space transform from the color space to the alpha space. By estimating the alpha factor of the model, the foreground of an image can be extracted. However, there is some dimensional information redundancy in the alpha space. It usually leads to the misjudgments of some pixels near the boundary between the foreground and the background. In this paper, a manifold matting framework named Patch Alignment Manifold Matting is proposed for image matting. In particular, we first propose a part modeling of color space in the local image patch. We then perform whole alignment optimization for approximating the alpha results using subspace reconstructing error. Furthermore, we utilize Nesterov's algorithm to solve the optimization problem. Finally, we apply some manifold learning methods in the framework, and obtain several image matting methods, such as named ISOMAP matting and its derived Cascade ISOMAP matting. The experimental results reveal that the manifold matting framework and its two examples are effective when compared with several representative matting methods.",Computer Vision
"Point cloud analysis is very challenging, as the shape implied in irregular points is difficult to capture. In this paper, we propose RS-CNN, namely, Relation-Shape Convolutional Neural Network, which extends regular grid CNN to irregular configuration for point cloud analysis. The key to RS-CNN is learning from relation, i.e., the geometric topology constraint among points. Specifically, the convolutional weight for local point set is forced to learn a high-level relation expression from predefined geometric priors, between a sampled point from this point set and the others. In this way, an inductive local representation with explicit reasoning about the spatial layout of points can be obtained, which leads to much shape awareness and robustness. With this convolution as a basic operator, RS-CNN, a hierarchical architecture can be developed to achieve contextual shape-aware learning for point cloud analysis. Extensive experiments on challenging benchmarks across three tasks verify RS-CNN achieves the state of the arts.",Computer Vision
"Zero shot learning (ZSL) aims to recognize unseen classes by exploiting semantic relationships between seen and unseen classes. Two major problems faced by ZSL algorithms are the hubness problem and the bias towards the seen classes. Existing ZSL methods focus on only one of these problems in the conventional and generalized ZSL setting. In this work, we propose a novel approach, Semantically Aligned Bias Reducing (SABR) ZSL, which focuses on solving both the problems. It overcomes the hubness problem by learning a latent space that preserves the semantic relationship between the labels while encoding the discriminating information about the classes. Further, we also propose ways to reduce the bias of the seen classes through a simple cross-validation process in the inductive setting and a novel weak transfer constraint in the transductive setting. Extensive experiments on three benchmark datasets suggest that the proposed model significantly outperforms existing state-of-the-art algorithms by ~1.5-9% in the conventional ZSL setting and by ~2-14% in the generalized ZSL for both the inductive and transductive settings.",Computer Vision
"In this paper, we propose an efficient multi-scale geometric consistency guided multi-view stereo method for accurate and complete depth map estimation. We first present our basic multi-view stereo method with Adaptive Checkerboard sampling and Multi-Hypothesis joint view selection (ACMH). It leverages structured region information to sample better candidate hypotheses for propagation and infer the aggregation view subset at each pixel. For the depth estimation of low-textured areas, we further propose to combine ACMH with multi-scale geometric consistency guidance (ACMM) to obtain the reliable depth estimates for low-textured areas at coarser scales and guarantee that they can be propagated to finer scales. To correct the erroneous estimates propagated from the coarser scales, we present a novel detail restorer. Experiments on extensive datasets show our method achieves state-of-the-art performance, recovering the depth estimation not only in low-textured areas but also in details.",Computer Vision
"Biomedical imaging is a driver of scientific discovery and core component of medical care, currently stimulated by the field of deep learning. While semantic segmentation algorithms enable 3D image analysis and quantification in many applications, the design of respective specialised solutions is non-trivial and highly dependent on dataset properties and hardware conditions. We propose nnU-Net, a deep learning framework that condenses the current domain knowledge and autonomously takes the key decisions required to transfer a basic architecture to different datasets and segmentation tasks. Without manual tuning, nnU-Net surpasses most specialised deep learning pipelines in 19 public international competitions and sets a new state of the art in the majority of the 49 tasks. The results demonstrate a vast hidden potential in the systematic adaptation of deep learning methods to different datasets. We make nnU-Net publicly available as an open-source tool that can effectively be used out-of-the-box, rendering state of the art segmentation accessible to non-experts and catalyzing scientific progress as a framework for automated method design.",Computer Vision
"Frequent mine disasters cause a large number of casualties and property losses. Autonomous driving is a fundamental measure for solving this problem, and track detection is one of the key technologies for computer vision to achieve downhole automatic driving. The track detection result based on the traditional convolutional neural network (CNN) algorithm lacks the detailed and unique description of the object and relies too much on visual postprocessing technology. Therefore, this paper proposes a track detection algorithm based on a multiscale conditional generative adversarial network (CGAN). The generator is decomposed into global and local parts using a multigranularity structure in the generator network. A multiscale shared convolution structure is adopted in the discriminator network to further supervise training the generator. Finally, the Monte Carlo search technique is introduced to search the intermediate state of the generator, and the result is sent to the discriminator for comparison. Compared with the existing work, our model achieved 82.43\% pixel accuracy and an average intersection-over-union (IOU) of 0.6218, and the detection of the track reached 95.01\% accuracy in the downhole roadway scene test set.",Computer Vision
"In object detection, keypoint-based approaches often suffer a large number of incorrect object bounding boxes, arguably due to the lack of an additional look into the cropped regions. This paper presents an efficient solution which explores the visual patterns within each cropped region with minimal costs. We build our framework upon a representative one-stage keypoint-based detector named CornerNet. Our approach, named CenterNet, detects each object as a triplet, rather than a pair, of keypoints, which improves both precision and recall. Accordingly, we design two customized modules named cascade corner pooling and center pooling, which play the roles of enriching information collected by both top-left and bottom-right corners and providing more recognizable information at the central regions, respectively. On the MS-COCO dataset, CenterNet achieves an AP of 47.0%, which outperforms all existing one-stage detectors by at least 4.9%. Meanwhile, with a faster inference speed, CenterNet demonstrates quite comparable performance to the top-ranked two-stage detectors. Code is available at https://github.com/Duankaiwen/CenterNet.",Computer Vision
"We present a novel deep convolutional network pipeline, LO-Net, for real-time lidar odometry estimation. Unlike most existing lidar odometry (LO) estimations that go through individually designed feature selection, feature matching, and pose estimation pipeline, LO-Net can be trained in an end-to-end manner. With a new mask-weighted geometric constraint loss, LO-Net can effectively learn feature representation for LO estimation, and can implicitly exploit the sequential dependencies and dynamics in the data. We also design a scan-to-map module, which uses the geometric and semantic information learned in LO-Net, to improve the estimation accuracy. Experiments on benchmark datasets demonstrate that LO-Net outperforms existing learning based approaches and has similar accuracy with the state-of-the-art geometry-based approach, LOAM.",Computer Vision
"Hyperspectral image (HSI) consists of hundreds of continuous narrow bands with high spectral correlation, which would lead to the so-called Hughes phenomenon and the high computational cost in processing. Band selection has been proven effective in avoiding such problems by removing the redundant bands. However, many of existing band selection methods separately estimate the significance for every single band and cannot fully consider the nonlinear and global interaction between spectral bands. In this paper, by assuming that a complete HSI can be reconstructed from its few informative bands, we propose a general band selection framework, Band Selection Network (termed as BS-Net). The framework consists of a band attention module (BAM), which aims to explicitly model the nonlinear inter-dependencies between spectral bands, and a reconstruction network (RecNet), which is used to restore the original HSI cube from the learned informative bands, resulting in a flexible architecture. The resulting framework is end-to-end trainable, making it easier to train from scratch and to combine with existing networks. We implement two BS-Nets respectively using fully connected networks (BS-Net-FC) and convolutional neural networks (BS-Net-Conv), and compare the results with many existing band selection approaches for three real hyperspectral images, demonstrating that the proposed BS-Nets can accurately select informative band subset with less redundancy and achieve significantly better classification performance with an acceptable time cost.",Computer Vision
"In this paper, we provide a comprehensive analysis of periocular-based sex-prediction (commonly referred to as gender classification) using state-of-the-art machine learning techniques. In order to reflect a more challenging scenario where periocular images are likely to be obtained from an unknown source, i.e. sensor, convolutional neural networks are trained on fused sets composed of several near-infrared (NIR) and visible wavelength (VW) image databases. In a cross-sensor scenario within each spectrum an average classification accuracy of approximately 85\% is achieved. When sex-prediction is performed across spectra an average classification accuracy of about 82\% is obtained. Finally, a multi-spectral sex-prediction yields a classification accuracy of 83\% on average. Compared to proposed works, obtained results provide a more realistic estimation of the feasibility to predict a subject's sex from the periocular region.",Computer Vision
"In man-made environments, such as indoor and urban scenes, most of the objects and structures are organized in the form of orthogonal and parallel planes. These planes can be approximated by the Atlanta world assumption, in which the normals of planes can be represented by the Atlanta frames. Atlanta world assumption, which can be considered as a generalized Manhattan world assumption, has one vertical frame and multiple horizontal frames. Conventionally, given a set of inputs such as surface normals, the Atlanta frame estimation problem can be solved in one-time by branch-and-bound (BnB). However, the runtime of the BnB algorithm will increase greatly when the dimensionality (i.e., the number of horizontal frames) increases. In this paper, we estimate only the vertical direction instead of all Atlanta frames at once. Accordingly, we propose a vertical direction estimation method by considering the relationship between the vertical frame and horizontal frames. Concretely, our approach employs a BnB algorithm to search the vertical direction guaranteeing global optimality without requiring prior knowledge of the number of Atlanta frames. Four novel bounds by mapping 3D-hemisphere to a 2D region are investigated to guarantee convergence. We verify the validity of the proposed method in various challenging synthetic and real-world data.",Computer Vision
"Convolutional neural networks (CNNs) deliver exceptional results for computer vision, including medical image analysis. With the growing number of available architectures, picking one over another is far from obvious. Existing art suggests that, when performing transfer learning, the performance of CNN architectures on ImageNet correlates strongly with their performance on target tasks. We evaluate that claim for melanoma classification, over 9 CNNs architectures, in 5 sets of splits created on the ISIC Challenge 2017 dataset, and 3 repeated measures, resulting in 135 models. The correlations we found were, to begin with, much smaller than those reported by existing art, and disappeared altogether when we considered only the top-performing networks: uncontrolled nuisances (i.e., splits and randomness) overcome any of the analyzed factors. Whenever possible, the best approach for melanoma classification is still to create ensembles of multiple models. We compared two choices for selecting which models to ensemble: picking them at random (among a pool of high-quality ones) vs. using the validation set to determine which ones to pick first. For small ensembles, we found a slight advantage on the second approach but found that random choice was also competitive. Although our aim in this paper was not to maximize performance, we easily reached AUCs comparable to the first place on the ISIC Challenge 2017.",Computer Vision
"Deep learning techniques are recently being used in fundus image analysis and diabetic retinopathy detection. Microaneurysms are an important indicator of diabetic retinopathy progression. We introduce a two-stage deep learning approach for microaneurysms segmentation using multiple scales of the input with selective sampling and embedding triplet loss. The model first segments on two scales and then the segmentations are refined with a classification model. To enhance the discriminative power of the classification model, we incorporate triplet embedding loss with a selective sampling routine. The model is evaluated quantitatively to assess the segmentation performance and qualitatively to analyze the model predictions. This approach introduces a 30.29% relative improvement over the fully convolutional neural network.",Computer Vision
"In recent years, estimating the 6D pose of object instances with convolutional neural network (CNN) has received considerable attention. Depending on whether intermediate cues are used, the relevant literature can be roughly divided into two broad categories: direct methods and two stage pipelines. For the latter, intermediate cues, such as 3D object coordinates, semantic keypoints, or virtual control points instead of pose parameters are regressed by CNN in the first stage. Object pose can then be solved by correspondence constraints constructed with these intermediate cues. In this paper, we focus on the postprocessing of a two-stage pipeline and propose to combine two learning concepts for estimating object pose under challenging scenes: projection grouping on one side, and correspondence learning on the other. We firstly employ a local patch based method to predict projection heatmaps which denote the confidence distribution of projection of 3D bounding box's corners. A projection grouping module is then proposed to remove redundant local maxima from each layer of heatmaps. Instead of directly feeding 2D-3D correspondences to the perspective-n-point (PnP) algorithm, multiple correspondence hypotheses are sampled from local maxima and its corresponding neighborhood and ranked by a correspondence-evaluation network. Finally, correspondences with higher confidence are selected to determine object pose. Extensive experiments on three public datasets demonstrate that the proposed framework outperforms several state of the art methods.",Computer Vision
"Style transfer algorithms strive to render the content of one image using the style of another. We propose Style Transfer by Relaxed Optimal Transport and Self-Similarity (STROTSS), a new optimization-based style transfer algorithm. We extend our method to allow user-specified point-to-point or region-to-region control over visual similarity between the style image and the output. Such guidance can be used to either achieve a particular visual effect or correct errors made by unconstrained style transfer. In order to quantitatively compare our method to prior work, we conduct a large-scale user study designed to assess the style-content tradeoff across settings in style transfer algorithms. Our results indicate that for any desired level of content preservation, our method provides higher quality stylization than prior work. Code is available at https://github.com/nkolkin13/STROTSS",Computer Vision
"Semi-supervised learning lately has shown much promise in improving deep learning models when labeled data is scarce. Common among recent approaches is the use of consistency training on a large amount of unlabeled data to constrain model predictions to be invariant to input noise. In this work, we present a new perspective on how to effectively noise unlabeled examples and argue that the quality of noising, specifically those produced by advanced data augmentation methods, plays a crucial role in semi-supervised learning. By substituting simple noising operations with advanced data augmentation methods such as RandAugment and back-translation, our method brings substantial improvements across six language and three vision tasks under the same consistency training framework. On the IMDb text classification dataset, with only 20 labeled examples, our method achieves an error rate of 4.20, outperforming the state-of-the-art model trained on 25,000 labeled examples. On a standard semi-supervised learning benchmark, CIFAR-10, our method outperforms all previous approaches and achieves an error rate of 5.43 with only 250 examples. Our method also combines well with transfer learning, e.g., when finetuning from BERT, and yields improvements in high-data regime, such as ImageNet, whether when there is only 10% labeled data or when a full labeled set with 1.3M extra unlabeled examples is used. Code is available at https://github.com/google-research/uda.",Computer Vision
"Given a collection of bags where each bag is a set of images, our goal is to select one image from each bag such that the selected images are from the same object class. We model the selection as an energy minimization problem with unary and pairwise potential functions. Inspired by recent few-shot learning algorithms, we propose an approach to learn the potential functions directly from the data. Furthermore, we propose a fast greedy inference algorithm for energy minimization. We evaluate our approach on few-shot common object recognition as well as object co-localization tasks. Our experiments show that learning the pairwise and unary terms greatly improves the performance of the model over several well-known methods for these tasks. The proposed greedy optimization algorithm achieves performance comparable to state-of-the-art structured inference algorithms while being ~10 times faster. The code is publicly available on https://github.com/haamoon/finding_common_object.",Computer Vision
"We contribute a dense SLAM system that takes a live stream of depth images as input and reconstructs non-rigid deforming scenes in real time, without templates or prior models. In contrast to existing approaches, we do not maintain any volumetric data structures, such as truncated signed distance function (TSDF) fields or deformation fields, which are performance and memory intensive. Our system works with a flat point (surfel) based representation of geometry, which can be directly acquired from commodity depth sensors. Standard graphics pipelines and general purpose GPU (GPGPU) computing are leveraged for all central operations: i.e., nearest neighbor maintenance, non-rigid deformation field estimation and fusion of depth measurements. Our pipeline inherently avoids expensive volumetric operations such as marching cubes, volumetric fusion and dense deformation field update, leading to significantly improved performance. Furthermore, the explicit and flexible surfel based geometry representation enables efficient tackling of topology changes and tracking failures, which makes our reconstructions consistent with updated depth observations. Our system allows robots to maintain a scene description with non-rigidly deformed objects that potentially enables interactions with dynamic working environments.",Computer Vision
"This paper investigates the utilization of an end-to-end diarization model as post-processing of conventional clustering-based diarization. Clustering-based diarization methods partition frames into clusters of the number of speakers; thus, they typically cannot handle overlapping speech because each frame is assigned to one speaker. On the other hand, some end-to-end diarization methods can handle overlapping speech by treating the problem as multi-label classification. Although some methods can treat a flexible number of speakers, they do not perform well when the number of speakers is large. To compensate for each other's weakness, we propose to use a two-speaker end-to-end diarization method as post-processing of the results obtained by a clustering-based method. We iteratively select two speakers from the results and update the results of the two speakers to improve the overlapped region. Experimental results show that the proposed algorithm consistently improved the performance of the state-of-the-art methods across CALLHOME, AMI, and DIHARD II datasets.",Natural Language Processing
"Distantly supervised relation extraction has been widely applied in knowledge base construction due to its less requirement of human efforts. However, the automatically established training datasets in distant supervision contain low-quality instances with noisy words and overlapped relations, introducing great challenges to the accurate extraction of relations. To address this problem, we propose a novel Regularized Attentive Capsule Network (RA-CapNet) to better identify highly overlapped relations in each informal sentence. To discover multiple relation features in an instance, we embed multi-head attention into the capsule network as the low-level capsules, where the subtraction of two entities acts as a new form of relation query to select salient features regardless of their positions. To further discriminate overlapped relation features, we devise disagreement regularization to explicitly encourage the diversity among both multiple attention heads and low-level capsules. Extensive experiments conducted on widely used datasets show that our model achieves significant improvements in relation extraction.",Natural Language Processing
"Although several automatic itinerary generation services have made travel planning easy, often times travellers find themselves in unique situations where they cannot make the best out of their trip. Visitors differ in terms of many factors such as suffering from a disability, being of a particular dietary preference, travelling with a toddler, etc. While most tourist spots are universal, others may not be inclusive for all. In this paper, we focus on the problem of mining inclusion and exclusion phrases associated with 11 such factors, from reviews related to a tourist spot. While existing work on tourism data mining mainly focuses on structured extraction of trip related information, personalized sentiment analysis, and automatic itinerary generation, to the best of our knowledge this is the first work on inclusion/exclusion phrase mining from tourism reviews. Using a dataset of 2000 reviews related to 1000 tourist spots, our broad level classifier provides a binary overlap F1 of $\sim$80 and $\sim$82 to classify a phrase as inclusion or exclusion respectively. Further, our inclusion/exclusion classifier provides an F1 of $\sim$98 and $\sim$97 for 11-class inclusion and exclusion classification respectively. We believe that our work can significantly improve the quality of an automatic itinerary generation service.",Natural Language Processing
"Speech synthesis might hold the key to low-resource speech recognition. Data augmentation techniques have become an essential part of modern speech recognition training. Yet, they are simple, naive, and rarely reflect real-world conditions. Meanwhile, speech synthesis techniques have been rapidly getting closer to the goal of achieving human-like speech. In this paper, we investigate the possibility of using synthesized speech as a form of data augmentation to lower the resources necessary to build a speech recognizer. We experiment with three different kinds of synthesizers: statistical parametric, neural, and adversarial. Our findings are interesting and point to new research directions for the future.",Natural Language Processing
"NLP Interpretability aims to increase trust in model predictions. This makes evaluating interpretability approaches a pressing issue. There are multiple datasets for evaluating NLP Interpretability, but their dependence on human provided ground truths raises questions about their unbiasedness. In this work, we take a different approach and formulate a specific classification task by diverting question-answering datasets. For this custom classification task, the interpretability ground-truth arises directly from the definition of the classification problem. We use this method to propose a benchmark and lay the groundwork for future research in NLP interpretability by evaluating a wide range of current state of the art methods.",Natural Language Processing
"To quantify how well natural language understanding models can capture consistency in a general conversation, we introduce the DialoguE COntradiction DEtection task (DECODE) and a new conversational dataset containing both human-human and human-bot contradictory dialogues. We then compare a structured utterance-based approach of using pre-trained Transformer models for contradiction detection with the typical unstructured approach. Results reveal that: (i) our newly collected dataset is notably more effective at providing supervision for the dialogue contradiction detection task than existing NLI data including those aimed to cover the dialogue domain; (ii) the structured utterance-based approach is more robust and transferable on both analysis and out-of-distribution dialogues than its unstructured counterpart. We also show that our best contradiction detection model correlates well with human judgments and further provide evidence for its usage in both automatically evaluating and improving the consistency of state-of-the-art generative chatbots.",Natural Language Processing
"How do social-ecological systems change over time? In 2002 Holling and colleagues proposed the concept of Panarchy, which presented social-ecological systems as an interacting set of adaptive cycles, each of which is produced by the dynamic tensions between novelty and efficiency at multiple scales. Initially introduced as a conceptual framework and set of metaphors, panarchy has gained the attention of scholars across many disciplines and its ideas continue to inspire further conceptual developments. Almost twenty years after this concept was introduced we review how it has been used, tested, extended and revised. We do this by combining qualitative methods and machine learning. Document analysis was used to code panarchy features that are commonly used in the scientific literature (N = 42), a qualitative analysis that was complemented with topic modeling of 2177 documents. We find that the adaptive cycle is the feature of panarchy that has attracted the most attention. Challenges remain in empirically grounding the metaphor, but recent theoretical and empirical work offers some avenues for future research.",Natural Language Processing
"The impact of Universities on the social, economic and political landscape is one of the key directions in contemporary educational evaluation. In this paper, we discuss the new methodological technique that evaluates the impact of university based on popularity (number of page-views) of their alumni's pages on Wikipedia. It allows revealing the alumni popularity dynamics and tracking its state. Preliminary analysis shows that the number of page-views is higher for the contemporary persons that prove the perspectives of this approach. Then, universities were ranked based on the methodology and compared to the famous international university rankings ARWU and QS based only on alumni scales: for the top 10 universities, there is an intersection of two universities (Columbia University, Stanford University). The correlation coefficients between different university rankings are provided in the paper. Finally, the ranking based on the alumni popularity was compared with the ranking of universities based on the popularity of their webpages on Wikipedia: there is a strong connection between these indicators.",Natural Language Processing
"Recently, Nogueira et al. [2019] proposed a new approach to document expansion based on a neural Seq2Seq model, showing significant improvement on short text retrieval task. However, this approach needs a large amount of in-domain training data. In this paper, we show that this neural document expansion approach can be effectively adapted to standard IR tasks, where labels are scarce and many long documents are present.",Natural Language Processing
"Spoken question answering (SQA) is challenging due to complex reasoning on top of the spoken documents. The recent studies have also shown the catastrophic impact of automatic speech recognition (ASR) errors on SQA. Therefore, this work proposes to mitigate the ASR errors by aligning the mismatch between ASR hypotheses and their corresponding reference transcriptions. An adversarial model is applied to this domain adaptation task, which forces the model to learn domain-invariant features the QA model can effectively utilize in order to improve the SQA results. The experiments successfully demonstrate the effectiveness of our proposed model, and the results are better than the previous best model by 2% EM score.",Natural Language Processing
"Community question-answering (CQA) platforms have become very popular forums for asking and answering questions daily. While these forums are rich repositories of community knowledge, they present challenges for finding relevant answers and similar questions, due to the open-ended nature of informal discussions. Further, if the platform allows questions and answers in multiple languages, we are faced with the additional challenge of matching cross-lingual information. In this work, we focus on the cross-language question re-ranking shared task, which aims to find existing questions that may be written in different languages. Our contribution is an exploration of query expansion techniques for this problem. We investigate expansions based on Word Embeddings, DBpedia concepts linking, and Hypernym, and show that they outperform existing state-of-the-art methods.",Natural Language Processing
"This paper provides a new way to improve the efficiency of the REINFORCE training process. We apply it to the task of instance selection in distant supervision. Modeling the instance selection in one bag as a sequential decision process, a reinforcement learning agent is trained to determine whether an instance is valuable or not and construct a new bag with less noisy instances. However unbiased methods, such as REINFORCE, could usually take much time to train. This paper adopts posterior regularization (PR) to integrate some domain-specific rules in instance selection using REINFORCE. As the experiment results show, this method remarkably improves the performance of the relation classifier trained on cleaned distant supervision dataset as well as the efficiency of the REINFORCE training.",Natural Language Processing
"End-to-end speech translation (ST), which directly translates from source language speech into target language text, has attracted intensive attentions in recent years. Compared to conventional pipeline systems, end-to-end ST models have advantages of lower latency, smaller model size and less error propagation. However, the combination of speech recognition and text translation in one model is more difficult than each of these two tasks. In this paper, we propose a knowledge distillation approach to improve ST model by transferring the knowledge from text translation model. Specifically, we first train a text translation model, regarded as a teacher model, and then ST model is trained to learn output probabilities from teacher model through knowledge distillation. Experiments on English- French Augmented LibriSpeech and English-Chinese TED corpus show that end-to-end ST is possible to implement on both similar and dissimilar language pairs. In addition, with the instruction of teacher model, end-to-end ST model can gain significant improvements by over 3.5 BLEU points.",Natural Language Processing
"Frequently Asked Question (FAQ) retrieval is an important task where the objective is to retrieve an appropriate Question-Answer (QA) pair from a database based on a user's query. We propose a FAQ retrieval system that considers the similarity between a user's query and a question as well as the relevance between the query and an answer. Although a common approach to FAQ retrieval is to construct labeled data for training, it takes annotation costs. Therefore, we use a traditional unsupervised information retrieval system to calculate the similarity between the query and question. On the other hand, the relevance between the query and answer can be learned by using QA pairs in a FAQ database. The recently-proposed BERT model is used for the relevance calculation. Since the number of QA pairs in FAQ page is not enough to train a model, we cope with this issue by leveraging FAQ sets that are similar to the one in question. We evaluate our approach on two datasets. The first one is localgovFAQ, a dataset we construct in a Japanese administrative municipality domain. The second is StackExchange dataset, which is the public dataset in English. We demonstrate that our proposed method outperforms baseline methods on these datasets.",Natural Language Processing
"We introduce (1) a novel parser for Minimalist Grammars (MG), encoded as a system of first-order logic formulae that may be evaluated using an SMT-solver, and (2) a novel procedure for inferring Minimalist Grammars using this parser. The input to this procedure is a sequence of sentences that have been annotated with syntactic relations such as semantic role labels (connecting arguments to predicates) and subject-verb agreement. The output of this procedure is a set of minimalist grammars, each of which is able to parse the sentences in the input sequence such that the parse for a sentence has the same syntactic relations as those specified in the annotation for that sentence. We applied this procedure to a set of sentences annotated with syntactic relations and evaluated the inferred grammars using cost functions inspired by the Minimum Description Length principle and the Subset principle. Inferred grammars that were optimal with respect to certain combinations of these cost functions were found to align with contemporary theories of syntax.",Natural Language Processing
"In this work we explore how fine-grained differences between the shapes of common objects are expressed in language, grounded on images and 3D models of the objects. We first build a large scale, carefully controlled dataset of human utterances that each refers to a 2D rendering of a 3D CAD model so as to distinguish it from a set of shape-wise similar alternatives. Using this dataset, we develop neural language understanding (listening) and production (speaking) models that vary in their grounding (pure 3D forms via point-clouds vs. rendered 2D images), the degree of pragmatic reasoning captured (e.g. speakers that reason about a listener or not), and the neural architecture (e.g. with or without attention). We find models that perform well with both synthetic and human partners, and with held out utterances and objects. We also find that these models are amenable to zero-shot transfer learning to novel object classes (e.g. transfer from training on chairs to testing on lamps), as well as to real-world images drawn from furniture catalogs. Lesion studies indicate that the neural listeners depend heavily on part-related words and associate these words correctly with visual parts of objects (without any explicit network training on object parts), and that transfer to novel classes is most successful when known part-words are available. This work illustrates a practical approach to language grounding, and provides a case study in the relationship between object shape and linguistic structure when it comes to object differentiation.",Natural Language Processing
"Electronic health record (EHR) systems are used extensively throughout the healthcare domain. However, data interchangeability between EHR systems is limited due to the use of different coding standards across systems. Existing methods of mapping coding standards based on manual human experts mapping, dictionary mapping, symbolic NLP and classification are unscalable and cannot accommodate large scale EHR datasets. In this work, we present Text2Node, a cross-domain mapping system capable of mapping medical phrases to concepts in a large taxonomy (such as SNOMED CT). The system is designed to generalize from a limited set of training samples and map phrases to elements of the taxonomy that are not covered by training data. As a result, our system is scalable, robust to wording variants between coding systems and can output highly relevant concepts when no exact concept exists in the target taxonomy. Text2Node operates in three main stages: first, the lexicon is mapped to word embeddings; second, the taxonomy is vectorized using node embeddings; and finally, the mapping function is trained to connect the two embedding spaces. We compared multiple algorithms and architectures for each stage of the training, including GloVe and FastText word embeddings, CNN and Bi-LSTM mapping functions, and node2vec for node embeddings. We confirmed the robustness and generalisation properties of Text2Node by mapping ICD-9-CM Diagnosis phrases to SNOMED CT and by zero-shot training at comparable accuracy. This system is a novel methodological contribution to the task of normalizing and linking phrases to a taxonomy, advancing data interchangeability in healthcare. When applied, the system can use electronic health records to generate an embedding that incorporates taxonomical medical knowledge to improve clinical predictive models.",Natural Language Processing
"Modern e-commerce catalogs contain millions of references, associated with textual and visual information that is of paramount importance for the products to be found via search or browsing. Of particular significance is the book category, where the author name(s) field poses a significant challenge. Indeed, books written by a given author (such as F. Scott Fitzgerald) might be listed with different authors' names in a catalog due to abbreviations and spelling variants and mistakes, among others. To solve this problem at scale, we design a composite system involving open data sources for books as well as machine learning components leveraging deep learning-based techniques for natural language processing. In particular, we use Siamese neural networks for an approximate match with known author names, and direct correction of the provided author's name using sequence-to-sequence learning with neural networks. We evaluate this approach on product data from the e-commerce website Rakuten France, and find that the top proposal of the system is the normalized author name with 72% accuracy.",Natural Language Processing
"In the last two decades, the landscape of text generation has undergone tremendous changes and is being reshaped by the success of deep learning. New technologies for text generation ranging from template-based methods to neural network-based methods emerged. Meanwhile, the research objectives have also changed from generating smooth and coherent sentences to infusing personalized traits to enrich the diversification of newly generated content. With the rapid development of text generation solutions, one comprehensive survey is urgent to summarize the achievements and track the state of the arts. In this survey paper, we present the general systematical framework, illustrate the widely utilized models and summarize the classic applications of text generation.",Natural Language Processing
"In this paper, we extend the persona-based sequence-to-sequence (Seq2Seq) neural network conversation model to multi-turn dialogue by modifying the state-of-the-art hredGAN architecture. To achieve this, we introduce an additional input modality into the encoder and decoder of hredGAN to capture other attributes such as speaker identity, location, sub-topics, and other external attributes that might be available from the corpus of human-to-human interactions. The resulting persona hredGAN ($phredGAN$) shows better performance than both the existing persona-based Seq2Seq and hredGAN models when those external attributes are available in a multi-turn dialogue corpus. This superiority is demonstrated on TV drama series with character consistency (such as Big Bang Theory and Friends) and customer service interaction datasets such as Ubuntu dialogue corpus in terms of perplexity, BLEU, ROUGE, and Distinct n-gram scores.",Natural Language Processing
"Applying neural-networks on Question Answering has gained increasing popularity in recent years. In this paper, I implemented a model with Bi-directional attention flow layer, connected with a Multi-layer LSTM encoder, connected with one start-index decoder and one conditioning end-index decoder. I introduce a new end-index decoder layer, conditioning on start-index output. The Experiment shows this has increased model performance by 15.16%. For prediction, I proposed a new smart-span equation, rewarding both short answer length and high probability in start-index and end-index, which further improved the prediction accuracy. The best single model achieves an F1 score of 73.97% and EM score of 64.95% on test set.",Natural Language Processing
"When translating phrases (words or group of words), human translators, consciously or not, resort to different translation processes apart from the literal translation, such as Idiom Equivalence, Generalization, Particularization, Semantic Modulation, etc. Translators and linguists (such as Vinay and Darbelnet, Newmark, etc.) have proposed several typologies to characterize the different translation processes. However, to the best of our knowledge, there has not been effort to automatically classify these fine-grained translation processes. Recently, an English-French parallel corpus of TED Talks has been manually annotated with translation process categories, along with established annotation guidelines. Based on these annotated examples, we propose an automatic classification of translation processes at subsentential level. Experimental results show that we can distinguish non-literal translation from literal translation with an accuracy of 87.09%, and 55.20% for classifying among five non-literal translation processes. This work demonstrates that it is possible to automatically classify translation processes. Even with a small amount of annotated examples, our experiments show the directions that we can follow in future work. One of our long term objectives is leveraging this automatic classification to better control paraphrase extraction from bilingual parallel corpora.",Natural Language Processing
"Analyzing short texts infers discriminative and coherent latent topics that is a critical and fundamental task since many real-world applications require semantic understanding of short texts. Traditional long text topic modeling algorithms (e.g., PLSA and LDA) based on word co-occurrences cannot solve this problem very well since only very limited word co-occurrence information is available in short texts. Therefore, short text topic modeling has already attracted much attention from the machine learning research community in recent years, which aims at overcoming the problem of sparseness in short texts. In this survey, we conduct a comprehensive review of various short text topic modeling techniques proposed in the literature. We present three categories of methods based on Dirichlet multinomial mixture, global word co-occurrences, and self-aggregation, with example of representative approaches in each category and analysis of their performance on various tasks. We develop the first comprehensive open-source library, called STTM, for use in Java that integrates all surveyed algorithms within a unified interface, benchmark datasets, to facilitate the expansion of new methods in this research field. Finally, we evaluate these state-of-the-art methods on many real-world datasets and compare their performance against one another and versus long text topic modeling algorithm.",Natural Language Processing
"In this paper, we address the question answering challenge with the SQuAD 2.0 dataset. We design a model architecture which leverages BERT's capability of context-aware word embeddings and BiDAF's context interactive exploration mechanism. By integrating these two state-of-the-art architectures, our system tries to extract the contextual word representation at word and character levels, for better comprehension of both question and context and their correlations. We also propose our original joint posterior probability predictor module and its associated loss functions. Our best model so far obtains F1 score of 75.842% and EM score of 72.24% on the test PCE leaderboad.",Natural Language Processing
"This paper addresses a key challenge in Educational Data Mining, namely to model student behavioral trajectories in order to provide a means for identifying students most at-risk, with the goal of providing supportive interventions. While many forms of data including clickstream data or data from sensors have been used extensively in time series models for such purposes, in this paper we explore the use of textual data, which is sometimes available in the records of students at large, online universities. We propose a time series model that constructs an evolving student state representation using both clickstream data and a signal extracted from the textual notes recorded by human mentors assigned to each student. We explore how the addition of this textual data improves both the predictive power of student states for the purpose of identifying students at risk for course failure as well as for providing interpretable insights about student course engagement processes.",Natural Language Processing
"Semi-supervised learning lately has shown much promise in improving deep learning models when labeled data is scarce. Common among recent approaches is the use of consistency training on a large amount of unlabeled data to constrain model predictions to be invariant to input noise. In this work, we present a new perspective on how to effectively noise unlabeled examples and argue that the quality of noising, specifically those produced by advanced data augmentation methods, plays a crucial role in semi-supervised learning. By substituting simple noising operations with advanced data augmentation methods such as RandAugment and back-translation, our method brings substantial improvements across six language and three vision tasks under the same consistency training framework. On the IMDb text classification dataset, with only 20 labeled examples, our method achieves an error rate of 4.20, outperforming the state-of-the-art model trained on 25,000 labeled examples. On a standard semi-supervised learning benchmark, CIFAR-10, our method outperforms all previous approaches and achieves an error rate of 5.43 with only 250 examples. Our method also combines well with transfer learning, e.g., when finetuning from BERT, and yields improvements in high-data regime, such as ImageNet, whether when there is only 10% labeled data or when a full labeled set with 1.3M extra unlabeled examples is used. Code is available at https://github.com/google-research/uda.",Natural Language Processing
"We present a very simple, unsupervised method for the pairwise matching of documents from heterogeneous collections. We demonstrate our method with the Concept-Project matching task, which is a binary classification task involving pairs of documents from heterogeneous collections. Although our method only employs standard resources without any domain- or task-specific modifications, it clearly outperforms the more complex system of the original authors. In addition, our method is transparent, because it provides explicit information about how a similarity score was computed, and efficient, because it is based on the aggregation of (pre-computable) word-level similarities.",Natural Language Processing
"Hashtags are often employed on social media and beyond to add metadata to a textual utterance with the goal of increasing discoverability, aiding search, or providing additional semantics. However, the semantic content of hashtags is not straightforward to infer as these represent ad-hoc conventions which frequently include multiple words joined together and can include abbreviations and unorthodox spellings. We build a dataset of 12,594 hashtags split into individual segments and propose a set of approaches for hashtag segmentation by framing it as a pairwise ranking problem between candidate segmentations. Our novel neural approaches demonstrate 24.6% error reduction in hashtag segmentation accuracy compared to the current state-of-the-art method. Finally, we demonstrate that a deeper understanding of hashtag semantics obtained through segmentation is useful for downstream applications such as sentiment analysis, for which we achieved a 2.6% increase in average recall on the SemEval 2017 sentiment analysis dataset.",Natural Language Processing
"The neural machine translation model has suffered from the lack of large-scale parallel corpora. In contrast, we humans can learn multi-lingual translations even without parallel texts by referring our languages to the external world. To mimic such human learning behavior, we employ images as pivots to enable zero-resource translation learning. However, a picture tells a thousand words, which makes multi-lingual sentences pivoted by the same image noisy as mutual translations and thus hinders the translation model learning. In this work, we propose a progressive learning approach for image-pivoted zero-resource machine translation. Since words are less diverse when grounded in the image, we first learn word-level translation with image pivots, and then progress to learn the sentence-level translation by utilizing the learned word translation to suppress noises in image-pivoted multi-lingual sentences. Experimental results on two widely used image-pivot translation datasets, IAPR-TC12 and Multi30k, show that the proposed approach significantly outperforms other state-of-the-art methods.",Natural Language Processing
"Recent work on adversarial examples has demonstrated that most natural inputs can be perturbed to fool even state-of-the-art machine learning systems. But does this happen for humans as well? In this work, we investigate: what fraction of natural instances of speech can be turned into ""illusions"" which either alter humans' perception or result in different people having significantly different perceptions? We first consider the McGurk effect, the phenomenon by which adding a carefully chosen video clip to the audio channel affects the viewer's perception of what is said (McGurk and MacDonald, 1976). We obtain empirical estimates that a significant fraction of both words and sentences occurring in natural speech have some susceptibility to this effect. We also learn models for predicting McGurk illusionability. Finally we demonstrate that the Yanny or Laurel auditory illusion (Pressnitzer et al., 2018) is not an isolated occurrence by generating several very different new instances. We believe that the surprising density of illusionable natural speech warrants further investigation, from the perspectives of both security and cognitive science. Supplementary videos are available at: https://www.youtube.com/playlist?list=PLaX7t1K-e_fF2iaenoKznCatm0RC37B_k.",Natural Language Processing
"It is widely accepted that information derived from analyzing speech (the acoustic signal) and language production (words and sentences) serves as a useful window into the health of an individual's cognitive ability. In fact, most neuropsychological testing batteries have a component related to speech and language where clinicians elicit speech from patients for subjective evaluation across a broad set of dimensions. With advances in speech signal processing and natural language processing, there has been recent interest in developing tools to detect more subtle changes in cognitive-linguistic function. This work relies on extracting a set of features from recorded and transcribed speech for objective assessments of speech and language, early diagnosis of neurological disease, and tracking of disease after diagnosis. With an emphasis on cognitive and thought disorders, in this paper we provide a review of existing speech and language features used in this domain, discuss their clinical application, and highlight their advantages and disadvantages. Broadly speaking, the review is split into two categories: language features based on natural language processing and speech features based on speech signal processing. Within each category, we consider features that aim to measure complementary dimensions of cognitive-linguistics, including language diversity, syntactic complexity, semantic coherence, and timing. We conclude the review with a proposal of new research directions to further advance the field.",Natural Language Processing
"Pronoun resolution is part of coreference resolution, the task of pairing an expression to its referring entity. This is an important task for natural language understanding and a necessary component of machine translation systems, chat bots and assistants. Neural machine learning systems perform far from ideally in this task, reaching as low as 73% F1 scores on modern benchmark datasets. Moreover, they tend to perform better for masculine pronouns than for feminine ones. Thus, the problem is both challenging and important for NLP researchers and practitioners. In this project, we describe our BERT-based approach to solving the problem of gender-balanced pronoun resolution. We are able to reach 92% F1 score and a much lower gender bias on the benchmark dataset shared by Google AI Language team.",Natural Language Processing
"As the online world continues its exponential growth, interpersonal communication has come to play an increasingly central role in opinion formation and change. In order to help users better engage with each other online, we study a challenging problem of re-entry prediction foreseeing whether a user will come back to a conversation they once participated in. We hypothesize that both the context of the ongoing conversations and the users' previous chatting history will affect their continued interests in future engagement. Specifically, we propose a neural framework with three main layers, each modeling context, user history, and interactions between them, to explore how the conversation context and user chatting history jointly result in their re-entry behavior. We experiment with two large-scale datasets collected from Twitter and Reddit. Results show that our proposed framework with bi-attention achieves an F1 score of 61.1 on Twitter conversations, outperforming the state-of-the-art methods from previous work.",Natural Language Processing
"The recent proliferation of knowledge graphs (KGs) coupled with incomplete or partial information, in the form of missing relations (links) between entities, has fueled a lot of research on knowledge base completion (also known as relation prediction). Several recent works suggest that convolutional neural network (CNN) based models generate richer and more expressive feature embeddings and hence also perform well on relation prediction. However, we observe that these KG embeddings treat triples independently and thus fail to cover the complex and hidden information that is inherently implicit in the local neighborhood surrounding a triple. To this effect, our paper proposes a novel attention based feature embedding that captures both entity and relation features in any given entity's neighborhood. Additionally, we also encapsulate relation clusters and multihop relations in our model. Our empirical study offers insights into the efficacy of our attention based model and we show marked performance gains in comparison to state of the art methods on all datasets.",Natural Language Processing
"Providing plausible responses to why questions is a challenging but critical goal for language based human-machine interaction. Explanations are challenging in that they require many different forms of abstract knowledge and reasoning. Previous work has either relied on human-curated structured knowledge bases or detailed domain representation to generate satisfactory explanations. They are also often limited to ranking pre-existing explanation choices. In our work, we contribute to the under-explored area of generating natural language explanations for general phenomena. We automatically collect large datasets of explanation-phenomenon pairs which allow us to train sequence-to-sequence models to generate natural language explanations. We compare different training strategies and evaluate their performance using both automatic scores and human ratings. We demonstrate that our strategy is sufficient to generate highly plausible explanations for general open-domain phenomena compared to other models trained on different datasets.",Natural Language Processing
"In this work, we present novel approaches to exploit sentential context for neural machine translation (NMT). Specifically, we first show that a shallow sentential context extracted from the top encoder layer only, can improve translation performance via contextualizing the encoding representations of individual words. Next, we introduce a deep sentential context, which aggregates the sentential context representations from all the internal layers of the encoder to form a more comprehensive context representation. Experimental results on the WMT14 English-to-German and English-to-French benchmarks show that our model consistently improves performance over the strong TRANSFORMER model (Vaswani et al., 2017), demonstrating the necessity and effectiveness of exploiting sentential context for NMT.",Natural Language Processing
"Neural machine translation (NMT) takes deterministic sequences for source representations. However, either word-level or subword-level segmentations have multiple choices to split a source sequence with different word segmentors or different subword vocabulary sizes. We hypothesize that the diversity in segmentations may affect the NMT performance. To integrate different segmentations with the state-of-the-art NMT model, Transformer, we propose lattice-based encoders to explore effective word or subword representation in an automatic way during training. We propose two methods: 1) lattice positional encoding and 2) lattice-aware self-attention. These two methods can be used together and show complementary to each other to further improve translation performance. Experiment results show superiorities of lattice-based encoders in word-level and subword-level representations over conventional Transformer encoder.",Natural Language Processing
"Named entity recognition (NER) is widely used in natural language processing applications and downstream tasks. However, most NER tools target flat annotation from popular datasets, eschewing the semantic information available in nested entity mentions. We describe NNE---a fine-grained, nested named entity dataset over the full Wall Street Journal portion of the Penn Treebank (PTB). Our annotation comprises 279,795 mentions of 114 entity types with up to 6 layers of nesting. We hope the public release of this large dataset for English newswire will encourage development of new techniques for nested NER.",Natural Language Processing
"Lattices are an efficient and effective method to encode ambiguity of upstream systems in natural language processing tasks, for example to compactly capture multiple speech recognition hypotheses, or to represent multiple linguistic analyses. Previous work has extended recurrent neural networks to model lattice inputs and achieved improvements in various tasks, but these models suffer from very slow computation speeds. This paper extends the recently proposed paradigm of self-attention to handle lattice inputs. Self-attention is a sequence modeling technique that relates inputs to one another by computing pairwise similarities and has gained popularity for both its strong results and its computational efficiency. To extend such models to handle lattices, we introduce probabilistic reachability masks that incorporate lattice structure into the model and support lattice scores if available. We also propose a method for adapting positional embeddings to lattice structures. We apply the proposed model to a speech translation task and find that it outperforms all examined baselines while being much faster to compute than previous neural lattice models during both training and inference.",Natural Language Processing
"Topological Data Analysis (TDA) is a novel new and fast growing field of data science providing a set of new topological and geometric tools to derive relevant features out of complex high-dimensional data. In this paper we apply two of best methods in topological data analysis, ""Persistent Homology"" and ""Mapper"", in order to classify persian poems which has been composed by two of the best Iranian poets namely ""Ferdowsi"" and ""Hafez"". This article has two main parts, in the first part we explain the mathematics behind these two methods which is easy to understand for general audience and in the second part we describe our models and the results of applying TDA tools to NLP.",Natural Language Processing
"Previously, a machine speech chain, which is based on sequence-to-sequence deep learning, was proposed to mimic speech perception and production behavior. Such chains separately processed listening and speaking by automatic speech recognition (ASR) and text-to-speech synthesis (TTS) and simultaneously enabled them to teach each other in semi-supervised learning when they received unpaired data. Unfortunately, this speech chain study is limited to speech and textual modalities. In fact, natural communication is actually multimodal and involves both auditory and visual sensory systems. Although the said speech chain reduces the requirement of having a full amount of paired data, in this case we still need a large amount of unpaired data. In this research, we take a further step and construct a multimodal chain and design a closely knit chain architecture that combines ASR, TTS, image captioning, and image production models into a single framework. The framework allows the training of each component without requiring a large number of parallel multimodal data. Our experimental results also show that an ASR can be further trained without speech and text data and cross-modal data augmentation remains possible through our proposed chain, which improves the ASR performance.",Natural Language Processing
"We explore using latent natural language instructions as an expressive and compositional representation of complex actions for hierarchical decision making. Rather than directly selecting micro-actions, our agent first generates a latent plan in natural language, which is then executed by a separate model. We introduce a challenging real-time strategy game environment in which the actions of a large number of units must be coordinated across long time scales. We gather a dataset of 76 thousand pairs of instructions and executions from human play, and train instructor and executor models. Experiments show that models using natural language as a latent variable significantly outperform models that directly imitate human actions. The compositional structure of language proves crucial to its effectiveness for action representation. We also release our code, models and data.",Natural Language Processing
"Discourse structure is integral to understanding a text and is helpful in many NLP tasks. Learning latent representations of discourse is an attractive alternative to acquiring expensive labeled discourse data. Liu and Lapata (2018) propose a structured attention mechanism for text classification that derives a tree over a text, akin to an RST discourse tree. We examine this model in detail, and evaluate on additional discourse-relevant tasks and datasets, in order to assess whether the structured attention improves performance on the end task and whether it captures a text's discourse structure. We find the learned latent trees have little to no structure and instead focus on lexical cues; even after obtaining more structured trees with proposed model modifications, the trees are still far from capturing discourse structure when compared to discourse dependency trees from an existing discourse parser. Finally, ablation studies show the structured attention provides little benefit, sometimes even hurting performance.",Natural Language Processing
"Sentiment Analysis refers to the study of systematically extracting the meaning of subjective text . When analysing sentiments from the subjective text using Machine Learning techniques,feature extraction becomes a significant part. We perform a study on the performance of feature extraction techniques TF-IDF(Term Frequency-Inverse Document Frequency) and Doc2vec (Document to Vector) using Cornell movie review datasets, UCI sentiment labeled datasets, stanford movie review datasets,effectively classifying the text into positive and negative polarities by using various pre-processing methods like eliminating StopWords and Tokenization which increases the performance of sentiment analysis in terms of accuracy and time taken by the classifier.The features obtained after applying feature extraction techniques on the text sentences are trained and tested using the classifiers Logistic Regression,Support Vector Machines,K-Nearest Neighbours , Decision Tree and Bernoulli Nave Bayes",Natural Language Processing
"Meaning banking--creating a semantically annotated corpus for the purpose of semantic parsing or generation--is a challenging task. It is quite simple to come up with a complex meaning representation, but it is hard to design a simple meaning representation that captures many nuances of meaning. This paper lists some lessons learned in nearly ten years of meaning annotation during the development of the Groningen Meaning Bank (Bos et al., 2017) and the Parallel Meaning Bank (Abzianidze et al., 2017). The paper's format is rather unconventional: there is no explicit related work, no methodology section, no results, and no discussion (and the current snippet is not an abstract but actually an introductory preface). Instead, its structure is inspired by work of Traum (2000) and Bender (2013). The list starts with a brief overview of the existing meaning banks (Section 1) and the rest of the items are roughly divided into three groups: corpus collection (Section 2 and 3, annotation methods (Section 4-11), and design of meaning representations (Section 12-30). We hope this overview will give inspiration and guidance in creating improved meaning banks in the future.",Natural Language Processing
"Fake news has been coming into sight in significant numbers for numerous business and political reasons and has become frequent in the online world. People can get contaminated easily by these fake news for its fabricated words which have enormous effects on the offline community. Thus, interest in research in this area has risen. Significant research has been conducted on the detection of fake news from English texts and other languages but a few in Bangla Language. Our work reflects the experimental analysis on the detection of Bangla fake news from social media as this field still requires much focus. In this research work, we have used two supervised machine learning algorithms, Multinomial Naive Bayes (MNB) and Support Vector Machine (SVM) classifiers to detect Bangla fake news with CountVectorizer and Term Frequency - Inverse Document Frequency Vectorizer as feature extraction. Our proposed framework detects fake news depending on the polarity of the corresponding article. Finally, our analysis shows SVM with the linear kernel with an accuracy of 96.64% outperform MNB with an accuracy of 93.32%.",Natural Language Processing
"It is very current in today life to seek for tracking the people opinion from their interaction with occurring events. A very common way to do that is comments in articles published in newspapers web sites dealing with contemporary events. Sentiment analysis or opinion mining is an emergent field who is the purpose is finding the behind phenomenon masked in opinionated texts. We are interested in our work by comments in Algerian newspaper websites. For this end, two corpora were used SANA and OCA. SANA corpus is created by collection of comments from three Algerian newspapers, and annotated by two Algerian Arabic native speakers, while OCA is a freely available corpus for sentiment analysis. For the classification we adopt Supports vector machines, naive Bayes and knearest neighbors. Obtained results are very promising and show the different effects of stemming in such domain, also knearest neighbors give important improvement comparing to other classifiers unlike similar works where SVM is the most dominant. From this study we observe the importance of dedicated resources and methods the newspaper comments sentiment analysis which we look forward in future works.",Natural Language Processing
"This paper investigates the temporal excitation patterns of creaky voice. Creaky voice is a voice quality frequently used as a phrase-boundary marker, but also as a means of portraying attitude, affective states and even social status. Consequently, the automatic detection and modelling of creaky voice may have implications for speech technology applications. The acoustic characteristics of creaky voice are, however, rather distinct from modal phonation. Further, several acoustic patterns can bring about the perception of creaky voice, thereby complicating the strategies used for its automatic detection, analysis and modelling. The present study is carried out using a variety of languages, speakers, and on both read and conversational data and involves a mutual information-based assessment of the various acoustic features proposed in the literature for detecting creaky voice. These features are then exploited in classification experiments where we achieve an appreciable improvement in detection accuracy compared to the state of the art. Both experiments clearly highlight the presence of several creaky patterns. A subsequent qualitative and quantitative analysis of the identified patterns is provided, which reveals a considerable speaker-dependent variability in the usage of these creaky patterns. We also investigate how creaky voice detection systems perform across creaky patterns.",Natural Language Processing
"Extracting relationships and interactions between different biological entities is still an extremely challenging problem but has not received much attention as much as extraction in other generic domains. In addition to the lack of annotated data, low benchmarking is still a major reason for slow progress. In order to fill this gap, we compare multiple existing entity and relation extraction models over a recently introduced public dataset, BioRelEx of sentences annotated with biological entities and relations. Our straightforward benchmarking shows that span-based multi-task architectures like DYGIE show 4.9% and 6% absolute improvements in entity tagging and relation extraction respectively over the previous state-of-art and that incorporating domain-specific information like embeddings pre-trained over related domains boosts performance.",Natural Language Processing
"In this paper, we describe an approach for modelling causal reasoning in natural language by detecting counterfactuals in text using multi-head self-attention weights. We use pre-trained transformer models to extract contextual embeddings and self-attention weights from the text. We show the use of convolutional layers to extract task-specific features from these self-attention weights. Further, we describe a fine-tuning approach with a common base model for knowledge sharing between the two closely related sub-tasks for counterfactual detection. We analyze and compare the performance of various transformer models in our experiments. Finally, we perform a qualitative analysis with the multi-head self-attention weights to interpret our models' dynamics.",Natural Language Processing
"Deep neural networks excel at learning from labeled data and achieve state-of-the-art resultson a wide array of Natural Language Processing tasks. In contrast, learning from unlabeled data, especially under domain shift, remains a challenge. Motivated by the latest advances, in this survey we review neural unsupervised domain adaptation techniques which do not require labeled target domain data. This is a more challenging yet a more widely applicable setup. We outline methods, from early traditional non-neural methods to pre-trained model transfer. We also revisit the notion of domain, and we uncover a bias in the type of Natural Language Processing tasks which received most attention. Lastly, we outline future directions, particularly the broader need for out-of-distribution generalization of future NLP.",Natural Language Processing
"We investigate whether pre-trained bidirectional transformers with sentiment and emotion information improve stance detection in long discussions of contemporary issues. As a part of this work, we create a novel stance detection dataset covering 419 different controversial issues and their related pros and cons collected by procon.org in nonpartisan format. Experimental results show that a shallow recurrent neural network with sentiment or emotion information can reach competitive results compared to fine-tuned BERT with 20x fewer parameters. We also use a simple approach that explains which input phrases contribute to stance detection.",Natural Language Processing
"Recently, there has been a strong push to transition from hybrid models to end-to-end (E2E) models for automatic speech recognition. Currently, there are three promising E2E methods: recurrent neural network transducer (RNN-T), RNN attention-based encoder-decoder (AED), and Transformer-AED. In this study, we conduct an empirical comparison of RNN-T, RNN-AED, and Transformer-AED models, in both non-streaming and streaming modes. We use 65 thousand hours of Microsoft anonymized training data to train these models. As E2E models are more data hungry, it is better to compare their effectiveness with large amount of training data. To the best of our knowledge, no such comprehensive study has been conducted yet. We show that although AED models are stronger than RNN-T in the non-streaming mode, RNN-T is very competitive in streaming mode if its encoder can be properly initialized. Among all three E2E models, transformer-AED achieved the best accuracy in both streaming and non-streaming mode. We show that both streaming RNN-T and transformer-AED models can obtain better accuracy than a highly-optimized hybrid model.",Natural Language Processing
"Many users communicate with chatbots and AI assistants in order to help them with various tasks. A key component of the assistant is the ability to understand and answer a user's natural language questions for question-answering (QA). Because data can be usually stored in a structured manner, an essential step involves turning a natural language question into its corresponding query language. However, in order to train most natural language-to-query-language state-of-the-art models, a large amount of training data is needed first. In most domains, this data is not available and collecting such datasets for various domains can be tedious and time-consuming. In this work, we propose a novel method for accelerating the training dataset collection for developing the natural language-to-query-language machine learning models. Our system allows one to generate conversational multi-term data, where multiple turns define a dialogue session, enabling one to better utilize chatbot interfaces. We train two current state-of-the-art NL-to-QL models, on both an SQL and SPARQL-based datasets in order to showcase the adaptability and efficacy of our created data.",Natural Language Processing
"Transfer learning from high-resource languages is known to be an efficient way to improve end-to-end automatic speech recognition (ASR) for low-resource languages. Pre-trained or jointly trained encoder-decoder models, however, do not share the language modeling (decoder) for the same language, which is likely to be inefficient for distant target languages. We introduce speech-to-text translation (ST) as an auxiliary task to incorporate additional knowledge of the target language and enable transferring from that target language. Specifically, we first translate high-resource ASR transcripts into a target low-resource language, with which a ST model is trained. Both ST and target ASR share the same attention-based encoder-decoder architecture and vocabulary. The former task then provides a fully pre-trained model for the latter, bringing up to 24.6% word error rate (WER) reduction to the baseline (direct transfer from high-resource ASR). We show that training ST with human translations is not necessary. ST trained with machine translation (MT) pseudo-labels brings consistent gains. It can even outperform those using human labels when transferred to target ASR by leveraging only 500K MT examples. Even with pseudo-labels from low-resource MT (200K examples), ST-enhanced transfer brings up to 8.9% WER reduction to direct transfer.",Natural Language Processing
"Large scale Pre-trained Language Models have proven to be very powerful approach in various Natural language tasks. OpenAI's GPT-2 \cite{radford2019language} is notable for its capability to generate fluent, well formulated, grammatically consistent text and for phrase completions. In this paper we leverage this generation capability of GPT-2 to generate paraphrases without any supervision from labelled data. We examine how the results compare with other supervised and unsupervised approaches and the effect of using paraphrases for data augmentation on downstream tasks such as classification. Our experiments show that paraphrases generated with our model are of good quality, are diverse and improves the downstream task performance when used for data augmentation.",Natural Language Processing
"Cognitively inspired NLP leverages human-derived data to teach machines about language processing mechanisms. Recently, neural networks have been augmented with behavioral data to solve a range of NLP tasks spanning syntax and semantics. We are the first to exploit neuroscientific data, namely electroencephalography (EEG), to inform a neural attention model about language processing of the human brain. The challenge in working with EEG data is that features are exceptionally rich and need extensive pre-processing to isolate signals specific to text processing. We devise a method for finding such EEG features to supervise machine attention through combining theoretically motivated cropping with random forest tree splits. After this dimensionality reduction, the pre-processed EEG features are capable of distinguishing two reading tasks retrieved from a publicly available EEG corpus. We apply these features to regularise attention on relation classification and show that EEG is more informative than strong baselines. This improvement depends on both the cognitive load of the task and the EEG frequency domain. Hence, informing neural attention models with EEG signals is beneficial but requires further investigation to understand which dimensions are the most useful across NLP tasks.",Natural Language Processing
"Non-autoregressive neural machine translation (NAT) predicts the entire target sequence simultaneously and significantly accelerates inference process. However, NAT discards the dependency information in a sentence, and thus inevitably suffers from the multi-modality problem: the target tokens may be provided by different possible translations, often causing token repetitions or missing. To alleviate this problem, we propose a novel semi-autoregressive model RecoverSAT in this work, which generates a translation as a sequence of segments. The segments are generated simultaneously while each segment is predicted token-by-token. By dynamically determining segment length and deleting repetitive segments, RecoverSAT is capable of recovering from repetitive and missing token errors. Experimental results on three widely-used benchmark datasets show that our proposed model achieves more than 4$\times$ speedup while maintaining comparable performance compared with the corresponding autoregressive model.",Natural Language Processing
"In this paper, we seek solutions for reducing the computation complexity of transformer-based models for speech representation learning. We evaluate 10 attention algorithms; then, we pre-train the transformer-based model with those attention algorithms in a self-supervised fashion and treat them as feature extractors on downstream tasks, including phoneme classification and speaker classification. With the assistance of t-SNE, PCA and some observation, the attention weights in self-supervised audio transformers can be categorized into four general cases. Based on these cases and some analyses, we are able to use a specific set of attention weights to initialize the model. Our approach shows comparable performance to the typical self-attention yet requires 20% less time in both training and inference.",Natural Language Processing
"Two important tasks at the intersection of knowledge graphs and natural language processing are graph-to-text (G2T) and text-to-graph (T2G) conversion. Due to the difficulty and high cost of data collection, the supervised data available in the two fields are usually on the magnitude of tens of thousands, for example, 18K in the WebNLG~2017 dataset after preprocessing, which is far fewer than the millions of data for other tasks such as machine translation. Consequently, deep learning models for G2T and T2G suffer largely from scarce training data. We present CycleGT, an unsupervised training method that can bootstrap from fully non-parallel graph and text data, and iteratively back translate between the two forms. Experiments on WebNLG datasets show that our unsupervised model trained on the same number of data achieves performance on par with several fully supervised models. Further experiments on the non-parallel GenWiki dataset verify that our method performs the best among unsupervised baselines. This validates our framework as an effective approach to overcome the data scarcity problem in the fields of G2T and T2G. Our code is available at https://github.com/QipengGuo/CycleGT.",Natural Language Processing
"This paper focuses on the analysis and synthesis of hypo and hyperarticulated speech in the framework of HMM-based speech synthesis. First of all, a new French database matching our needs was created, which contains three identical sets, pronounced with three different degrees of articulation: neutral, hypo and hyperarticulated speech. On that basis, acoustic and phonetic analyses were performed. It is shown that the degrees of articulation significantly influence, on one hand, both vocal tract and glottal characteristics, and on the other hand, speech rate, phone durations, phone variations and the presence of glottal stops. Finally, neutral, hypo and hyperarticulated speech are synthesized using HMM-based speech synthesis and both objective and subjective tests aiming at assessing the generated speech quality are performed. These tests show that synthesized hypoarticulated speech seems to be less naturally rendered than neutral and hyperarticulated speech.",Natural Language Processing
"Linear prediction (LP) is an ubiquitous analysis method in speech processing. Various studies have focused on sparse LP algorithms by introducing sparsity constraints into the LP framework. Sparse LP has been shown to be effective in several issues related to speech modeling and coding. However, all existing approaches assume the speech signal to be minimum-phase. Because speech is known to be mixed-phase, the resulting residual signal contains a persistent maximum-phase component. The aim of this paper is to propose a novel technique which incorporates a modeling of the maximum-phase contribution of speech, and can be applied to any filter representation. The proposed method is shown to significantly increase the sparsity of the LP residual signal and to be effective in two illustrative applications: speech polarity detection and excitation modeling.",Natural Language Processing
"Although Natural Language Processing (NLP) research on argument mining has advanced considerably in recent years, most studies draw on corpora of asynchronous and written texts, often produced by individuals. Few published corpora of synchronous, multi-party argumentation are available. The Discussion Tracker corpus, collected in American high school English classes, is an annotated dataset of transcripts of spoken, multi-party argumentation. The corpus consists of 29 multi-party discussions of English literature transcribed from 985 minutes of audio. The transcripts were annotated for three dimensions of collaborative argumentation: argument moves (claims, evidence, and explanations), specificity (low, medium, high) and collaboration (e.g., extensions of and disagreements about others' ideas). In addition to providing descriptive statistics on the corpus, we provide performance benchmarks and associated code for predicting each dimension separately, illustrate the use of the multiple annotations in the corpus to improve performance via multi-task learning, and finally discuss other ways the corpus might be used to further NLP research.",Natural Language Processing
"Conversational search is one of the ultimate goals of information retrieval. Recent research approaches conversational search by simplified settings of response ranking and conversational question answering, where an answer is either selected from a given candidate set or extracted from a given passage. These simplifications neglect the fundamental role of retrieval in conversational search. To address this limitation, we introduce an open-retrieval conversational question answering (ORConvQA) setting, where we learn to retrieve evidence from a large collection before extracting answers, as a further step towards building functional conversational search systems. We create a dataset, OR-QuAC, to facilitate research on ORConvQA. We build an end-to-end system for ORConvQA, featuring a retriever, a reranker, and a reader that are all based on Transformers. Our extensive experiments on OR-QuAC demonstrate that a learnable retriever is crucial for ORConvQA. We further show that our system can make a substantial improvement when we enable history modeling in all system components. Moreover, we show that the reranker component contributes to the model performance by providing a regularization effect. Finally, further in-depth analyses are performed to provide new insights into ORConvQA.",Natural Language Processing
"A chatbot that converses like a human should be goal-oriented (i.e., be purposeful in conversation), which is beyond language generation. However, existing dialogue systems often heavily rely on cumbersome hand-crafted rules or costly labelled datasets to reach the goals. In this paper, we propose Goal-oriented Chatbots (GoChat), a framework for end-to-end training chatbots to maximize the longterm return from offline multi-turn dialogue datasets. Our framework utilizes hierarchical reinforcement learning (HRL), where the high-level policy guides the conversation towards the final goal by determining some sub-goals, and the low-level policy fulfills the sub-goals by generating the corresponding utterance for response. In our experiments on a real-world dialogue dataset for anti-fraud in financial, our approach outperforms previous methods on both the quality of response generation as well as the success rate of accomplishing the goal.",Natural Language Processing
"In this paper, we propose a deep convolutional neural network-based acoustic word embedding system on code-switching query by example spoken term detection. Different from previous configurations, we combine audio data in two languages for training instead of only using one single language. We transform the acoustic features of keyword templates and searching content to fixed-dimensional vectors and calculate the distances between keyword segments and searching content segments obtained in a sliding manner. An auxiliary variability-invariant loss is also applied to training data within the same word but different speakers. This strategy is used to prevent the extractor from encoding undesired speaker- or accent-related information into the acoustic word embeddings. Experimental results show that our proposed system produces promising searching results in the code-switching test scenario. With the increased number of templates and the employment of variability-invariant loss, the searching performance is further enhanced.",Natural Language Processing
"Recently, neural network based dialogue systems have become ubiquitous in our increasingly digitalized society. However, due to their inherent opaqueness, some recently raised concerns about using neural models are starting to be taken seriously. In fact, intentional or unintentional behaviors could lead to a dialogue system to generate inappropriate responses. Thus, in this paper, we investigate whether we can learn to craft input sentences that result in a black-box neural dialogue model being manipulated into having its outputs contain target words or match target sentences. We propose a reinforcement learning based model that can generate such desired inputs automatically. Extensive experiments on a popular well-trained state-of-the-art neural dialogue model show that our method can successfully seek out desired inputs that lead to the target outputs in a considerable portion of cases. Consequently, our work reveals the potential of neural dialogue models to be manipulated, which inspires and opens the door towards developing strategies to defend them.",Natural Language Processing
"Classifying the general intent of the user utterance in a conversation, also known as Dialogue Act (DA), e.g., open-ended question, statement of opinion, or request for an opinion, is a key step in Natural Language Understanding (NLU) for conversational agents. While DA classification has been extensively studied in human-human conversations, it has not been sufficiently explored for the emerging open-domain automated conversational agents. Moreover, despite significant advances in utterance-level DA classification, full understanding of dialogue utterances requires conversational context. Another challenge is the lack of available labeled data for open-domain human-machine conversations. To address these problems, we propose a novel method, CDAC (Contextual Dialogue Act Classifier), a simple yet effective deep learning approach for contextual dialogue act classification. Specifically, we use transfer learning to adapt models trained on human-human conversations to predict dialogue acts in human-machine dialogues. To investigate the effectiveness of our method, we train our model on the well-known Switchboard human-human dialogue dataset, and fine-tune it for predicting dialogue acts in human-machine conversation data, collected as part of the Amazon Alexa Prize 2018 competition. The results show that the CDAC model outperforms an utterance-level state of the art baseline by 8.0% on the Switchboard dataset, and is comparable to the latest reported state-of-the-art contextual DA classification results. Furthermore, our results show that fine-tuning the CDAC model on a small sample of manually labeled human-machine conversations allows CDAC to more accurately predict dialogue acts in real users' conversations, suggesting a promising direction for future improvements.",Natural Language Processing
"One daunting problem for semantic parsing is the scarcity of annotation. Aiming to reduce nontrivial human labor, we propose a two-stage semantic parsing framework, where the first stage utilizes an unsupervised paraphrase model to convert an unlabeled natural language utterance into the canonical utterance. The downstream naive semantic parser accepts the intermediate output and returns the target logical form. Furthermore, the entire training process is split into two phases: pre-training and cycle learning. Three tailored self-supervised tasks are introduced throughout training to activate the unsupervised paraphrase model. Experimental results on benchmarks Overnight and GeoGranno demonstrate that our framework is effective and compatible with supervised training.",Natural Language Processing
"Access to sign language data is far from adequate. We show that it is possible to collect the data from social networking services such as TikTok, Instagram, and YouTube by applying data filtering to enforce quality standards and by discovering patterns in the filtered data, making it easier to analyse and model. Using our data collection pipeline, we collect and examine the interpretation of songs in both the American Sign Language (ASL) and the Brazilian Sign Language (Libras). We explore their differences and similarities by looking at the co-dependence of the orientation and location phonological parameters",Natural Language Processing
"Event Extraction plays an important role in information-extraction to understand the world. Event extraction could be split into two subtasks: one is event trigger extraction, the other is event arguments extraction. However, the F-Score of event arguments extraction is much lower than that of event trigger extraction, i.e. in the most recent work, event trigger extraction achieves 80.7%, while event arguments extraction achieves only 58%. In pipelined structures, the difficulty of event arguments extraction lies in its lack of classification feature, and the much higher computation consumption. In this work, we proposed a novel Event Extraction approach based on multi-layer Dilate Gated Convolutional Neural Network (EE-DGCNN) which has fewer parameters. In addition, enhanced local information is incorporated into word features, to assign event arguments roles for triggers predicted by the first subtask. The numerical experiments demonstrated significant performance improvement beyond state-of-art event extraction approaches on real-world datasets. Further analysis of extraction procedure is presented, as well as experiments are conducted to analyze impact factors related to the performance improvement.",Natural Language Processing
"Human reading behavior is tuned to the statistics of natural language: the time it takes human subjects to read a word can be predicted from estimates of the word's probability in context. However, it remains an open question what computational architecture best characterizes the expectations deployed in real time by humans that determine the behavioral signatures of reading. Here we test over two dozen models, independently manipulating computational architecture and training dataset size, on how well their next-word expectations predict human reading time behavior on naturalistic text corpora. We find that across model architectures and training dataset sizes the relationship between word log-probability and reading time is (near-)linear. We next evaluate how features of these models determine their psychometric predictive power, or ability to predict human reading behavior. In general, the better a model's next-word expectations, the better its psychometric predictive power. However, we find nontrivial differences across model architectures. For any given perplexity, deep Transformer models and n-gram models generally show superior psychometric predictive power over LSTM or structurally supervised neural models, especially for eye movement data. Finally, we compare models' psychometric predictive power to the depth of their syntactic knowledge, as measured by a battery of syntactic generalization tests developed using methods from controlled psycholinguistic experiments. Once perplexity is controlled for, we find no significant relationship between syntactic knowledge and predictive power. These results suggest that different approaches may be required to best model human real-time language comprehension behavior in naturalistic reading versus behavior for controlled linguistic materials designed for targeted probing of syntactic knowledge.",Natural Language Processing
"With the COVID-19 pandemic, there is a growing urgency for medical community to keep up with the accelerating growth in the new coronavirus-related literature. As a result, the COVID-19 Open Research Dataset Challenge has released a corpus of scholarly articles and is calling for machine learning approaches to help bridging the gap between the researchers and the rapidly growing publications. Here, we take advantage of the recent advances in pre-trained NLP models, BERT and OpenAI GPT-2, to solve this challenge by performing text summarization on this dataset. We evaluate the results using ROUGE scores and visual inspection. Our model provides abstractive and comprehensive information based on keywords extracted from the original articles. Our work can help the the medical community, by providing succinct summaries of articles for which the abstract are not already available.",Natural Language Processing
"The two dominant approaches to neural text generation are fully autoregressive models, using serial beam search decoding, and non-autoregressive models, using parallel decoding with no output dependencies. This work proposes an autoregressive model with sub-linear parallel time generation. Noting that conditional random fields with bounded context can be decoded in parallel, we propose an efficient cascaded decoding approach for generating high-quality output. To parameterize this cascade, we introduce a Markov transformer, a variant of the popular fully autoregressive model that allows us to simultaneously decode with specific autoregressive context cutoffs. This approach requires only a small modification from standard autoregressive training, while showing competitive accuracy/speed tradeoff compared to existing methods on five machine translation datasets.",Natural Language Processing
"In recent times, word embeddings are taking a significant role in sentiment analysis. As the generation of word embeddings needs huge corpora, many applications use pretrained embeddings. In spite of the success, word embeddings suffers from certain drawbacks such as it does not capture sentiment information of a word, contextual information in terms of parts of speech tags and domain-specific information. In this work we propose HIDE a Hybrid Improved Document level Embedding which incorporates domain information, parts of speech information and sentiment information into existing word embeddings such as GloVe and Word2Vec. It combine improved word embeddings into document level embeddings. Further, Latent Semantic Analysis (LSA) has been used to represent documents as a vectors. HIDE is generated, combining LSA and document level embeddings, which is computed from improved word embeddings. We test HIDE with six different datasets and shown considerable improvement over the accuracy of existing pretrained word vectors such as GloVe and Word2Vec. We further compare our work with two existing document level sentiment analysis approaches. HIDE performs better than existing systems.",Natural Language Processing
"In general, the labels used in sequence labeling consist of different types of elements. For example, IOB-format entity labels, such as B-Person and I-Person, can be decomposed into span (B and I) and type information (Person). However, while most sequence labeling models do not consider such label components, the shared components across labels, such as Person, can be beneficial for label prediction. In this work, we propose to integrate label component information as embeddings into models. Through experiments on English and Japanese fine-grained named entity recognition, we demonstrate that the proposed method improves performance, especially for instances with low-frequency labels.",Natural Language Processing
"We propose a modular architecture of language-specific encoder-decoders that constitutes a multilingual machine translation system that can be incrementally extended to new languages without the need for retraining the existing system when adding new languages. Differently from previous works, we simultaneously train $N$ languages in all translation directions by alternately freezing encoder or decoder modules, which indirectly forces the system to train in a common intermediate representation for all languages. Experimental results from multilingual machine translation show that we can successfully train this modular architecture improving on the initial languages while falling slightly behind when adding new languages or doing zero-shot translation. Additional comparison of the quality of sentence representation in the task of natural language inference shows that the alternately freezing training is also beneficial in this direction.",Natural Language Processing
"Various natural language processing tasks are structured prediction problems where outputs are constructed with multiple interdependent decisions. Past work has shown that domain knowledge, framed as constraints over the output space, can help improve predictive accuracy. However, designing good constraints often relies on domain expertise. In this paper, we study the problem of learning such constraints. We frame the problem as that of training a two-layer rectifier network to identify valid structures or substructures, and show a construction for converting a trained network into a system of linear constraints over the inference variables. Our experiments on several NLP tasks show that the learned constraints can improve the prediction accuracy, especially when the number of training examples is small.",Natural Language Processing
"Corpus-based statistical analysis plays a significant role in linguistic research, and ample evidence has shown that different languages exhibit some common laws. Studies have found that letters in some alphabetic writing languages have strikingly similar statistical usage frequency distributions. Does this hold for Chinese, which employs ideogram writing? We obtained letter frequency data of some alphabetic writing languages and found the common law of the letter distributions. In addition, we collected Chinese literature corpora for different historical periods from the Tang Dynasty to the present, and we dismantled the Chinese written language into three kinds of basic particles: characters, strokes and constructive parts. The results of the statistical analysis showed that, in different historical periods, the intensity of the use of basic particles in Chinese writing varied, but the form of the distribution was consistent. In particular, the distributions of the Chinese constructive parts are certainly consistent with those alphabetic writing languages. This study provides new evidence of the consistency of human languages.",Natural Language Processing
"Threshold concepts are key terms in domain-based knowledge acquisition. They are regarded as building blocks of the conceptual development of domain knowledge within particular learners. From a linguistic perspective, however, threshold concepts are instances of specialized vocabularies, exhibiting particular linguistic features. Threshold concepts are typically used in specialized texts such as textbooks -- that is, within a formal learning environment. However, they also occur in informal learning environments like newspapers. In this article, a first approach is taken to combine both lines into an overarching research program - that is, to provide a computational linguistic assessment of different resources, including in particular online resources, by means of threshold concepts. To this end, the distributive profiles of 63 threshold concepts from business education (which have been collected from threshold concept research) has been investigated in three kinds of (German) resources, namely textbooks, newspapers, and Wikipedia. Wikipedia is (one of) the largest and most widely used online resources. We looked at the threshold concepts' frequency distribution, their compound distribution, and their network structure within the three kind of resources. The two main findings can be summarized as follows: Firstly, the three kinds of resources can indeed be distinguished in terms of their threshold concepts' profiles. Secondly, Wikipedia definitely appears to be a formal learning resource.",Natural Language Processing
"The paper presents the propagation analysis of ultrawideband Gaussian signal in an automated collaborative warehouse environment where human and robots communicate to ensure that mutual collisions do not occur. The warehouse racks are principally modeled as clusters of metallic (PEC) parallelepipeds, with dimensions chosen to approximate the realistic warehouse. The signal propagation is analyzed using a ray tracing software, with the goal to calculate the path loss profile for different representative scenarios and antenna polarizations. The influence of the rack surface roughness onto propagation is also analyzed. The guidelines for optimum antenna positions on humans and robots for safe communication are proposed according to the simulations results.",Robotics
"Safe and high-speed navigation is a key enabling capability for real world deployment of robotic systems. A significant limitation of existing approaches is the computational bottleneck associated with explicit mapping and the limited field of view (FOV) of existing sensor technologies. In this paper, we study algorithmic approaches that allow the robot to predict spaces extending beyond the sensor horizon for robust planning at high speeds. We accomplish this using a generative neural network trained from real-world data without requiring human annotated labels. Further, we extend our existing control algorithms to support leveraging the predicted spaces to improve collision-free planning and navigation at high speeds. Our experiments are conducted on a physical robot based on the MIT race car using an RGBD sensor where were able to demonstrate improved performance at 4 m/s compared to a controller not operating on predicted regions of the map.",Robotics
The paper offers general technical facts on the kinematics of a moving continuum involved in research on robotic following of flexible extended objects.,Robotics
"The amount of sun cast on roads and parking lots determines the charging opportunities for solar vehicles and impacts the efficiency of conventional vehicles. Estimates of solar energy potential on urban surfaces to assess parking and driving conditions need to account for the shadows cast by surrounding trees and buildings. However, though existing GIS tools can calculate solar potential on surfaces that have buildings and trees, these tools do not estimate the conditions beneath trees and do not consider the seasonal changes in deciduous trees. We introduce a new approach to address these factors using pixel substitution and a light penetration factor. In this paper, we describe how to integrate these techniques into a workflow for computing solar potential estimates for parking and driving conditions. We demonstrate the methodology in an urban setting in North Carolina that includes a mixture of urban structures and trees. We provide code samples so that this workflow is easily repeatable. The solar maps produced with our method are a useful resource for planning solar vehicle parking and routing, and identifying shaded conditions for conventional vehicles.",Robotics
"Technological advances in the automotive industry are bringing automated driving closer to road use. However, one of the most important factors affecting public acceptance of automated vehicles (AVs) is the public's trust in AVs. Many factors can influence people's trust, including perception of risks and benefits, feelings, and knowledge of AVs. This study aims to use these factors to predict people's dispositional and initial learned trust in AVs using a survey study conducted with 1175 participants. For each participant, 23 features were extracted from the survey questions to capture his or her knowledge, perception, experience, behavioral assessment, and feelings about AVs. These features were then used as input to train an eXtreme Gradient Boosting (XGBoost) model to predict trust in AVs. With the help of SHapley Additive exPlanations (SHAP), we were able to interpret the trust predictions of XGBoost to further improve the explainability of the XGBoost model. Compared to traditional regression models and black-box machine learning models, our findings show that this approach was powerful in providing a high level of explainability and predictability of trust in AVs, simultaneously.",Robotics
"A robot that can operate in novel and unstructured environments must be capable of recognizing new, previously unseen, objects. In this work, a visual cue is used to specify a novel object of interest which must be localized in new environments. An end-to-end neural network equipped with a Siamese network is used to learn the cue, infer the object of interest, and then to localize it in new environments. We show that a simulated robot can pick-and-place novel objects pointed to by a laser pointer. We also evaluate the performance of the proposed approach on a dataset derived from the Omniglot handwritten character dataset and on a small dataset of toys.",Robotics
"This paper presents a kinematically constrained planar hybrid cable-driven parallel robot (HCDPR) for warehousing applications as well as other potential applications such as rehabilitation. The proposed HCDPR can harness the strengths and benefits of serial and cable-driven parallel robots. Based on this robotic platform, the goal in this paper is to develop an integrated control system to reduce vibrations and improve the trajectory accuracy and performance of the HCDPR, including deriving kinematic and dynamic equations, proposing solutions for redundancy resolution and optimization of stiffness, and developing two motion and vibration control strategies (controllers I and II). Finally, different case studies are conducted to evaluate the control performance, and the results show that the controller II can achieve the goal better.",Robotics
"Passive reaction effects in grasp stability analysis occur when the contact forces and joint torques applied by a grasp change in response to external disturbances applied to the grasped object. For example, nonbackdrivable actuators (e.g. highly geared servos) will passively resist external disturbances without an actively applied command; for numerous robot hands using such motors, these effects can be highly beneficial as they increase grasp resistance without requiring active control. We introduce a grasp stability analysis method that can model these effects, and, for a given grasp, distinguish between disturbances that will be passively resisted and those that will not. We find that, in order to achieve this, the grasp model must include accurate energetic constraints. One way to achieve this is to consider the Maximum Dissipation Principle (MDP), a part of the Coulomb friction model that is rarely used in grasp stability analysis. However, the MDP constraints are non-convex, and difficult to solve efficiently. We thus introduce a convex relaxation method, along with an algorithm that successively refines this relaxation locally in order to obtain solutions to arbitrary accuracy efficiently. Our resulting algorithm can determine if a grasp is passively stable, solve for equilibrium contact forces and compute optimal actuator commands for stability. Its implementation is publicly available as part of the open-source GraspIt! simulator.",Robotics
"The MAVLink is a lightweight communication protocol between Unmanned Aerial Vehicles (UAVs) and ground control stations (GCSs). It defines a set of bi-directional messages exchanged between a UAV (aka drone) and a ground station. The messages carry out information about the UAV's states and control commands sent from the ground station. However, the MAVLink protocol is not secure and has several vulnerabilities to different attacks that result in critical threats and safety concerns. Very few studies provided solutions to this problem. In this paper, we discuss the security vulnerabilities of the MAVLink protocol and propose MAVSec, a security-integrated mechanism for MAVLink that leverages the use of encryption algorithms to ensure the protection of exchanged MAVLink messages between UAVs and GCSs. To validate MAVSec, we implemented it in Ardupilot and evaluated the performance of different encryption algorithms (i.e. AES-CBC, AES-CTR, RC4, and ChaCha20) in terms of memory usage and CPU consumption. The experimental results show that ChaCha20 has a better performance and is more efficient than other encryption algorithms. Integrating ChaCha20 into MAVLink can guarantee its messages confidentiality, without affecting its performance, while occupying less memory and CPU consumption, thus, preserving memory and saving the battery for the resource-constrained drone.",Robotics
"We present a stereo-based dense mapping algorithm for large-scale dynamic urban environments. In contrast to other existing methods, we simultaneously reconstruct the static background, the moving objects, and the potentially moving but currently stationary objects separately, which is desirable for high-level mobile robotic tasks such as path planning in crowded environments. We use both instance-aware semantic segmentation and sparse scene flow to classify objects as either background, moving, or potentially moving, thereby ensuring that the system is able to model objects with the potential to transition from static to dynamic, such as parked cars. Given camera poses estimated from visual odometry, both the background and the (potentially) moving objects are reconstructed separately by fusing the depth maps computed from the stereo input. In addition to visual odometry, sparse scene flow is also used to estimate the 3D motions of the detected moving objects, in order to reconstruct them accurately. A map pruning technique is further developed to improve reconstruction accuracy and reduce memory consumption, leading to increased scalability. We evaluate our system thoroughly on the well-known KITTI dataset. Our system is capable of running on a PC at approximately 2.5Hz, with the primary bottleneck being the instance-aware semantic segmentation, which is a limitation we hope to address in future work. The source code is available from the project website (http://andreibarsan.github.io/dynslam).",Robotics
"In this paper, we describe a strategy for training neural networks for object detection in range images obtained from one type of LiDAR sensor using labeled data from a different type of LiDAR sensor. Additionally, an efficient model for object detection in range images for use in self-driving cars is presented. Currently, the highest performing algorithms for object detection from LiDAR measurements are based on neural networks. Training these networks using supervised learning requires large annotated datasets. Therefore, most research using neural networks for object detection from LiDAR point clouds is conducted on a very small number of publicly available datasets. Consequently, only a small number of sensor types are used. We use an existing annotated dataset to train a neural network that can be used with a LiDAR sensor that has a lower resolution than the one used for recording the annotated dataset. This is done by simulating data from the lower resolution LiDAR sensor based on the higher resolution dataset. Furthermore, improvements to models that use LiDAR range images for object detection are presented. The results are validated using both simulated sensor data and data from an actual lower resolution sensor mounted to a research vehicle. It is shown that the model can detect objects from 360° range images in real time.",Robotics
"Point cloud analysis is very challenging, as the shape implied in irregular points is difficult to capture. In this paper, we propose RS-CNN, namely, Relation-Shape Convolutional Neural Network, which extends regular grid CNN to irregular configuration for point cloud analysis. The key to RS-CNN is learning from relation, i.e., the geometric topology constraint among points. Specifically, the convolutional weight for local point set is forced to learn a high-level relation expression from predefined geometric priors, between a sampled point from this point set and the others. In this way, an inductive local representation with explicit reasoning about the spatial layout of points can be obtained, which leads to much shape awareness and robustness. With this convolution as a basic operator, RS-CNN, a hierarchical architecture can be developed to achieve contextual shape-aware learning for point cloud analysis. Extensive experiments on challenging benchmarks across three tasks verify RS-CNN achieves the state of the arts.",Robotics
"We describe a chemical robotic assistant equipped with a curiosity algorithm (CA) that can efficiently explore the state a complex chemical system can exhibit. The CA-robot is designed to explore formulations in an open-ended way with no explicit optimization target. By applying the CA-robot to the study of self-propelling multicomponent oil-in-water droplets, we are able to observe an order of magnitude more variety of droplet behaviours than possible with a random parameter search and given the same budget. We demonstrate that the CA-robot enabled the discovery of a sudden and highly specific response of droplets to slight temperature changes. Six modes of self-propelled droplets motion were identified and classified using a time-temperature phase diagram and probed using a variety of techniques including NMR. This work illustrates how target free search can significantly increase the rate of unpredictable observations leading to new discoveries with potential applications in formulation chemistry.",Robotics
"In man-made environments, such as indoor and urban scenes, most of the objects and structures are organized in the form of orthogonal and parallel planes. These planes can be approximated by the Atlanta world assumption, in which the normals of planes can be represented by the Atlanta frames. Atlanta world assumption, which can be considered as a generalized Manhattan world assumption, has one vertical frame and multiple horizontal frames. Conventionally, given a set of inputs such as surface normals, the Atlanta frame estimation problem can be solved in one-time by branch-and-bound (BnB). However, the runtime of the BnB algorithm will increase greatly when the dimensionality (i.e., the number of horizontal frames) increases. In this paper, we estimate only the vertical direction instead of all Atlanta frames at once. Accordingly, we propose a vertical direction estimation method by considering the relationship between the vertical frame and horizontal frames. Concretely, our approach employs a BnB algorithm to search the vertical direction guaranteeing global optimality without requiring prior knowledge of the number of Atlanta frames. Four novel bounds by mapping 3D-hemisphere to a 2D region are investigated to guarantee convergence. We verify the validity of the proposed method in various challenging synthetic and real-world data.",Robotics
"Reinforcement learning (RL) has proven its worth in a series of artificial domains, and is beginning to show some successes in real-world scenarios. However, much of the research advances in RL are often hard to leverage in real-world systems due to a series of assumptions that are rarely satisfied in practice. We present a set of nine unique challenges that must be addressed to productionize RL to real world problems. For each of these challenges, we specify the exact meaning of the challenge, present some approaches from the literature, and specify some metrics for evaluating that challenge. An approach that addresses all nine challenges would be applicable to a large number of real world problems. We also present an example domain that has been modified to present these challenges as a testbed for practical RL research.",Robotics
"In bipedal gait design literature, one of the common ways of generating stable 3D walking gait is by designing the frontal and sagittal controllers as decoupled dynamics. The study of the decoupled frontal dynamics is, however, still understudied if compared with the sagittal dynamics. In this paper it is presented a formal approach to the problem of frontal dynamics stabilization by extending the hybrid zero dynamics framework to deal with the frontal gait design problem.",Robotics
"This work investigates how a naive agent can acquire its own body image in a self-supervised way, based on the predictability of its sensorimotor experience. Our working hypothesis is that, due to its temporal stability, an agent's body produces more consistent sensory experiences than the environment, which exhibits a greater variability. Given its motor experience, an agent can thus reliably predict what appearance its body should have. This intrinsic predictability can be used to automatically isolate the body image from the rest of the environment. We propose a two-branches deconvolutional neural network to predict the visual sensory state associated with an input motor state, as well as the prediction error associated with this input. We train the network on a dataset of first-person images collected with a simulated Pepper robot, and show how the network outputs can be used to automatically isolate its visible arm from the rest of the environment. Finally, the quality of the body image produced by the network is evaluated.",Robotics
"SLAM based techniques are often adopted for solving the navigation problem for the drones in GPS denied environment. Despite the widespread success of these approaches, they have not yet been fully exploited for automation in a warehouse system due to expensive sensors and setup requirements. This paper focuses on the use of low-cost monocular camera-equipped drones for performing warehouse management tasks like inventory scanning and position update. The methods introduced are at par with the existing state of warehouse environment present today, that is, the existence of a grid network for the ground vehicles, hence eliminating any additional infrastructure requirement for drone deployment. As we lack scale information, that in itself forbids us to use any 3D techniques, we focus more towards optimizing standard image processing algorithms like the thick line detection and further developing it into a fast and robust grid localization framework. In this paper, we show different line detection algorithms, their significance in grid localization and their limitations. We further extend our proposed implementation towards a real-time navigation stack for an actual warehouse inspection case scenario. Our line detection method using skeletonization and centroid strategy works considerably even with varying light conditions, line thicknesses, colors, orientations, and partial occlusions. A simple yet effective Kalman Filter has been used for smoothening the ρ and θ outputs of the two different line detection methods for better drone control while grid following. A generic strategy that handles the navigation of the drone on a grid for completion of the allotted task is also developed. Based on the simulation and real-life experiments, the final developments on the drone localization and navigation in a structured environment are discussed.",Robotics
"Motion planning problems can be simplified by admissible projections of the configuration space to sequences of lower-dimensional quotient-spaces, called sequential simplifications. To exploit sequential simplifications, we present the Quotient-space Rapidly-exploring Random Trees (QRRT) algorithm. QRRT takes as input a start and a goal configuration, and a sequence of quotient-spaces. The algorithm grows trees on the quotient-spaces both sequentially and simultaneously to guarantee a dense coverage. QRRT is shown to be (1) probabilistically complete, and (2) can reduce the runtime by at least one order of magnitude. However, we show in experiments that the runtime varies substantially between different quotient-space sequences. To find out why, we perform an additional experiment, showing that the more narrow an environment, the more a quotient-space sequence can reduce runtime.",Robotics
"Nowadays, the field of Artificial Intelligence in Computer Games (AI in Games) is going to be more alluring since computer games challenge many aspects of AI with a wide range of problems, particularly general problems. One of these kinds of problems is Exploration, which states that an unknown environment must be explored by one or several agents. In this work, we have first introduced the Maze Dash puzzle as an exploration problem where the agent must find a Hamiltonian Path visiting all the cells. Then, we have investigated to find suitable methods by a focus on Monte-Carlo Tree Search (MCTS) and SAT to solve this puzzle quickly and accurately. An optimization has been applied to the proposed MCTS algorithm to obtain a promising result. Also, since the prefabricated test cases of this puzzle are not large enough to assay the proposed method, we have proposed and employed a technique to generate solvable test cases to evaluate the approaches. Eventually, the MCTS-based method has been assessed by the auto-generated test cases and compared with our implemented SAT approach that is considered a good rival. Our comparison indicates that the MCTS-based approach is an up-and-coming method that could cope with the test cases with small and medium sizes with faster run-time compared to SAT. However, for certain discussed reasons, including the features of the problem, tree search organization, and also the approach of MCTS in the Simulation step, MCTS takes more time to execute in Large size scenarios. Consequently, we have found the bottleneck for the MCTS-based method in significant test cases that could be improved in two real-world problems.",Robotics
"Monocular cameras coupled with inertial measurements generally give high performance visual inertial odometry. However, drift can be significant with long trajectories, especially when the environment is visually challenging. In this paper, we propose a system that leverages ultra-wideband ranging with one static anchor placed in the environment to correct the accumulated error whenever the anchor is visible. We also use this setup for collaborative SLAM: different robots use mutual ranging (when available) and the common anchor to estimate the transformation between each other, facilitating map fusion Our system consists of two modules: a double layer ranging, visual, and inertial odometry for single robots, and a transformation estimation module for collaborative SLAM. We test our system on public datasets by simulating an ultra-wideband sensor as well as on real robots. Experiments show our method can outperform state-of-the-art visual-inertial odometry by more than 20%. For visually challenging environments, our method works even the visual-inertial odometry has significant drift Furthermore, we can compute the collaborative SLAM transformation matrix at almost no extra computation cost.",Robotics
"We present a novel approach to generate collision-free trajectories for a robot operating in close proximity with a human obstacle in an occluded environment. The self-occlusions of the robot can significantly reduce the accuracy of human motion prediction, and we present a novel deep learning-based prediction algorithm. Our formulation uses CNNs and LSTMs and we augment human-action datasets with synthetically generated occlusion information for training. We also present an occlusion-aware planner that uses our motion prediction algorithm to compute collision-free trajectories. We highlight performance of the overall approach (HMPO) in complex scenarios and observe upto 68% performance improvement in motion prediction accuracy, and 38% improvement in terms of error distance between the ground-truth and the predicted human joint positions.",Robotics
"The Mining industry considers the deployment of MAV for autonomous inspection of tunnels and shafts to increase safety and productivity. However, mines are challenging and harsh environments that have a direct effect on the degradation of high-end and expensive utilized components over time. Inspired by this effect, this article presents a low cost and modular platform for designing a fully autonomous navigating MAV without requiring any prior information from the surrounding environment. The design of the proposed aerial vehicle can be considered as a consumable platform that can be instantly replaced in case of damage or defect, thus comes into agreement with the vision of mining companies for utilizing stable aerial robots with reasonable cost. In the proposed design, the operator has access to all on-board data, thus increasing the overall customization of the design and the execution of the mine inspection mission. The MAV platform has a software core based on ROS operating on an Aaeon UP-Board, while it is equipped with a sensor suite to accomplish the autonomous navigation equally reliable when compared to high-end and expensive platforms.",Robotics
"In this paper, we present a novel approach to kiwi fruit flower detection using Deep Neural Networks (DNNs) to build an accurate, fast, and robust autonomous pollination robot system. Recent work in deep neural networks has shown outstanding performance on object detection tasks in many areas. Inspired this, we aim for exploiting DNNs for kiwi fruit flower detection and present intensive experiments and their analysis on two state-of-the-art object detectors; Faster R-CNN and Single Shot Detector (SSD) Net, and feature extractors; Inception Net V2 and NAS Net with real-world orchard datasets. We also compare those approaches to find an optimal model which is suitable for a real-time agricultural pollination robot system in terms of accuracy and processing speed. We perform experiments with dataset collected from different seasons and locations (spatio-temporal consistency) in order to demonstrate the performance of the generalized model. The proposed system demonstrates promising results of 0.919, 0.874, and 0.889 for precision, recall, and F1-score respectively on our real-world dataset, and the performance satisfies the requirement for deploying the system onto an autonomous pollination robotics system.",Robotics
"Calibration is crucial for hexapods with high-accuracy positioning capability. Many of these calibration procedures require measurement of hexapod's platform pose (position and orientation) at constant temperature. Consequently, thermal deflection of the hexapod's platform during pose measurements impacts the accuracy of calibrated parameters. This paper presents a method to eliminate the impact of thermal deflection of hexapods on their pose measurement. In this method, a reference pose is measured before each measurement of any particular pose. The measurements of reference pose are used to estimate thermal deflection of hexapod's legs. This is in turn used to estimate and correct the resulting pose error at the particular pose to be measured. The advantage of using the proposed method is demonstrated experimentally by means of pose measurements of a high-precision hexapod using a CMM.",Robotics
"Inter-vehicle distance and relative velocity estimations are two basic functions for any ADAS (Advanced driver-assistance systems). In this paper, we propose a monocular camera-based inter-vehicle distance and relative velocity estimation method based on end-to-end training of a deep neural network. The key novelty of our method is the integration of multiple visual clues provided by any two time-consecutive monocular frames, which include deep feature clue, scene geometry clue, as well as temporal optical flow clue. We also propose a vehicle-centric sampling mechanism to alleviate the effect of perspective distortion in the motion field (i.e. optical flow). We implement the method by a light-weight deep neural network. Extensive experiments are conducted which confirm the superior performance of our method over other state-of-the-art methods, in terms of estimation accuracy, computational speed, and memory footprint.",Robotics
"Unmanned aerial vehicle (UAV) path planning enables UAVs to avoid obstacles and reach the target efficiently. To generate high-quality paths without obstacle collision for UAVs, this paper proposes a novel autonomous path planning algorithm based on a tangent intersection and target guidance strategy (APPATT). Guided by a target, the elliptic tangent graph method is used to generate two sub-paths, one of which is selected based on heuristic rules when confronting an obstacle. The UAV flies along the selected sub-path and repeatedly adjusts its flight path to avoid obstacles through this way until the collision-free path extends to the target. Considering the UAV kinematic constraints, the cubic B-spline curve is employed to smooth the waypoints for obtaining a feasible path. Compared with A*, PRM, RRT and VFH, the experimental results show that APPATT can generate the shortest collision-free path within 0.05 seconds for each instance under static environments. Moreover, compared with VFH and RRTRW, APPATT can generate satisfactory collision-free paths under uncertain environments in a nearly real-time manner. It is worth noting that APPATT has the capability of escaping from simple traps within a reasonable time.",Robotics
"Sampling based methods are widely used for robotic motion planning. Traditionally, these samples are drawn from probabilistic ( or deterministic ) distributions to cover the state space uniformly. Despite being probabilistically complete, they fail to find a feasible path in a reasonable amount of time in constrained environments where it is essential to go through narrow passages (bottleneck regions). Current state of the art techniques train a learning model (learner) to predict samples selectively on these bottleneck regions. However, these algorithms depend completely on samples generated by this learner to navigate through the bottleneck regions. As the complexity of the planning problem increases, the amount of data and time required to make this learner robust to fine variations in the structure of the workspace becomes computationally intractable. In this work, we present (1) an efficient and robust method to use a learner to locate the bottleneck regions and (2) two algorithms that use local sampling methods to leverage the location of these bottleneck regions for efficient motion planning while maintaining probabilistic completeness. We test our algorithms on 2 dimensional planning problems and 7 dimensional robotic arm planning, and report significant gains over heuristics as well as learned baselines.",Robotics
"Recent years have seen an increasing use of Signal Temporal Logic (STL) as a formal specification language for symbolic control, due to its expressiveness and closeness to natural language. Furthermore, STL specifications can be encoded as cost functions using STL's robust semantics, transforming the synthesis problem into an optimization problem. Unfortunately, these cost functions are non-smooth and non-convex, and exact solutions using mixed-integer programming do not scale well. Recent work has focused on using smooth approximations of robustness, which enable faster gradient-based methods to find local maxima, at the expense of soundness and/or completeness. We propose a novel robustness approximation that is smooth everywhere, sound, and asymptotically complete. Our approach combines the benefits of existing approximations, while enabling an explicit tradeoff between conservativeness and completeness.",Robotics
"Pig counting is a crucial task for large-scale pig farming, which is usually completed by human visually. But this process is very time-consuming and error-prone. Few studies in literature developed automated pig counting method. Existing methods only focused on pig counting using single image, and its accuracy is challenged by several factors, including pig movements, occlusion and overlapping. Especially, the field of view of a single image is very limited, and could not meet the requirements of pig counting for large pig grouping houses. To that end, we presented a real-time automated pig counting system in crowds using only one monocular fisheye camera with an inspection robot. Our system showed that it produces accurate results surpassing human. Our pipeline began with a novel bottom-up pig detection algorithm to avoid false negatives due to overlapping, occlusion and deformation of pigs. A deep convolution neural network (CNN) is designed to detect keypoints of pig body part and associate the keypoints to identify individual pigs. After that, an efficient on-line tracking method is used to associate pigs across video frames. Finally, a novel spatial-aware temporal response filtering (STRF) method is proposed to predict the counts of pigs, which is effective to suppress false positives caused by pig or camera movements or tracking failures. The whole pipeline has been deployed in an edge computing device, and demonstrated the effectiveness.",Robotics
"Training robotic policies in simulation suffers from the sim-to-real gap, as simulated dynamics can be different from real-world dynamics. Past works tackled this problem through domain randomization and online system-identification. The former is sensitive to the manually-specified training distribution of dynamics parameters and can result in behaviors that are overly conservative. The latter requires learning policies that concurrently perform the task and generate useful trajectories for system identification. In this work, we propose and analyze a framework for learning exploration policies that explicitly perform task-oriented exploration actions to identify task-relevant system parameters. These parameters are then used by model-based trajectory optimization algorithms to perform the task in the real world. We instantiate the framework in simulation with the Linear Quadratic Regulator as well as in the real world with pouring and object dragging tasks. Experiments show that task-oriented exploration helps model-based policies adapt to systems with initially unknown parameters, and it leads to better task performance than task-agnostic exploration.",Robotics
"An approach of mobile multi-agent pursuit based on application of self-organizing feature map (SOFM) and along with that reinforcement learning based on agent group role membership function (AGRMF) model is proposed. This method promotes dynamic organization of the pursuers' groups and also makes pursuers' group evader according to their desire based on SOFM and AGRMF techniques. This helps to overcome the shortcomings of the pursuers that they cannot fully reorganize when the goal is too independent in process of AGRMF models operation. Besides, we also discuss a new reward function. After the formation of the group, reinforcement learning is applied to get the optimal solution for each agent. The results of each step in capturing process will finally affect the AGR membership function to speed up the convergence of the competitive neural network. The experiments result shows that this approach is more effective for the mobile agents to capture evaders.",Robotics
"A fundamental challenge in reinforcement learning is to learn policies that generalize beyond the operating domains experienced during training. In this paper, we approach this challenge through the following invariance principle: an agent must find a representation such that there exists an action-predictor built on top of this representation that is simultaneously optimal across all training domains. Intuitively, the resulting invariant policy enhances generalization by finding causes of successful actions. We propose a novel learning algorithm, Invariant Policy Optimization (IPO), that implements this principle and learns an invariant policy during training. We compare our approach with standard policy gradient methods and demonstrate significant improvements in generalization performance on unseen domains for linear quadratic regulator and grid-world problems, and an example where a robot must learn to open doors with varying physical properties.",Robotics
"We propose a novel deep visual odometry (VO) method that considers global information by selecting memory and refining poses. Existing learning-based methods take the VO task as a pure tracking problem via recovering camera poses from image snippets, leading to severe error accumulation. Global information is crucial for alleviating accumulated errors. However, it is challenging to effectively preserve such information for end-to-end systems. To deal with this challenge, we design an adaptive memory module, which progressively and adaptively saves the information from local to global in a neural analogue of memory, enabling our system to process long-term dependency. Benefiting from global information in the memory, previous results are further refined by an additional refining module. With the guidance of previous outputs, we adopt a spatial-temporal attention to select features for each view based on the co-visibility in feature domain. Specifically, our architecture consisting of Tracking, Remembering and Refining modules works beyond tracking. Experiments on the KITTI and TUM-RGBD datasets demonstrate that our approach outperforms state-of-the-art methods by large margins and produces competitive results against classic approaches in regular scenes. Moreover, our model achieves outstanding performance in challenging scenarios such as texture-less regions and abrupt motions, where classic algorithms tend to fail.",Robotics
"Reinforcement Learning (RL) is an effective tool for controller design but can struggle with issues of robustness, failing catastrophically when the underlying system dynamics are perturbed. The Robust RL formulation tackles this by adding worst-case adversarial noise to the dynamics and constructing the noise distribution as the solution to a zero-sum minimax game. However, existing work on learning solutions to the Robust RL formulation has primarily focused on training a single RL agent against a single adversary. In this work, we demonstrate that using a single adversary does not consistently yield robustness to dynamics variations under standard parametrizations of the adversary; the resulting policy is highly exploitable by new adversaries. We propose a population-based augmentation to the Robust RL formulation in which we randomly initialize a population of adversaries and sample from the population uniformly during training. We empirically validate across robotics benchmarks that the use of an adversarial population results in a more robust policy that also improves out-of-distribution generalization. Finally, we demonstrate that this approach provides comparable robustness and generalization as domain randomization on these benchmarks while avoiding a ubiquitous domain randomization failure mode.",Robotics
"Many real-world problems require the coordination of multiple autonomous agents. Recent work has shown the promise of Graph Neural Networks (GNNs) to learn explicit communication strategies that enable complex multi-agent coordination. These works use models of cooperative multi-agent systems whereby agents strive to achieve a shared global goal. When considering agents with self-interested local objectives, the standard design choice is to model these as separate learning systems (albeit sharing the same environment). Such a design choice, however, precludes the existence of a single, differentiable communication channel, and consequently prohibits the learning of inter-agent communication strategies. In this work, we address this gap by presenting a learning model that accommodates individual non-shared rewards and a differentiable communication channel that is common among all agents. We focus on the case where agents have self-interested objectives, and develop a learning algorithm that elicits the emergence of adversarial communications. We perform experiments on multi-agent coverage and path planning problems, and employ a post-hoc interpretability technique to visualize the messages that agents communicate to each other. We show how a single self-interested agent is capable of learning highly manipulative communication strategies that allows it to significantly outperform a cooperative team of agents.",Robotics
"Artificial touch would seem well-suited for Reinforcement Learning (RL), since both paradigms rely on interaction with an environment. Here we propose a new environment and set of tasks to encourage development of tactile reinforcement learning: learning to type on a braille keyboard. Four tasks are proposed, progressing in difficulty from arrow to alphabet keys and from discrete to continuous actions. A simulated counterpart is also constructed by sampling tactile data from the physical environment. Using state-of-the-art deep RL algorithms, we show that all of these tasks can be successfully learnt in simulation, and 3 out of 4 tasks can be learned on the real robot. A lack of sample efficiency currently makes the continuous alphabet task impractical on the robot. To the best of our knowledge, this work presents the first demonstration of successfully training deep RL agents in the real world using observations that exclusively consist of tactile images. To aid future research utilising this environment, the code for this project has been released along with designs of the braille keycaps for 3D printing and a guide for recreating the experiments. A brief video summary is also available at https://youtu.be/eNylCA2uE_E.",Robotics
Current trends in autonomous vehicles and their applications indicates an increasing need in positioning at low battery and compute cost. Lidars provide accurate localization at the cost of high compute and power consumption which could be detrimental for drones. Modern requirements for autonomous drones such as No-Permit-No-Takeoff (NPNT) and applications restricting drones to a corridor require the infrastructure to constantly determine the location of the drone. Ultra Wide Band Radios (UWB) fulfill such requirements and offer high precision localization and fast position update rates at a fraction of the cost and battery consumption as compared to lidars and also have greater network availability than GPS in a dense forested campus or an indoor setting. We present in this paper a novel protocol and technique to localize a drone for such applications using a Time Difference of Arrival (TDoA) approach. This further increases the position update rates without sacrificing on accuracy and compare it to traditional methods,Robotics
"The presence of task constraints imposes a significant challenge to motion planning. Despite all recent advancements, existing algorithms are still computationally expensive for most planning problems. In this paper, we present Constrained Motion Planning Networks (CoMPNet), the first neural planner for multimodal kinematic constraints. Our approach comprises the following components: i) constraint and environment perception encoders; ii) neural robot configuration generator that outputs configurations on/near the constraint manifold(s), and iii) a bidirectional planning algorithm that takes the generated configurations to create a feasible robot motion trajectory. We show that CoMPNet solves practical motion planning tasks involving both unconstrained and constrained problems. Furthermore, it generalizes to new unseen locations of the objects, i.e., not seen during training, in the given environments with high success rates. When compared to the state-of-the-art constrained motion planning algorithms, CoMPNet outperforms by order of magnitude improvement in computational speed with a significantly lower variance.",Robotics
"Persistent target tracking in urban environments using UAV is a difficult task due to the limited field of view, visibility obstruction from obstacles and uncertain target motion. The vehicle needs to plan intelligently in 3D such that the target visibility is maximized. In this paper, we introduce Target Following DQN (TF-DQN), a deep reinforcement learning technique based on Deep Q-Networks with a curriculum training framework for the UAV to persistently track the target in the presence of obstacles and target motion uncertainty. The algorithm is evaluated through several simulation experiments qualitatively as well as quantitatively. The results show that the UAV tracks the target persistently in diverse environments while avoiding obstacles on the trained environments as well as on unseen environments.",Robotics
"Motion prediction in unstructured environments is a difficult problem and is essential for safe and efficient human-robot space sharing and collaboration. In this work, we focus on manipulation movements in environments such as homes, workplaces or restaurants, where the overall task and environment can be leveraged to produce accurate motion prediction. For these cases we propose an algorithmic framework that accounts explicitly for the environment geometry based on a model of affordances and a model of short-term human dynamics both trained on motion capture data. We propose dedicated function networks for graspability and placebility affordances and we make use of a dedicated RNN for short-term motion prediction. The prediction of grasp and placement probability densities are used by a constraint-based trajectory optimizer to produce a full-body motion prediction over the entire horizon. We show by comparing to ground truth data that we achieve similar performance for full-body motion predictions as using oracle grasp and place locations.",Robotics
"A new generation of automated bin picking systems using deep learning is evolving to support increasing demand for e-commerce. To accommodate a wide variety of products, many automated systems include multiple gripper types and/or tool changers. However, for some objects, sequential grasp failures are common: when a computed grasp fails to lift and remove the object, the bin is often left unchanged; as the sensor input is consistent, the system retries the same grasp over and over, resulting in a significant reduction in mean successful picks per hour (MPPH). Based on an empirical study of sequential failures, we characterize a class of ""sequential failure objects"" (SFOs) -- objects prone to sequential failures based on a novel taxonomy. We then propose three non-Markov picking policies that incorporate memory of past failures to modify subsequent actions. Simulation experiments on SFO models and the EGAD dataset suggest that the non-Markov policies significantly outperform the Markov policy in terms of the sequential failure rate and MPPH. In physical experiments on 50 heaps of 12 SFOs the most effective Non-Markov policy increased MPPH over the Dex-Net Markov policy by 107%.",Robotics
"The pebble-motion on graphs is a subcategory of multi-agent pathfinding problems dealing with moving multiple pebble-like objects from a node to a node in a graph with a constraint that only one pebble can occupy one node at a given time. Additionally, algorithms solving this problem assume that individual pebbles (robots) cannot move at the same time and their movement is discrete. These assumptions disqualify them from being directly used in practical applications, although they have otherwise nice theoretical properties. We present modifications of the Push and Rotate algorithm [1], which relax the presumptions mentioned above and demonstrate, through a set of experiments, that the modified algorithm is applicable for planning in automated warehouses.",Robotics
"This paper presents a novel autonomous surface vessel (ASV), called Roboat II for urban transportation. Roboat II is capable of accurate simultaneous localization and mapping (SLAM), receding horizon tracking control and estimation, and path planning. Roboat II is designed to maximize the internal space for transport and can carry payloads several times of its own weight. Moreover, it is capable of holonomic motions to facilitate transporting, docking, and inter-connectivity between boats. The proposed SLAM system receives sensor data from a 3D LiDAR, an IMU, and a GPS, and utilizes a factor graph to tackle the multi-sensor fusion problem. To cope with the complex dynamics in the water, Roboat II employs an online nonlinear model predictive controller (NMPC), where we experimentally estimated the dynamical model of the vessel in order to achieve superior performance for tracking control. The states of Roboat II are simultaneously estimated using a nonlinear moving horizon estimation (NMHE) algorithm. Experiments demonstrate that Roboat II is able to successfully perform online mapping and localization, plan its path and robustly track the planned trajectory in the confined river, implying that this autonomous vessel holds the promise on potential applications in transporting humans and goods in many of the waterways nowadays.",Robotics
"We address the problem of optimizing the performance of a dynamic system while satisfying hard safety constraints at all times. Implementing an optimal control solution is limited by the computational cost required to derive it in real time, especially when constraints become active, as well as the need to rely on simple linear dynamics, simple objective functions, and ignoring noise. The recently proposed Control Barrier Function (CBF) method may be used for safety-critical control at the expense of sub-optimal performance. In this paper, we develop a real-time control framework that combines optimal trajectories generated through optimal control with the computationally efficient CBF method providing safety guarantees. We use Hamiltonian analysis to obtain a tractable optimal solution for a linear or linearized system, then employ High Order CBFs (HOCBFs) and Control Lyapunov Functions (CLFs) to account for constraints with arbitrary relative degrees and to track the optimal state, respectively. We further show how to deal with noise in arbitrary relative degree systems. The proposed framework is then applied to the optimal traffic merging problem for Connected and Automated Vehicles (CAVs) where the objective is to jointly minimize the travel time and energy consumption of each CAV subject to speed, acceleration, and speed-dependent safety constraints. In addition, when considering more complex objective functions, nonlinear dynamics and passenger comfort requirements for which analytical optimal control solutions are unavailable, we adapt the HOCBF method to such problems. Simulation examples are included to compare the performance of the proposed framework to optimal solutions (when available) and to a baseline provided by human-driven vehicles with results showing significant improvements in all metrics.",Robotics
"Safe reinforcement learning has been a promising approach for optimizing the policy of an agent that operates in safety-critical applications. In this paper, we propose an algorithm, SNO-MDP, that explores and optimizes Markov decision processes under unknown safety constraints. Specifically, we take a stepwise approach for optimizing safety and cumulative reward. In our method, the agent first learns safety constraints by expanding the safe region, and then optimizes the cumulative reward in the certified safe region. We provide theoretical guarantees on both the satisfaction of the safety constraint and the near-optimality of the cumulative reward under proper regularity assumptions. In our experiments, we demonstrate the effectiveness of SNO-MDP through two experiments: one uses a synthetic data in a new, openly-available environment named GP-SAFETY-GYM, and the other simulates Mars surface exploration by using real observation data.",Robotics
"Autonomous Braking and Throttle control is key in developing safe driving systems for the future. There exists a need for autonomous vehicles to negotiate a multi-agent environment while ensuring safety and comfort. A Deep Reinforcement Learning based autonomous throttle and braking system is presented. For each time step, the proposed system makes a decision to apply the brake or throttle. The throttle and brake are modelled as continuous action space values. We demonstrate 2 scenarios where there is a need for a sophisticated braking and throttle system, i.e when there is a static obstacle in front of our agent like a car, stop sign. The second scenario consists of 2 vehicles approaching an intersection. The policies for brake and throttle control are learned through computer simulation using Deep deterministic policy gradients. The experiment shows that the system not only avoids a collision, but also it ensures that there is smooth change in the values of throttle/brake as it gets out of the emergency situation and abides by the speed regulations, i.e the system resembles human driving.",Robotics
"Compressing massive LiDAR point clouds in real-time is critical to autonomous machines such as drones and self-driving cars. While most of the recent prior work has focused on compressing individual point cloud frames, this paper proposes a novel system that effectively compresses a sequence of point clouds. The idea to exploit both the spatial and temporal redundancies in a sequence of point cloud frames. We first identify a key frame in a point cloud sequence and spatially encode the key frame by iterative plane fitting. We then exploit the fact that consecutive point clouds have large overlaps in the physical space, and thus spatially encoded data can be (re-)used to encode the temporal stream. Temporal encoding by reusing spatial encoding data not only improves the compression rate, but also avoids redundant computations, which significantly improves the compression speed. Experiments show that our compression system achieves 40x to 90x compression rate, significantly higher than the MPEG's LiDAR point cloud compression standard, while retaining high end-to-end application accuracies. Meanwhile, our compression system has a compression speed that matches the point cloud generation rate by today LiDARs and out-performs existing compression systems, enabling real-time point cloud transmission.",Robotics
"Utilization of latent space to capture a lower-dimensional representation of a complex dynamics model is explored in this work. The targeted application is of a robotic manipulator executing a complex environment interaction task, in particular, cutting a wooden object. We train two flavours of Variational Autoencoders---standard and Vector-Quantised---to learn the latent space which is then used to infer certain properties of the cutting operation, such as whether the robot is cutting or not, as well as, material and geometry of the object being cut. The two VAE models are evaluated with reconstruction, prediction and a combined reconstruction/prediction decoders. The results demonstrate the expressiveness of the latent space for robotic interaction inference and the competitive prediction performance against recurrent neural networks.",Robotics
"With the deepening of research on the SLAM system, the possibility of cooperative SLAM with multi-robots has been proposed. This paper presents a map matching and localization approach considering the cooperative SLAM of an aerial-ground system. The proposed approach aims to help precisely matching the map constructed by two independent systems that have large scale variance of viewpoints of the same route and eventually enables the ground mobile robot to localize itself in the global map given by the drone. It contains dense mapping with Elevation Map and software ""Metashape"", map matching with a proposed template matching algorithm, weighted normalized cross-correlation (WNCC) and localization with particle filter. The approach enables map matching for cooperative SLAM with the feasibility of multiple scene sensors, varies from stereo cameras to lidars, and is insensitive to the synchronization of the two systems. We demonstrate the accuracy, robustness, and the speed of the approach under experiments of the Aero-Ground Dataset.",Robotics
"Object transportation could be a challenging problem for a single robot due to the oversize and/or overweight issues. A multi-robot system can take the advantage of increased driving power and more flexible configuration to solve such a problem. However, increased number of individuals also changed the dynamics of the system which makes control of a multi-robot system more complicated. Even worse, if the whole system is sitting on a centralized decision making unit, the data flow could be easily overloaded due to the upscaling of the system. In this research, we propose a decentralized control scheme on a multi-robot system with each individual equipped with a deep Q-network (DQN) controller to perform an oversized object transportation task. DQN is a deep reinforcement learning algorithm thus does not require the knowledge of system dynamics, instead, it enables the robots to learn appropriate control strategies through trial-and-error style interactions within the task environment. Since analogous controllers are distributed on the individuals, the computational bottleneck is avoided systematically. We demonstrate such a system in a scenario of carrying an oversized rod through a doorway by a two-robot team. The presented multi-robot system learns abstract features of the task and cooperative behaviors are observed. The decentralized DQN-style controller is showing strong robustness against uncertainties. In addition, We propose a universal metric to assess the cooperation quantitatively.",Robotics
"Semi-supervised learning improves the performance of supervised machine learning by leveraging methods from unsupervised learning to extract information not explicitly available in the labels. Through the design of a system that enables a robot to learn inspection strategies from a human operator, we present a hybrid semi-supervised system capable of learning interpretable and verifiable models from demonstrations. The system induces a controller program by learning from immersive demonstrations using sequential importance sampling. These visual servo controllers are parametrised by proportional gains and are visually verifiable through observation of the position of the robot in the environment. Clustering and effective particle size filtering allows the system to discover goals in the state space. These goals are used to label the original demonstration for end-to-end learning of behavioural models. The behavioural models are used for autonomous model predictive control and scrutinised for explanations. We implement causal sensitivity analysis to identify salient objects and generate counterfactual conditional explanations. These features enable decision making interpretation and post hoc discovery of the causes of a failure. The proposed system expands on previous approaches to program synthesis by incorporating repellers in the attribution prior of the sampling process. We successfully learn the hybrid system from an inspection scenario where an unmanned ground vehicle has to inspect, in a specific order, different areas of the environment. The system induces an interpretable computer program of the demonstration that can be synthesised to produce novel inspection behaviours. Importantly, the robot successfully runs the synthesised program on an unseen configuration of the environment while presenting explanations of its autonomous behaviour.",Robotics
"We consider an autonomous exploration problem in which a range-sensing mobile robot is tasked with accurately mapping the landmarks in an a priori unknown environment efficiently in real-time; it must choose sensing actions that both curb localization uncertainty and achieve information gain. For this problem, belief space planning methods that forward-simulate robot sensing and estimation may often fail in real-time implementation, scaling poorly with increasing size of the state, belief and action spaces. We propose a novel approach that uses graph neural networks (GNNs) in conjunction with deep reinforcement learning (DRL), enabling decision-making over graphs containing exploration information to predict a robot's optimal sensing action in belief space. The policy, which is trained in different random environments without human intervention, offers a real-time, scalable decision-making process whose high-performance exploratory sensing actions yield accurate maps and high rates of information gain.",Robotics
"We investigate a multi-agent planning problem, where each agent aims to achieve an individual task while avoiding collisions with others. We assume that each agent's task is expressed as a Time-Window Temporal Logic (TWTL) specification defined over a 3D environment. We propose a decentralized receding horizon algorithm for online planning of trajectories. We show that when the environment is sufficiently connected, the resulting agent trajectories are always safe (collision-free) and lead to the satisfaction of the TWTL specifications or their finite temporal relaxations. Accordingly, deadlocks are always avoided and each agent is guaranteed to safely achieve its task with a finite time-delay in the worst case. Performance of the proposed algorithm is demonstrated via numerical simulations and experiments with quadrotors.",Robotics
"Estimating a dense and accurate depth map is the key requirement for autonomous driving and robotics. Recent advances in deep learning have allowed depth estimation in full resolution from a single image. Despite this impressive result, many deep-learning-based monocular depth estimation (MDE) algorithms have failed to keep their accuracy yielding a meter-level estimation error. In many robotics applications, accurate but sparse measurements are readily available from Light Detection and Ranging (LiDAR). Although they are highly accurate, the sparsity limits full resolution depth map reconstruction. Targeting the problem of dense and accurate depth map recovery, this paper introduces the fusion of these two modalities as a depth completion (DC) problem by dividing the role of depth inference and depth regression. Utilizing the state-of-the-art MDE and our Gaussian process (GP) based depth-regression method, we propose a general solution that can flexibly work with various MDE modules by enhancing its depth with sparse range measurements. To overcome the major limitation of GP, we adopt Kernel Interpolation for Scalable Structured (KISS)-GP and mitigate the computational complexity from O(N^3) to O(N). Our experiments demonstrate that the accuracy and robustness of our method outperform state-of-the-art unsupervised methods for sparse and biased measurements.",Robotics
"We present a novel method for testing the safety of self-driving vehicles in simulation. We propose an alternative to sensor simulation, as sensor simulation is expensive and has large domain gaps. Instead, we directly simulate the outputs of the self-driving vehicle's perception and prediction system, enabling realistic motion planning testing. Specifically, we use paired data in the form of ground truth labels and real perception and prediction outputs to train a model that predicts what the online system will produce. Importantly, the inputs to our system consists of high definition maps, bounding boxes, and trajectories, which can be easily sketched by a test engineer in a matter of minutes. This makes our approach a much more scalable solution. Quantitative results on two large-scale datasets demonstrate that we can realistically test motion planning using our simulations.",Robotics
"A robust and efficient Simultaneous Localization and Mapping (SLAM) system is essential for robot autonomy. For visual SLAM algorithms, though the theoretical framework has been well established for most aspects, feature extraction and association is still empirically designed in most cases, and can be vulnerable in complex environments. This paper shows that feature extraction with deep convolutional neural networks (CNNs) can be seamlessly incorporated into a modern SLAM framework. The proposed SLAM system utilizes a state-of-the-art CNN to detect keypoints in each image frame, and to give not only keypoint descriptors, but also a global descriptor of the whole image. These local and global features are then used by different SLAM modules, resulting in much more robustness against environmental changes and viewpoint changes compared with using hand-crafted features. We also train a visual vocabulary of local features with a Bag of Words (BoW) method. Based on the local features, global features, and the vocabulary, a highly reliable loop closure detection method is built. Experimental results show that all the proposed modules significantly outperforms the baseline, and the full system achieves much lower trajectory errors and much higher correct rates on all evaluated data. Furthermore, by optimizing the CNN with Intel OpenVINO toolkit and utilizing the Fast BoW library, the system benefits greatly from the SIMD (single-instruction-multiple-data) techniques in modern CPUs. The full system can run in real-time without any GPU or other accelerators. The code is public at https://github.com/ivipsourcecode/dxslam.",Robotics
"When searching for objects in cluttered environments, it is often necessary to perform complex interactions in order to move occluding objects out of the way and fully reveal the object of interest and make it graspable. Due to the complexity of the physics involved and the lack of accurate models of the clutter, planning and controlling precise predefined interactions with accurate outcome is extremely hard, when not impossible. In problems where accurate (forward) models are lacking, Deep Reinforcement Learning (RL) has shown to be a viable solution to map observations (e.g. images) to good interactions in the form of close-loop visuomotor policies. However, Deep RL is sample inefficient and fails when applied directly to the problem of unoccluding objects based on images. In this work we present a novel Deep RL procedure that combines i) teacher-aided exploration, ii) a critic with privileged information, and iii) mid-level representations, resulting in sample efficient and effective learning for the problem of uncovering a target object occluded by a heap of unknown objects. Our experiments show that our approach trains faster and converges to more efficient uncovering solutions than baselines and ablations, and that our uncovering policies lead to an average improvement in the graspability of the target object, facilitating downstream retrieval applications.",Robotics
"Decision making in the Agriculture domain can be a complex task. The land area allocated to each crop should be fixed every season according to several parameters: prices, demand, harvesting periods, seeds, ground, season etc... The decision to make becomes more difficult when a group of farmers must fix the price and all parameters all together. Generally, optimization models are useful for farmers to find no dominated solutions, but it remains difficult if the farmers have to agree on one solution. We combine two approaches in order to support a group of farmers engaged in this kind of decision making process. We firstly generate a set of no dominated solutions thanks to a centralized optimization model. Based on this set of solution we then used a Group Decision Support System called GRUS for choosing the best solution for the group of farmers. The combined approach allows us to determine the best solution for the group in a consensual way. This combination of approaches is very innovative for the Agriculture. This approach has been tested in laboratory in a previous work. In the current work the same experiment has been conducted with real business (farmers) in order to benefit from their expertise. The two experiments are compared.",Robotics
"Detecting vehicles and representing their position and orientation in the three dimensional space is a key technology for autonomous driving. Recently, methods for 3D vehicle detection solely based on monocular RGB images gained popularity. In order to facilitate this task as well as to compare and drive state-of-the-art methods, several new datasets and benchmarks have been published. Ground truth annotations of vehicles are usually obtained using lidar point clouds, which often induces errors due to imperfect calibration or synchronization between both sensors. To this end, we propose Cityscapes 3D, extending the original Cityscapes dataset with 3D bounding box annotations for all types of vehicles. In contrast to existing datasets, our 3D annotations were labeled using stereo RGB images only and capture all nine degrees of freedom. This leads to a pixel-accurate reprojection in the RGB image and a higher range of annotations compared to lidar-based approaches. In order to ease multitask learning, we provide a pairing of 2D instance segments with 3D bounding boxes. In addition, we complement the Cityscapes benchmark suite with 3D vehicle detection based on the new annotations as well as metrics presented in this work. Dataset and benchmark are available online.",Robotics
"Automatic processing of 3D Point Cloud data for object detection, tracking and segmentation is the latest trending research in the field of AI and Data Science, which is specifically aimed at solving different challenges of autonomous driving cars and getting real time performance. However, the amount of data that is being produced in the form of 3D point cloud (with LiDAR) is very huge, due to which the researchers are now on the way inventing new data compression algorithms to handle huge volumes of data thus generated. However, compression on one hand has an advantage in overcoming space requirements, but on the other hand, its processing gets expensive due to the decompression, which indents additional computing resources. Therefore, it would be novel to think of developing algorithms that can operate/analyse directly with the compressed data without involving the stages of decompression and recompression (required as many times, the compressed data needs to be operated or analyzed). This research field is termed as Compressed Domain Processing. In this paper, we will quickly review few of the recent state-of-the-art developments in the area of LiDAR generated 3D point cloud data compression, and highlight the future challenges of compressed domain processing of 3D point cloud data.",Robotics
"We present a differentiable simulation architecture for articulated rigid-body dynamics that enables the augmentation of analytical models with neural networks at any point of the computation. Through gradient-based optimization, identification of the simulation parameters and network weights is performed efficiently in preliminary experiments on a real-world dataset and in sim2sim transfer applications, while poor local optima are overcome through a random search approach.",Robotics
"An automated vehicle operating in an urban environment must be able to perceive and recognise object/obstacles in a three-dimensional world while navigating in a constantly changing environment. In order to plan and execute accurate sophisticated driving maneuvers, a high-level contextual understanding of the surroundings is essential. Due to the recent progress in image processing, it is now possible to obtain high definition semantic information in 2D from monocular cameras, though cameras cannot reliably provide the highly accurate 3D information provided by lasers. The fusion of these two sensor modalities can overcome the shortcomings of each individual sensor, though there are a number of important challenges that need to be addressed in a probabilistic manner. In this paper, we address the common, yet challenging, lidar/camera/semantic fusion problems which are seldom approached in a wholly probabilistic manner. Our approach is capable of using a multi-sensor platform to build a three-dimensional semantic voxelized map that considers the uncertainty of all of the processes involved. We present a probabilistic pipeline that incorporates uncertainties from the sensor readings (cameras, lidar, IMU and wheel encoders), compensation for the motion of the vehicle, and heuristic label probabilities for the semantic images. We also present a novel and efficient viewpoint validation algorithm to check for occlusions from the camera frames. A probabilistic projection is performed from the camera images to the lidar point cloud. Each labelled lidar scan then feeds into an octree map building algorithm that updates the class probabilities of the map voxels every time a new observation is available. We validate our approach using a set of qualitative and quantitative experimental tests on the USyd Dataset.",Robotics
"Robots navigating in human crowds need to optimize their paths not only for their task performance but also for their compliance to social norms. One of the key challenges in this context is the lack of standard metrics for evaluating and optimizing a socially compliant behavior. Existing works in social navigation can be grouped according to the differences in their optimization objectives. For instance, the reinforcement learning approaches tend to optimize on the \textit{comfort} aspect of the socially compliant navigation, whereas the inverse reinforcement learning approaches are designed to achieve \textit{natural} behavior. In this paper, we propose NaviGAN, a generative navigation algorithm that jointly optimizes both of the \textit{comfort} and \textit{naturalness} aspects. Our approach is designed as an adversarial training framework that can learn to generate a navigation path that is both optimized for achieving a goal and for complying with latent social rules. A set of experiments has been carried out on multiple datasets to demonstrate the strengths of the proposed approach quantitatively. We also perform extensive experiments using a physical robot in a real-world environment to qualitatively evaluate the trained social navigation behavior. The video recordings of the robot experiments can be found in the link: https://youtu.be/61blDymjCpw.",Robotics
"This literature review investigates how robots can be used for the maintenance of manmade structures, such as pipes, reinforced concrete decks, and space stations as a sampling of the broad spectrum of robotic non-destructive testing (NDT) applications. Robotic NDT can be used to find plaque in pipes, corrosion in steel buildings, and impact damage in space stations, which would normally be invisible to the eye. After inspection, the inspected material is preserved in its original condition. The paper's structure is as follows: first, the definition of NDT is elaborated upon with the discussion of specific methods that will be used in the inspection of the structures mentioned above. Second, an explanation follows on why robots are suited to inspection, specifically focusing on robots' advantages over humans. Third, three real-world examples notify the reader of current progress in robot NDT. Lastly, a summary of robot problems serves as a reminder that testing and development must continue for robot NDT to become mainstream.",Robotics
"In this work, we address the motion planning problem for autonomous vehicles through a new lattice planning approach, called Feedback Enhanced Lattice Planner (FELP). Existing lattice planners have two major limitations, namely the high dimensionality of the lattice and the lack of modeling of agent vehicle behaviors. We propose to apply the Intelligent Driver Model (IDM) as a speed feedback policy to address both of these limitations. IDM both enables the responsive behavior of the agents, and uniquely determines the acceleration and speed profile of the ego vehicle on a given path. Therefore, only a spatial lattice is needed, while discretization of higher order dimensions is no longer required. Additionally, we propose a directed-graph map representation to support the implementation and execution of lattice planners. The map can reflect local geometric structure, embed the traffic rules adhering to the road, and is efficient to construct and update. We show that FELP is more efficient compared to other existing lattice planners through runtime complexity analysis, and we propose two variants of FELP to further reduce the complexity to polynomial time. We demonstrate the improvement by comparing FELP with an existing spatiotemporal lattice planner using simulations of a merging scenario and continuous highway traffic. We also study the performance of FELP under different traffic densities.",Robotics
"Learned dynamics models combined with both planning and policy learning algorithms have shown promise in enabling artificial agents to learn to perform many diverse tasks with limited supervision. However, one of the fundamental challenges in using a learned forward dynamics model is the mismatch between the objective of the learned model (future state reconstruction), and that of the downstream planner or policy (completing a specified task). This issue is exacerbated by vision-based control tasks in diverse real-world environments, where the complexity of the real world dwarfs model capacity. In this paper, we propose to direct prediction towards task relevant information, enabling the model to be aware of the current task and encouraging it to only model relevant quantities of the state space, resulting in a learning objective that more closely matches the downstream task. Further, we do so in an entirely self-supervised manner, without the need for a reward function or image labels. We find that our method more effectively models the relevant parts of the scene conditioned on the goal, and as a result outperforms standard task-agnostic dynamics models and model-free reinforcement learning.",Robotics
"This paper investigates how end-to-end driving models can be improved to drive more accurately and human-like. To tackle the first issue we exploit semantic and visual maps from HERE Technologies and augment the existing Drive360 dataset with such. The maps are used in an attention mechanism that promotes segmentation confidence masks, thus focusing the network on semantic classes in the image that are important for the current driving situation. Human-like driving is achieved using adversarial learning, by not only minimizing the imitation loss with respect to the human driver but by further defining a discriminator, that forces the driving model to produce action sequences that are human-like. Our models are trained and evaluated on the Drive360 + HERE dataset, which features 60 hours and 3000 km of real-world driving data. Extensive experiments show that our driving models are more accurate and behave more human-like than previous methods.",Robotics
"The synthesis problem for partially observable Markov decision processes (POMDPs) is to compute a policy that satisfies a given specification. Such policies have to take the full execution history of a POMDP into account, rendering the problem undecidable in general. A common approach is to use a limited amount of memory and randomize over potential choices. Yet, this problem is still NP-hard and often computationally intractable in practice. A restricted problem is to use neither history nor randomization, yielding policies that are called stationary and deterministic. Previous approaches to compute such policies employ mixed-integer linear programming (MILP). We provide a novel MILP encoding that supports sophisticated specifications in the form of temporal logic constraints. It is able to handle an arbitrary number of such specifications. Yet, randomization and memory are often mandatory to achieve satisfactory policies. First, we extend our encoding to deliver a restricted class of randomized policies. Second, based on the results of the original MILP, we employ a preprocessing of the POMDP to encompass memory-based decisions. The advantages of our approach over state-of-the-art POMDP solvers lie (1) in the flexibility to strengthen simple deterministic policies without losing computational tractability and (2) in the ability to enforce the provable satisfaction of arbitrarily many specifications. The latter point allows taking trade-offs between performance and safety aspects of typical POMDP examples into account. We show the effectiveness of our method on a broad range of benchmarks.",Robotics
"We aim to enable an autonomous robot to learn new skills from demo videos and use these newly learned skills to accomplish non-trivial high-level tasks. The goal of developing such autonomous robot involves knowledge representation, specification mining, and automated task planning. For knowledge representation, we use a graph-based spatial temporal logic (GSTL) to capture spatial and temporal information of related skills demonstrated by demo videos. We design a specification mining algorithm to generate a set of parametric GSTL formulas from demo videos by inductively constructing spatial terms and temporal formulas. The resulting parametric GSTL formulas from specification mining serve as a domain theory, which is used in automated task planning for autonomous robots. We propose an automatic task planning based on GSTL where a proposer is used to generate ordered actions, and a verifier is used to generate executable task plans. A table setting example is used throughout the paper to illustrate the main ideas.",Robotics
"Robot control policies learned in simulation do not often transfer well to the real world. Many existing solutions to this sim-to-real problem, such as the Grounded Action Transformation (GAT) algorithm, seek to correct for or ground these differences by matching the simulator to the real world. However, the efficacy of these approaches is limited if they do not explicitly account for stochasticity in the target environment. In this work, we analyze the problems associated with grounding a deterministic simulator in a stochastic real world environment, and we present examples where GAT fails to transfer a good policy due to stochastic transitions in the target domain. In response, we introduce the Stochastic Grounded Action Transformation(SGAT) algorithm,which models this stochasticity when grounding the simulator. We find experimentally for both simulated and physical target domains that SGAT can find policies that are robust to stochasticity in the target domain",Robotics
"In autonomous driving, accurately estimating the state of surrounding obstacles is critical for safe and robust path planning. However, this perception task is difficult, particularly for generic obstacles/objects, due to appearance and occlusion changes. To tackle this problem, we propose an end-to-end deep learning framework for LIDAR-based flow estimation in bird's eye view (BeV). Our method takes consecutive point cloud pairs as input and produces a 2-D BeV flow grid describing the dynamic state of each cell. The experimental results show that the proposed method not only estimates 2-D BeV flow accurately but also improves tracking performance of both dynamic and static objects.",Robotics
"Learning from demonstration is widely used as an efficient way for robots to acquire new skills. However, it typically requires that demonstrations provide full access to the state and action sequences. In contrast, learning from observation offers a way to utilize unlabeled demonstrations (e.g., video) to perform imitation learning. One approach to this is behavioral cloning from observation (BCO). The original implementation of BCO proceeds by first learning an inverse dynamics model and then using that model to estimate action labels, thereby reducing the problem to behavioral cloning. However, existing approaches to BCO require a large number of initial interactions in the first step. Here, we provide a novel theoretical analysis of BCO, introduce a modification BCO*, and show that in the semi-supervised setting, BCO* can concurrently improve both its estimate for the inverse dynamics model and the expert policy. This result allows us to eliminate the dependence on initial interactions and dramatically improve the sample complexity of BCO. We evaluate the effectiveness of our algorithm through experiments on various benchmark domains. The results demonstrate that concurrent training not only improves over the performance of BCO but also results in performance that is competitive with state-of-the-art imitation learning methods such as GAIL and Value-Dice.",Robotics
"Common experience suggests that agents who know each other well are better able to work together. In this work, we address the problem of calibrating intention and capabilities in human-robot collaboration. In particular, we focus on scenarios where the robot is attempting to assist a human who is unable to directly communicate her intent. Moreover, both agents may have differing capabilities that are unknown to one another. We adopt a decision-theoretic approach and propose the TICC-POMDP for modeling this setting, with an associated online solver. Experiments show our approach leads to better team performance both in simulation and in a real-world study with human subjects.",Robotics
"We present Learning to Drive (L2D), a low-cost benchmark for real-world reinforcement learning (RL). L2D involves a simple and reproducible experimental setup where an RL agent has to learn to drive a Donkey car around three miniature tracks, given only monocular image observations and speed of the car. The agent has to learn to drive from disengagements, which occurs when it drives off the track. We present and open-source our training pipeline, which makes it straightforward to apply any existing RL algorithm to the task of autonomous driving with a Donkey car. We test imitation learning, state-of-the-art model-free, and model-based algorithms on the proposed L2D benchmark. Our results show that existing RL algorithms can learn to drive the car from scratch in less than five minutes of interaction. We demonstrate that RL algorithms can learn from sparse and noisy disengagement to drive even faster than imitation learning and a human operator.",Robotics
"The use of infrastructure sensor technology for traffic detection has already been proven several times. However, extrinsic sensor calibration is still a challenge for the operator. While previous approaches are unable to calibrate the sensors without the use of reference objects in the sensor field of view (FOV), we present an algorithm that is completely detached from external assistance and runs fully automatically. Our method focuses on the high-precision fusion of LiDAR point clouds and is evaluated in simulation as well as on real measurements. We set the LiDARs in a continuous pendulum motion in order to simulate real-world operation as closely as possible and to increase the demands on the algorithm. However, it does not receive any information about the initial spatial location and orientation of the LiDARs throughout the entire measurement period. Experiments in simulation as well as with real measurements have shown that our algorithm performs a continuous point cloud registration of up to four 64-layer LiDARs in real-time. The averaged resulting translational error is within a few centimeters and the averaged error in rotation is below 0.15 degrees.",Robotics
"Underwater communication is extremely challenging for small underwater robots which typically have stringent power and size constraints. In our previous work, we developed an artificial electrocommunication system which could be an alternative for the communication of small underwater robots. This paper further presents a new electrocommunication system that utilizes Binary Frequency Shift Keying (2FSK) modulation and deep-learning-based demodulation for underwater robots. We first derive an underwater electrocommunication model that covers both the near-field area and a large transition area outside of the near-field area. 2FSK modulation is adopted to improve the anti-interference ability of the electric signal. A deep learning algorithm is used to demodulate the electric signal by the receiver. Simulations and experiments show that with the same testing condition, the new communication system outperforms the previous system in both the communication distance and the data transmitting rate. In specific, the newly developed communication system achieves stable communication within the distance of 10 m at a data transfer rate of 5 Kbps with a power consumption of less than 0.1 W. The substantial increase in communication distance further improves the possibility of electrocommunication in underwater robotics.",Robotics
"This paper considers a problem of planning an attack in robotic football (RoboCup). The problem is reduced to finding a trajectory of the ball from its current position to the opponents goals. Heuristic search algorithm, i.e. A*, is used to find such a trajectory. For this algorithm to be applicable we introduce a discretized model of the environment, i.e. a graph, as well as the core search components: cost function and heuristic function. Both are designed to take into account all the available information of the game state. We extensively evaluate the suggested approach in simulation comparing it to a range of baselines. The result of the conducted evaluation clearly shows the benefit of utilizing heuristic search within the RoboCup context.",Robotics
"Many modern simultaneous localization and mapping (SLAM) techniques rely on sparse landmark-based maps due to their real-time performance. However, these techniques frequently assert that these landmarks are fixed in position over time, known as the static-world assumption. This is rarely, if ever, the case in most real-world environments. Even worse, over long deployments, robots are bound to observe traditionally static landmarks change, for example when an autonomous vehicle encounters a construction zone. This work addresses this challenge, accounting for changes in complex three-dimensional environments with the creation of a probabilistic filter that operates on the features that give rise to landmarks. To accomplish this, landmarks are clustered into cliques and a filter is developed to estimate their persistence jointly among observations of the landmarks in a clique. This filter uses estimated spatial-temporal priors of geometric objects, allowing for dynamic and semi-static objects to be removed from a formally static map. The proposed algorithm is validated in a 3D simulated environment.",Robotics
"Autonomous systems developed with the Belief-Desire-Intention (BDI) architecture are usually mostly implemented in simulated environments. In this project we sought to build a BDI agent for use in the real world for campus mail delivery in the tunnel system at Carleton University. Ideally, the robot should receive a delivery order via a mobile application, pick up the mail at a station, navigate the tunnels to the destination station, and notify the recipient. We linked the Robot Operating System (ROS) with a BDI reasoning system to achieve a subset of the required use cases. ROS handles the low-level sensing and actuation, while the BDI reasoning system handles the high-level reasoning and decision making. Sensory data is orchestrated and sent from ROS to the reasoning system as perceptions. These perceptions are then deliberated upon, and an action string is sent back to ROS for interpretation and driving of the necessary actuator for the action to be performed. In this paper we present our current implementation, which closes the loop on the hardware-software integration, and implements a subset of the use cases required for the full system.",Robotics
"This paper proposes the notion of 'Privacy-Anomaly Detection' and considers the question of whether behavioural-based anomaly detection approaches can have a privacy semantic interpretation and whether the detected anomalies can be related to the conventional (formal) definitions of privacy semantics such as k-anonymity. The idea is to learn the user's past querying behaviour in terms of privacy and then identifying deviations from past behaviour in order to detect privacy violations. Privacy attacks, violations of formal privacy definition, based on a sequence of SQL queries (query correlations) are also considered in the paper and it is shown that interactive querying settings are vulnerable to privacy attacks based on query sequences. Investigation on whether these types of privacy attacks can potentially manifest themselves as anomalies, specifically as privacy-anomalies was carried out. It is shown that in this paper that behavioural-based anomaly detection approaches have the potential to detect privacy attacks based on query sequences (violation of formal privacy definition) as privacy-anomalies.",Cyber Security
"The increased reliance on the Internet and the corresponding surge in connectivity demand has led to a significant growth in Internet-of-Things (IoT) devices. The continued deployment of IoT devices has in turn led to an increase in network attacks due to the larger number of potential attack surfaces as illustrated by the recent reports that IoT malware attacks increased by 215.7% from 10.3 million in 2017 to 32.7 million in 2018. This illustrates the increased vulnerability and susceptibility of IoT devices and networks. Therefore, there is a need for proper effective and efficient attack detection and mitigation techniques in such environments. Machine learning (ML) has emerged as one potential solution due to the abundance of data generated and available for IoT devices and networks. Hence, they have significant potential to be adopted for intrusion detection for IoT environments. To that end, this paper proposes an optimized ML-based framework consisting of a combination of Bayesian optimization Gaussian Process (BO-GP) algorithm and decision tree (DT) classification model to detect attacks on IoT devices in an effective and efficient manner. The performance of the proposed framework is evaluated using the Bot-IoT-2018 dataset. Experimental results show that the proposed optimized framework has a high detection accuracy, precision, recall, and F-score, highlighting its effectiveness and robustness for the detection of botnet attacks in IoT environments.",Cyber Security
"Since the 1960s Supervisory Control and Data Acquisition (SCADA) systems have been used within industry. Referred to as critical infrastructure (CI), key installations such as power stations, water treatment and energy grids are controlled using SCADA. Existing literature reveals inherent security risks to CI and suggests this stems from the rise of interconnected networks, leading to the hypothesis that the rise of interconnectivity between corporate networks and SCADA system networks pose security risks to CI. The results from studies into previous global attacks involving SCADA and CI, with focus on two highly serious incidents in Iran and Ukraine, reveal that although interconnectivity is a major factor, isolated CIs are still highly vulnerable to attack due to risks within the SCADA controllers and protocols.",Cyber Security
"Recently, Government of India has taken several initiatives to make India digitally strong such as to provide each resident a unique digital identity, referred to as Aadhaar, and to provide several online e-Governance services based on Aadhaar such as DigiLocker. DigiLocker is an online service which provides a shareable private storage space on public cloud to its subscribers. Although DigiLocker ensures traditional security such as data integrity and secure data access, privacy of e-documents are yet to addressed. Ciphertext-Policy Attribute-Based Encryption (CP-ABE) can improve data privacy but the right implementation of it has always been a challenge. This paper presents a scheme to implement privacy enhanced DigiLocker using CP-ABE.",Cyber Security
"Domain adaptation helps transfer the knowledge gained from a labeled source domain to an unlabeled target domain. During the past few years, different domain adaptation techniques have been published. One common flaw of these approaches is that while they might work well on one input type, such as images, their performance drops when applied to others, such as text or time-series. In this paper, we introduce Proportional Progressive Pseudo Labeling (PPPL), a simple, yet effective technique that can be implemented in a few lines of code to build a more general domain adaptation technique that can be applied on several different input types. At the beginning of the training phase, PPPL progressively reduces target domain classification error, by training the model directly with pseudo-labeled target domain samples, while excluding samples with more likely wrong pseudo-labels from the training set and also postponing training on such samples. Experiments on 6 different datasets that include tasks such as anomaly detection, text sentiment analysis and image classification demonstrate that PPPL can beat other baselines and generalize better.",Cyber Security
"In this work, we study the protection that fuzzy commitments offer when they are applied to facial images, processed by the state of the art deep learning facial recognition systems. We show that while these systems are capable of producing great accuracy, they produce templates of too little entropy. As a result, we present a reconstruction attack that takes a protected template, and reconstructs a facial image. The reconstructed facial images greatly resemble the original ones. In the simplest attack scenario, more than 78% of these reconstructed templates succeed in unlocking an account (when the system is configured to 0.1% FAR). Even in the ""hardest"" settings (in which we take a reconstructed image from one system and use it in a different system, with different feature extraction process) the reconstructed image offers 50 to 120 times higher success rates than the system's FAR.",Cyber Security
"We introduce a novel method and implementation architecture to train neural networks which preserves the confidentiality of both the model and the data. Our method relies on homomorphic capability of lattice based encryption scheme. Our procedure is optimized for operations on packed ciphertexts in order to achieve efficient updates of the model parameters. Our method achieves a significant reduction of computations due to our way to perform multiplications and rotations on packed ciphertexts from a feedforward network to a back-propagation network. To verify the accuracy of the training model as well as the implementation feasibility, we tested our method on the Iris data set by using the CKKS scheme with Microsoft SEAL as a back end. Although our test implementation is for simple neural network training, we believe our basic implementation block can help the further applications for more complex neural network based use cases.",Cyber Security
"Data Loss/Leakage Prevention (DLP) continues to be the main issue for many large organizations. There are multiple numbers of emerging security attach scenarios and a limitless number of overcoming solutions. Today's enterprises' major concern is to protect confidential information because a leakage that compromises confidential data means that sensitive information is in competitors' hands. Different data types need to be protected. However, our research is focused only on data in motion (DIM) i-e data transferred through the network. The research and scenarios in this paper demonstrate a recent survey on information and data leakage incidents, which reveals its importance and also proposed a model solution that will offer the combination of previous methodologies with a new way of pattern matching by advanced content checker based on the use of machine learning to protect data within an organization and then take actions accordingly. This paper also proposed a DLP deployment design on the gateway level that shows how data is moving through intermediate channels before reaching the final destination using the squid proxy server and ICAP server.",Cyber Security
"This paper outlines the design and development of a survey targeting the cyber-security culture assessment of critical infrastructures during the COVID-19 crisis, when living routine was seriously disturbed and working reality fundamentally affected. Its foundations lie on a security culture framework consisted of 10 different security dimensions analysed into 52 domains examined under two different pillars: organizational and individual. In this paper, a detailed questionnaire building analysis is being presented while revealing the aims, goals and expected outcomes of each question. It concludes with the survey implementation and delivery plan following a number of pre-survey stages each serving a specific methodological purpose.",Cyber Security
"Crowdsourcing plays an essential role in the Internet of Things (IoT) for data collection, where a group of workers is equipped with Internet-connected geolocated devices to collect sensor data for marketing or research purpose. In this paper, we consider crowdsourcing these worker's hot travel path. Each worker is required to report his real-time location information, which is sensitive and has to be protected. Encryption-based methods are the most direct way to protect the location, but not suitable for resource-limited devices. Besides, local differential privacy is a strong privacy concept and has been deployed in many software systems. However, the local differential privacy technology needs a large number of participants to ensure the accuracy of the estimation, which is not always the case for crowdsourcing. To solve this problem, we proposed a trie-based iterative statistic method, which combines additive secret sharing and local differential privacy technologies. The proposed method has excellent performance even with a limited number of participants without the need of complex computation. Specifically, the proposed method contains three main components: iterative statistics, adaptive sampling, and secure reporting. We theoretically analyze the effectiveness of the proposed method and perform extensive experiments to show that the proposed method not only provides a strict privacy guarantee, but also significantly improves the performance from the previous existing solutions.",Cyber Security
"The MAVLink is a lightweight communication protocol between Unmanned Aerial Vehicles (UAVs) and ground control stations (GCSs). It defines a set of bi-directional messages exchanged between a UAV (aka drone) and a ground station. The messages carry out information about the UAV's states and control commands sent from the ground station. However, the MAVLink protocol is not secure and has several vulnerabilities to different attacks that result in critical threats and safety concerns. Very few studies provided solutions to this problem. In this paper, we discuss the security vulnerabilities of the MAVLink protocol and propose MAVSec, a security-integrated mechanism for MAVLink that leverages the use of encryption algorithms to ensure the protection of exchanged MAVLink messages between UAVs and GCSs. To validate MAVSec, we implemented it in Ardupilot and evaluated the performance of different encryption algorithms (i.e. AES-CBC, AES-CTR, RC4, and ChaCha20) in terms of memory usage and CPU consumption. The experimental results show that ChaCha20 has a better performance and is more efficient than other encryption algorithms. Integrating ChaCha20 into MAVLink can guarantee its messages confidentiality, without affecting its performance, while occupying less memory and CPU consumption, thus, preserving memory and saving the battery for the resource-constrained drone.",Cyber Security
"The traditional reversible data hiding technique is based on cover image modification which inevitably leaves some traces of rewriting that can be more easily analyzed and attacked by the warder. Inspired by the cover synthesis steganography based generative adversarial networks, in this paper, a novel generative reversible data hiding scheme (GRDH) by image translation is proposed. First, an image generator is used to obtain a realistic image, which is used as an input to the image-to-image translation model with CycleGAN. After image translation, a stego image with different semantic information will be obtained. The secret message and the original input image can be recovered separately by a well-trained message extractor and the inverse transform of the image translation. Experimental results have verified the effectiveness of the scheme.",Cyber Security
"Thanks to recent advances in deep neural networks (DNNs), face recognition systems have become highly accurate in classifying a large number of face images. However, recent studies have found that DNNs could be vulnerable to adversarial examples, raising concerns about the robustness of such systems. Adversarial examples that are not restricted to small perturbations could be more serious since conventional certified defenses might be ineffective against them. To shed light on the vulnerability to such adversarial examples, we propose a flexible and efficient method for generating unrestricted adversarial examples using image translation techniques. Our method enables us to translate a source image into any desired facial appearance with large perturbations to deceive target face recognition systems. Our experimental results indicate that our method achieved about $90$ and $80\%$ attack success rates under white- and black-box settings, respectively, and that the translated images are perceptually realistic and maintain the identifiability of the individual while the perturbations are large enough to bypass certified defenses.",Cyber Security
"We present ARCHANGEL; a novel distributed ledger based system for assuring the long-term integrity of digital video archives. First, we describe a novel deep network architecture for computing compact temporal content hashes (TCHs) from audio-visual streams with durations of minutes or hours. Our TCHs are sensitive to accidental or malicious content modification (tampering) but invariant to the codec used to encode the video. This is necessary due to the curatorial requirement for archives to format shift video over time to ensure future accessibility. Second, we describe how the TCHs (and the models used to derive them) are secured via a proof-of-authority blockchain distributed across multiple independent archives. We report on the efficacy of ARCHANGEL within the context of a trial deployment in which the national government archives of the United Kingdom, Estonia and Norway participated.",Cyber Security
"Authenticated data storage on an untrusted platform is an important computing paradigm for cloud applications ranging from big-data outsourcing, to cryptocurrency and certificate transparency log. These modern applications increasingly feature update-intensive workloads, whereas existing authenticated data structures (ADSs) designed with in-place updates are inefficient to handle such workloads. In this paper, we address this issue and propose a novel authenticated log-structured merge tree (eLSM) based key-value store by leveraging Intel SGX enclaves. We present a system design that runs the code of eLSM store inside enclave. To circumvent the limited enclave memory (128 MB with the latest Intel CPUs), we propose to place the memory buffer of the eLSM store outside the enclave and protect the buffer using a new authenticated data structure by digesting individual LSM-tree levels. We design protocols to support query authentication in data integrity, completeness (under range queries), and freshness. The proof in our protocol is made small by including only the Merkle proofs at selective levels. We implement eLSM on top of Google LevelDB and Facebook RocksDB with minimal code change and performance interference. We evaluate the performance of eLSM under the YCSB workload benchmark and show a performance advantage of up to 4.5X speedup.",Cyber Security
"As cloud computing becomes prevalent in recent years, more and more enterprises and individuals outsource their data to cloud servers. To avoid privacy leaks, outsourced data usually is encrypted before being sent to cloud servers, which disables traditional search schemes for plain text. To meet both end of security and searchability, search-supported encryption is proposed. However, many previous schemes suffer severe vulnerability when typos and semantic diversity exist in query requests. To overcome such flaw, higher error-tolerance is always expected for search-supported encryption design, sometimes defined as 'fuzzy search'. In this paper, we propose a new scheme of multi-keyword fuzzy search over encrypted and outsourced data. Our approach introduces a new mechanism to map a natural language expression into a word-vector space. Compared with previous approaches, our design shows higher robustness when multiple kinds of typos are involved. Besides, our approach is enhanced with novel data structures to improve search efficiency. These two innovations can work well for both accuracy and efficiency. Moreover, these designs will not hurt the fundamental security. Experiments on a real-world dataset demonstrate the effectiveness of our proposed approach, which outperforms currently popular approaches focusing on similar tasks.",Cyber Security
"Tampering of metering infrastructure of an electrical distribution system can significantly cause customers' billing discrepancy. The large-scale deployment of smart meters may potentially be tampered by malware by propagating their agents to other IP-based meters. Such a possibility is to pivot through the physical perimeters of a smart meter. While this framework may help utilities to accurately energy consumption information on the regular basis, it is challenging to identify malicious meters when there is a large number of users that are exploited to vulnerability and kWh information being altered. This paper presents a reconfiguration switching scheme based on graph theory incorporating the concept of distributed generators to accelerate the anomaly localization process within an electrical distribution network. First, a data form transformation from a visualized grid topology to a graph with vertices and edges is presented. A conversion from the graph representation to machine recognized matrix representation is then performed. The connection of the grid topology is illustrated as an adjacency or incidence matrix for the following analysis. A switching procedure to change elements in the topological matrix is used to detect and localize the tampered node or cluster. The procedure has to meet the electrical and the temporary closed-loop operational constraints. The customer-level anomaly detection is then performed in accordance with probability derived from smart meter anomalies.",Cyber Security
"The main goal of this article is to present a direct approach for the formula giving the long-term apparent hashrates of Selfish Mining strategies using only elementary probabilities and combinatorics, more precisely, Dyck words. We can avoid computing stationary probabilities on Markov chain, nor stopping times for Poisson processes as in previous analysis. We do apply these techniques to other block withholding strategies in Bitcoin, and then, we consider also selfish mining in Ethereum.",Cyber Security
"The recent spades of cyber security attacks have compromised end users' data safety and privacy in Medical Cyber-Physical Systems (MCPS). Traditional standard encryption algorithms for data protection are designed based on a viewpoint of system architecture rather than a viewpoint of end users. As such encryption algorithms are transferring the protection on the data to the protection on the keys, data safety and privacy will be compromised once the key is exposed. In this paper, we propose a secure data storage and sharing method consisted by a selective encryption algorithm combined with fragmentation and dispersion to protect the data safety and privacy even when both transmission media (e.g. cloud servers) and keys are compromised. This method is based on a user-centric design that protects the data on a trusted device such as end user's smartphone and lets the end user to control the access for data sharing. We also evaluate the performance of the algorithm on a smartphone platform to prove the efficiency.",Cyber Security
"Most research in the area of intrusion detection requires datasets to develop, evaluate or compare systems in one way or another. In this field, however, finding suitable datasets is a challenge on to itself. Most publicly available datasets have negative qualities that limit their usefulness. In this article, we propose ID2T (Intrusion Detection Dataset Toolkit) to tackle this problem. ID2T facilitates the creation of labeled datasets by injecting synthetic attacks into background traffic. The injected synthetic attacks blend themselves with the background traffic by mimicking the background traffic's properties to eliminate any trace of ID2T's usage. This work has three core contribution areas. First, we present a comprehensive survey on intrusion detection datasets. In the survey, we propose a classification to group the negative qualities we found in the datasets. Second, the architecture of ID2T is revised, improved and expanded. The architectural changes enable ID2T to inject recent and advanced attacks such as the widespread EternalBlue exploit or botnet communication patterns. The toolkit's new functionality provides a set of tests, known as TIDED (Testing Intrusion Detection Datasets), that help identify potential defects in the background traffic into which attacks are injected. Third, we illustrate how ID2T is used in different use-case scenarios to evaluate the performance of anomaly and signature-based intrusion detection systems in a reproducible manner. ID2T is open source software and is made available to the community to expand its arsenal of attacks and capabilities.",Cyber Security
"The old mantra of decentralizing the Internet is coming again with fanfare, this time around the blockchain technology hype. We have already seen a technology supposed to change the nature of the Internet: peer-to-peer. The reality is that peer-to-peer naming systems failed, peer-to-peer social networks failed, and yes, peer-to-peer storage failed as well. In this paper, we will review the research on distributed systems in the last few years to identify the limits of open peer-to-peer networks. We will address issues like system complexity, security and frailty, instability and performance. We will show how many of the aforementioned problems also apply to the recent breed of permissionless blockchain networks. The applicability of such systems to mature industrial applications is undermined by the same properties that make them so interesting for a libertarian audience: namely, their openness, their pseudo-anonymity and their unregulated cryptocurrencies. As such, we argue that permissionless blockchain networks are unsuitable to be the substrate for a decentralized Internet. Yet, there is still hope for more decentralization, albeit in a form somewhat limited with respect to the libertarian view of decentralized Internet: in cooperation rather than in competition with the superpowerful datacenters that dominate the world today. This is derived from the recent surge in interest in byzantine fault tolerance and permissioned blockchains, which opens the door to a world where use of trusted third parties is not the only way to arbitrate an ensemble of entities. The ability of establish trust through permissioned blockchains enables to move the control from the datacenters to the edge, truly realizing the promises of edge-centric computing.",Cyber Security
"The Internet of Things (IoT), as a cutting-edge integrated cross-technology, promises to informationize people's daily lives, while being threatened by continuous challenges of eavesdropping and tampering. The emerging quantum cryptography, harnessing the random nature of quantum mechanics, may also enable unconditionally secure control network, beyond the applications in secure communications. Here, we present a quantum-enhanced cryptographic remote control scheme that combines quantum randomness and one-time pad algorithm for delivering commands remotely. We experimentally demonstrate this on an unmanned aircraft vehicle (UAV) control system. We precharge quantum random number (QRN) into controller and controlee before launching UAV, instead of distributing QRN like standard quantum communication during flight. We statistically verify the randomness of both quantum keys and the converted ciphertexts to check the security capability. All commands in the air are found to be completely chaotic after encryption, and only matched keys on UAV can decipher those commands precisely. In addition, the controlee does not response to the commands that are not or incorrectly encrypted, showing the immunity against interference and decoy. Our work adds true randomness and quantum enhancement into the realm of secure control algorithm in a straightforward and practical fashion, providing a promoted solution for the security of artificial intelligence and IoT.",Cyber Security
"This paper investigates the effectiveness of adversarial training in enhancing the robustness of Deep Q-Network (DQN) policies to state-space perturbations. We first present a formal analysis of adversarial training in DQN agents and its performance with respect to the proportion of adversarial perturbations to nominal observations used for training. Next, we consider the sample-inefficiency of current adversarial training techniques, and propose a novel Adversarially-Guided Exploration (AGE) mechanism based on a modified hybrid of the $ε$-greedy algorithm and Boltzmann exploration. We verify the feasibility of this exploration mechanism through experimental evaluation of its performance in comparison with the traditional decaying $ε$-greedy and parameter-space noise exploration algorithms.",Cyber Security
"This paper investigates a class of attacks targeting the confidentiality aspect of security in Deep Reinforcement Learning (DRL) policies. Recent research have established the vulnerability of supervised machine learning models (e.g., classifiers) to model extraction attacks. Such attacks leverage the loosely-restricted ability of the attacker to iteratively query the model for labels, thereby allowing for the forging of a labeled dataset which can be used to train a replica of the original model. In this work, we demonstrate the feasibility of exploiting imitation learning techniques in launching model extraction attacks on DRL agents. Furthermore, we develop proof-of-concept attacks that leverage such techniques for black-box attacks against the integrity of DRL policies. We also present a discussion on potential solution concepts for mitigation techniques.",Cyber Security
"This paper proposes a novel scheme for the watermarking of Deep Reinforcement Learning (DRL) policies. This scheme provides a mechanism for the integration of a unique identifier within the policy in the form of its response to a designated sequence of state transitions, while incurring minimal impact on the nominal performance of the policy. The applications of this watermarking scheme include detection of unauthorized replications of proprietary policies, as well as enabling the graceful interruption or termination of DRL activities by authorized entities. We demonstrate the feasibility of our proposal via experimental evaluation of watermarking a DQN policy trained in the Cartpole environment.",Cyber Security
"There was a time when the word security was only confined to the physical protection of things that were valuable which must be guarded against all the odds. Today, in a world where people can do things virtually have emerged the necessity to protect the virtual world. Every single facet of our life is being controlled by the internet one way or another. There is no privacy in the cyberspace as the data which we are browsing on the internet is being monitored on the other side by someone. Each work we are doing on the internet is getting tracked or the data are getting leaked without consent. To browse the internet securely we developed a router named Aranea which relates to the browser Tor. Tor gives traffic anonymity and security. The Tor browser can be used in both positive and negative purpose. Tor encrypts data, it hides the location and identity of the user, it hides the IP address of the device, it hides the network traffic and many more. By using Tor browser each user can browse the internet safely in the cyber world. Our goal is to create an additional security bridge through the router Aranea for every user so that each user can simply browse the internet anonymously.",Cyber Security
"Spectre attacks and their many subsequent variants are a new vulnerability class affecting modern CPUs. The attacks rely on the ability to misguide speculative execution, generally by exploiting the branch prediction structures, to execute a vulnerable code sequence speculatively. In this paper, we propose to use Control-Flow Integrity (CFI), a security technique used to stop control-flow hijacking attacks, on the committed path, to prevent speculative control-flow from being hijacked to launch the most dangerous variants of the Spectre attacks (Spectre-BTB and Spectre-RSB). Specifically, CFI attempts to constrain the possible targets of an indirect branch to a set of legal targets defined by a pre-calculated control-flow graph (CFG). As CFI is being adopted by commodity software (e.g., Windows and Android) and commodity hardware (e.g., Intel's CET and ARM's BTI), the CFI information becomes readily available through the hardware CFI extensions. With the CFI information, we apply CFI principles to also constrain illegal control-flow during speculative execution. Specifically, our proposed defense, SPECCFI, ensures that control flow instructions target legal destinations to constrain dangerous speculation on forward control-flow paths (indirect calls and branches). We augment this protection with a precise speculation-aware hardware stack to constrain speculation on backward control-flow edges (returns). We combine this solution with existing solutions against branch target predictor attacks (Spectre-PHT) to close all known non-vendor-specific Spectre vulnerabilities. We show that SPECCFI results in small overheads both in terms of performance and additional hardware complexity.",Cyber Security
"With the rapid development of artificial intelligence (AI), ethical issues surrounding AI have attracted increasing attention. In particular, autonomous vehicles may face moral dilemmas in accident scenarios, such as staying the course resulting in hurting pedestrians or swerving leading to hurting passengers. To investigate such ethical dilemmas, recent studies have adopted preference aggregation, in which each voter expresses her/his preferences over decisions for the possible ethical dilemma scenarios, and a centralized system aggregates these preferences to obtain the winning decision. Although a useful methodology for building ethical AI systems, such an approach can potentially violate the privacy of voters since moral preferences are sensitive information and their disclosure can be exploited by malicious parties. In this paper, we report a first-of-its-kind privacy-preserving crowd-guided AI decision-making approach in ethical dilemmas. We adopt the notion of differential privacy to quantify privacy and consider four granularities of privacy protection by taking voter-/record-level privacy protection and centralized/distributed perturbation into account, resulting in four approaches VLCP, RLCP, VLDP, and RLDP. Moreover, we propose different algorithms to achieve these privacy protection granularities, while retaining the accuracy of the learned moral preference model. Specifically, VLCP and RLCP are implemented with the data aggregator setting a universal privacy parameter and perturbing the averaged moral preference to protect the privacy of voters' data. VLDP and RLDP are implemented in such a way that each voter perturbs her/his local moral preference with a personalized privacy parameter. Extensive experiments on both synthetic and real data demonstrate that the proposed approach can achieve high accuracy of preference aggregation while protecting individual voter's privacy.",Cyber Security
"Multiple initiatives propose utilizing Bluetooth Low Energy (BLE) advertisements for contact tracing and SARS-CoV-2 exposure notifications. This demo shows a research tool to analyze BLE advertisements; if universally enabled by the vendors, the uncovered features could improve exposure notifications for everyone. We reverse-engineer the firmware-internal implementation of BLE advertisements on Broadcom and Cypress chips and show how to extract further physical-layer information at the receiver. The analyzed firmware works on hundreds of millions of devices, such as all iPhones, the European Samsung Galaxy S series, and Raspberry Pis.",Cyber Security
"The number of cyber threats against both wired and wireless computer systems and other components of the Internet of Things continues to increase annually. In this work, an algorithm selection framework is employed on the NSL-KDD data set and a novel paradigm of machine learning taxonomy is presented. The framework uses a combination of user input and meta-features to select the best algorithm to detect cyber attacks on a network. Performance is compared between a rule-of-thumb strategy and a meta-learning strategy. The framework removes the conjecture of the common trial-and-error algorithm selection method. The framework recommends five algorithms from the taxonomy. Both strategies recommend a high-performing algorithm, though not the best performing. The work demonstrates the close connectedness between algorithm selection and the taxonomy for which it is premised.",Cyber Security
"Phishing attacks have become the most used technique in the online scams, initiating more than 91% of cyberattacks, from 2012 onwards. This study reviews how Phishing and Spear Phishing attacks are carried out by the phishers, through 5 steps which magnify the outcome, increasing the chance of success. The focus will be also given on four different layers of protection against these social engineering attacks, showing their strengths and weaknesses; the first and second layers consist of automated tools and decision-aid tools. the third one is users' knowledge and expertise to deal with potential threats. The last layer, defined as ""external"", will underline the importance of having a Multi-factor authentication, an effective way to provide an enhanced security, creating a further layer of protection against Phishing and Spear Phishing.",Cyber Security
"Remote code disclosure attacks threaten embedded systems as they allow attackers to steal intellectual property or to find reusable code for use in control-flow hijacking attacks. Execute-only memory (XOM) prevents remote code disclosures, but existing XOM solutions either require a memory management unit that is not available on ARM embedded systems or incur significant overhead. We present PicoXOM: a fast and novel XOM system for ARMv7-M and ARMv8-M devices which leverages ARM's Data Watchpoint and Tracing unit along with the processor's simplified memory protection hardware. On average, PicoXOM incurs 0.33% performance overhead and 5.89% code size overhead on two benchmark suites and five real-world applications.",Cyber Security
"Auditing provides an essential security control in computer systems, by keeping track of all access attempts, including both legitimate and illegal access attempts. This phase can be useful to the context of audits, where eventual misbehaving parties can be held accountable. Blockchain technology can provide trusted auditability required for access control systems. In this paper, we propose a distributed \ac{ABAC} system based on blockchain to provide trusted auditing of access attempts. Besides auditability, our system presents a level of transparency that both access requestors and resource owners can benefit from it. We present a system architecture with an implementation based on Hyperledger Fabric, achieving high efficiency and low computational overhead. The proposed solution is validated through a use case of independent digital libraries. Detailed performance analysis of our implementation is presented, taking into account different consensus mechanisms and databases. The experimental evaluation shows that our presented system can process 5,000 access control requests with the send rate of 200 per second and a latency of 0.3 seconds.",Cyber Security
"In this paper we propose a novel methodology to assist in identifying vulnerabilities in a real-world complex heterogeneous industrial control systems (ICS) using two evolutionary multiobjective optimisation (EMO) algorithms, NSGA-II and SPEA2. Our approach is evaluated on a well known benchmark chemical plant simulator, the Tennessee Eastman (TE) process model. We identified vulnerabilities in individual components of the TE model and then made use of these to generate combinatorial attacks to damage the safety of the system, and to cause economic loss. Results were compared against random attacks, and the performance of the EMO algorithms were evaluated using hypervolume, spread and inverted generational distance (IGD) metrics. A defence against these attacks in the form of a novel intrusion detection system was developed, using a number of machine learning algorithms. Designed approach was further tested against the developed detection methods. Results demonstrate that EMO algorithms are a promising tool in the identification of the most vulnerable components of ICS, and weaknesses of any existing detection systems in place to protect the system. The proposed approach can be used by control and security engineers to design security aware control, and test the effectiveness of security mechanisms, both during design, and later during system operation.",Cyber Security
"Software defined networking (SDN) has been adopted to enforce the security of large-scale and complex networks because of its programmable, abstract, centralized intelligent control and global and real-time traffic view. However, the current SDN-based security enforcement mechanisms require network managers to fully understand the underlying configurations of network. Facing the increasingly complex and huge SDN networks, we urgently need a novel security policy management mechanism which can be completely transparent to any underlying information. That is it can permit network managers to define upper-level security policies without containing any underlying information of network, and by means of model transformation system, these upper-level security policies can be transformed into their corresponding lower-level policies containing underlying information automatically. Moreover, it should ensure system model updated by the generated lower-level policies can hold all of security properties defined in upper-level policies. Based on these insights, we propose a security policy model transformation and verification approach for SDN in this paper. We first present the formal definition of a security policy model (SPM) which can be used to specify the security policies used in SDN. Then, we propose a model transformation system based on SDN system model and mapping rules, which can enable network managers to convert SPM model into corresponding underlying network configuration policies automatically, i.e., flow table model (FTM). In order to verify SDN system model updated by the generated FTM models can hold the security properties defined in SPM models, we design a security policy verification system based on model checking. Finally, we utilize a comprehensive case to illustrate the feasibility of the proposed approach.",Cyber Security
"In advanced metering infrastructure (AMI), smart meters (SMs) are installed at the consumer side to send fine-grained power consumption readings periodically to the system operator (SO) for load monitoring, energy management, billing, etc. However, fraudulent consumers launch electricity theft cyber-attacks by reporting false readings to reduce their bills illegally. These attacks do not only cause financial losses but may also degrade the grid performance because the readings are used for grid management. To identify these attackers, the existing schemes employ machine-learning models using the consumers' fine-grained readings, which violates the consumers' privacy by revealing their lifestyle. In this paper, we propose an efficient scheme that enables the SO to detect electricity theft, compute bills, and monitor load while preserving the consumers' privacy. The idea is that SMs encrypt their readings using functional encryption, and the SO uses the ciphertexts to (i) compute the bills following dynamic pricing approach, (ii) monitor the grid load, and (iii) evaluate a machine-learning model to detect fraudulent consumers, without being able to learn the individual readings to preserve consumers' privacy. We adapted a functional encryption scheme so that the encrypted readings are aggregated for billing and load monitoring and only the aggregated value is revealed to the SO. Also, we exploited the inner-product operations on encrypted readings to evaluate a machine-learning model to detect fraudulent consumers. Real dataset is used to evaluate our scheme, and our evaluations indicate that our scheme is secure and can detect fraudulent consumers accurately with low communication and computation overhead.",Cyber Security
"Jupyter has become the go-to platform for developing data applications but data and security concerns, especially when dealing with healthcare, have become paramount for many institutions and applications dealing with sensitive information. How then can we continue to enjoy the data analysis and machine learning opportunities provided by Jupyter and the Python ecosystem while guaranteeing auditable compliance with security and privacy concerns? We will describe the architecture and implementation of a cloud based platform based on Jupyter that integrates with Amazon Web Services (AWS) and uses containerized services without exposing the platform to the vulnerabilities present in Kubernetes and JupyterHub. This architecture addresses the HIPAA requirements to ensure both security and privacy of data. The architecture uses an AWS service to provide JSON Web Tokens (JWT) for authentication as well as network control. Furthermore, our architecture enables secure collaboration and sharing of Jupyter notebooks. Even though our platform is focused on Jupyter notebooks and JupyterLab, it also supports R-Studio and bespoke applications that share the same authentication mechanisms. Further, the platform can be extended to other cloud services other than AWS.",Cyber Security
"Images and video sequences carry large volumes of highly correlated and redundant data. Applications like military and telecommunication require encryption methods to protect the data from unwanted access. This requirement in most cases needs to be realized in real-time. In this paper, we propose a fast new Fiestal-structured approach for image and video encryption based on a chaotic random sequence generator and a Permutation-Inverse Permutation (PIP) pixel transform. This approach utilizes mathematical functions and transforms with low complexity. The algorithm at the same time, ensures no drastic pay off in terms of encryption quality. This renders the algorithm with promising scope for real time applications and easy hardware implementation. MATLAB simulation of the algorithm establishes its high quality of encryption in terms of elevated entropy values and negligible correlation of the encrypted data with the original. Simulation results also show high sensitivity to slight variation in keys ensuring high security.",Cyber Security
"Protecting the privacy of input data is of growing importance as machine learning methods reach new application domains. In this paper, we provide a unified training and inference framework for large DNNs while protecting input privacy and computation integrity. Our approach called DarKnight uses a novel data blinding strategy using matrix masking to create input obfuscation within a trusted execution environment (TEE). Our rigorous mathematical proof demonstrates that our blinding process provides information-theoretic privacy guarantee by bounding information leakage. The obfuscated data can then be offloaded to any GPU for accelerating linear operations on blinded data. The results from linear operations on blinded data are decoded before performing non-linear operations within the TEE. This cooperative execution allows DarKnight to exploit the computational power of GPUs to perform linear operations while exploiting TEEs to protect input privacy. We implement DarKnight on an Intel SGX TEE augmented with a GPU to evaluate its performance.",Cyber Security
"Many Android applications embed webpages via WebView components and execute JavaScript code within Android. Hybrid applications leverage dedicated APIs to load a resource and render it in a WebView. Furthermore, Android objects can be shared with the JavaScript world. However, bridging the interfaces of the Android and JavaScript world might also incur severe security threats: Potentially untrusted webpages and their JavaScript might interfere with the Android environment and its access to native features. No general analysis is currently available to assess the implications of such hybrid apps bridging the two worlds. To understand the semantics and effects of hybrid apps, we perform a large-scale study on the usage of the hybridization APIs in the wild. We analyze and categorize the parameters to hybridization APIs for 7,500 randomly selected and the 196 most popular applications from the Google Playstore as well as 1000 malware samples. Our results advance the general understanding of hybrid applications, as well as implications for potential program analyses, and the current security situation: We discovered thousands of flows of sensitive data from Android to JavaScript, the vast majority of which could flow to potentially untrustworthy code. Our analysis identified numerous web pages embedding vulnerabilities, which we exemplarily exploited. Additionally, we discovered a multitude of applications in which potentially untrusted JavaScript code may interfere with (trusted) Android objects, both in benign and malign applications.",Cyber Security
"In this paper, we propose a model protection method by using block-wise pixel shuffling with a secret key as a preprocessing technique to input images for the first time. The protected model is built by training with such preprocessed images. Experiment results show that the performance of the protected model is close to that of non-protected models when the key is correct, while the accuracy is severely dropped when an incorrect key is given, and the proposed model protection is robust against not only brute-force attacks but also fine-tuning attacks, while maintaining almost the same performance accuracy as that of using a non-protected model.",Cyber Security
"Recent research has demonstrated that adding some imperceptible perturbations to original images can fool deep learning models. However, the current adversarial perturbations are usually shown in the form of noises, and thus have no practical meaning. Image watermark is a technique widely used for copyright protection. We can regard image watermark as a king of meaningful noises and adding it to the original image will not affect people's understanding of the image content, and will not arouse people's suspicion. Therefore, it will be interesting to generate adversarial examples using watermarks. In this paper, we propose a novel watermark perturbation for adversarial examples (Adv-watermark) which combines image watermarking techniques and adversarial example algorithms. Adding a meaningful watermark to the clean images can attack the DNN models. Specifically, we propose a novel optimization algorithm, which is called Basin Hopping Evolution (BHE), to generate adversarial watermarks in the black-box attack mode. Thanks to the BHE, Adv-watermark only requires a few queries from the threat models to finish the attacks. A series of experiments conducted on ImageNet and CASIA-WebFace datasets show that the proposed method can efficiently generate adversarial examples, and outperforms the state-of-the-art attack methods. Moreover, Adv-watermark is more robust against image transformation defense methods.",Cyber Security
"Cyber-security garnered significant attention due to the increased dependency of individuals and organizations on the Internet and their concern about the security and privacy of their online activities. Several previous machine learning (ML)-based network intrusion detection systems (NIDSs) have been developed to protect against malicious online behavior. This paper proposes a novel multi-stage optimized ML-based NIDS framework that reduces computational complexity while maintaining its detection performance. This work studies the impact of oversampling techniques on the models' training sample size and determines the minimal suitable training sample size. Furthermore, it compares between two feature selection techniques, information gain and correlation-based, and explores their effect on detection performance and time complexity. Moreover, different ML hyper-parameter optimization techniques are investigated to enhance the NIDS's performance. The performance of the proposed framework is evaluated using two recent intrusion detection datasets, the CICIDS 2017 and the UNSW-NB 2015 datasets. Experimental results show that the proposed model significantly reduces the required training sample size (up to 74%) and feature set size (up to 50%). Moreover, the model performance is enhanced with hyper-parameter optimization with detection accuracies over 99% for both datasets, outperforming recent literature works by 1-2% higher accuracy and 1-2% lower false alarm rate.",Cyber Security
"The use of software applications is inevitable as they provide different services to users. The software applications collect, store users' data, and sometimes share with the third party, even without the user consent. One can argue that software developers do not implement privacy into the software applications they develop or take GDPR (General Data Protection Law) law into account. Failing to do this, may lead to software applications that open up privacy breaches (e.g. data breach). The GDPR law provides a set of guidelines for developers and organizations on how to protect user data when they are interacting with software applications. Previous research has attempted to investigate what hinders developers from embedding privacy into software systems. However, there has been no detailed investigation on why they cannot develop privacy-preserving systems taking GDPR into consideration, which is imperative to develop software applications that preserve privacy. Therefore, this paper investigates the issues that hinder software developers from implementing software applications taking GDPR law on-board. Our study findings revealed that developers are not familiar with GDPR principles. Even some of them are, they lack knowledge of the GDPR principles and their techniques to use when developing privacy-preserving software systems",Cyber Security
"It is becoming more common that adversary attacks consist of more than a standalone executable or script. Often, evidence of an attack includes conspicuous process heritage that may be ignored by traditional static machine learning models. Advanced attacker techniques, like ""living off the land"" that appear normal in isolation become more suspicious when observed in a parent-child context. The context derived from parent-child process chains can help identify and group malware families, as well as discover novel attacker techniques. Adversaries chain these techniques to achieve persistence, bypass defenses, and execute actions. Traditional heuristic-based detections often generate noise or disparate events that belong to what constitutes a single attack. ProblemChild is a graph-based framework designed to address these issues. ProblemChild applies a supervised learning classifier to derive a weighted graph used to identify communities of seemingly disparate events into larger attack sequences. ProblemChild applies conditional probability to automatically rank anomalous communities as well as suppress commonly occurring parent-child chains. In combination, this framework can be used by analysts to aid in the crafting or tuning of detectors and reduce false-positives over time. We evaluate ProblemChild against the 2018 MITRE ATT&CK(TM) emulation of APT3 attack to demonstrate its promise in identifying anomalous parent-child process chains.",Cyber Security
"The increase of cyber attacks in both the numbers and varieties in recent years demands to build a more sophisticated network intrusion detection system (NIDS). These NIDS perform better when they can monitor all the traffic traversing through the network like when being deployed on a Software-Defined Network (SDN). Because of the inability to detect zero-day attacks, signature-based NIDS which were traditionally used for detecting malicious traffic are beginning to get replaced by anomaly-based NIDS built on neural networks. However, recently it has been shown that such NIDS have their own drawback namely being vulnerable to the adversarial example attack. Moreover, they were mostly evaluated on the old datasets which don't represent the variety of attacks network systems might face these days. In this paper, we present Reconstruction from Partial Observation (RePO) as a new mechanism to build an NIDS with the help of denoising autoencoders capable of detecting different types of network attacks in a low false alert setting with an enhanced robustness against adversarial example attack. Our evaluation conducted on a dataset with a variety of network attacks shows denoising autoencoders can improve detection of malicious traffic by up to 29% in a normal setting and by up to 45% in an adversarial setting compared to other recently proposed anomaly detectors.",Cyber Security
"With the fast development of Information Technology, a tremendous amount of data have been generated and collected for research and analysis purposes. As an increasing number of users are growing concerned about their personal information, privacy preservation has become an urgent problem to be solved and has attracted significant attention. Local differential privacy (LDP), as a strong privacy tool, has been widely deployed in the real world in recent years. It breaks the shackles of the trusted third party, and allows users to perturb their data locally, thus providing much stronger privacy protection. This survey provides a comprehensive and structured overview of the local differential privacy technology. We summarise and analyze state-of-the-art research in LDP and compare a range of methods in the context of answering a variety of queries and training different machine learning models. We discuss the practical deployment of local differential privacy and explore its application in various domains. Furthermore, we point out several research gaps, and discuss promising future research directions.",Cyber Security
"In this paper, we first introduce the notion of channel leakage as the minimum mutual information between the channel input and channel output. As its name indicates, channel leakage quantifies the minimum information leakage to the malicious receiver. In a broad sense, it can be viewed as a dual concept of channel capacity, which characterizes the maximum information transmission to the targeted receiver. We obtain explicit formulas of channel leakage for the white Gaussian case, the colored Gaussian case, and the fading case. We then utilize this notion to investigate the fundamental limitations of obfuscation in terms of privacy-distortion tradeoffs (as well as privacy-power tradeoffs) for streaming data; particularly, we derive analytical tradeoff equations for the stationary case, the non-stationary case, and the finite-time case. Our results also indicate explicitly how to design the privacy masks in an optimal way.",Cyber Security
"Brain-Computer Interfaces (BCI) arose as systems that merge computing systems with the human brain to facilitate recording, stimulation, and inhibition of neural activity. Over the years, the development of BCI technologies has shifted towards miniaturization of devices that can be seamlessly embedded into the brain and can target single neuron or small population sensing and control. We present a motivating example highlighting vulnerabilities of two promising micron-scale BCI technologies, demonstrating the lack of security and privacy principles in existing solutions. This situation opens the door to a novel family of cyberattacks, called neuronal cyberattacks, affecting neuronal signaling. This paper defines the first two neural cyberattacks, Neuronal Flooding (FLO) and Neuronal Scanning (SCA), where each threat can affect the natural activity of neurons. This work implements these attacks in a neuronal simulator to determine their impact over the spontaneous neuronal behavior, defining three metrics: number of spikes, percentage of shifts, and dispersion of spikes. Several experiments demonstrate that both cyberattacks produce a reduction of spikes compared to spontaneous behavior, generating a rise in temporal shifts and a dispersion increase. Mainly, SCA presents a higher impact than FLO in the metrics focused on the number of spikes and dispersion, where FLO is slightly more damaging, considering the percentage of shifts. Nevertheless, the intrinsic behavior of each attack generates a differentiation on how they alter neuronal signaling. FLO is adequate to generate an immediate impact on the neuronal activity, whereas SCA presents higher effectiveness for damages to the neural signaling in the long-term.",Cyber Security
"With the increasing awareness of privacy protection and data fragmentation problem, federated learning has been emerging as a new paradigm of machine learning. Federated learning tends to utilize various privacy preserving mechanisms to protect the transferred intermediate data, among which homomorphic encryption strikes a balance between security and ease of utilization. However, the complicated operations and large operands impose significant overhead on federated learning. Maintaining accuracy and security more efficiently has been a key problem of federated learning. In this work, we investigate a hardware solution, and design an FPGA-based homomorphic encryption framework, aiming to accelerate the training phase in federated learning. The root complexity lies in searching for a compact architecture for the core operation of homomorphic encryption, to suit the requirement of federated learning about high encryption throughput and flexibility of configuration. Our framework implements the representative Paillier homomorphic cryptosystem with high level synthesis for flexibility and portability, with careful optimization on the modular multiplication operation in terms of processing clock cycle, resource usage and clock frequency. Our accelerator achieves a near-optimal execution clock cycle, with a better DSP-efficiency than existing designs, and reduces the encryption time by up to 71% during training process of various federated learning models.",Cyber Security
"This work provides the community with a timely comprehensive review of backdoor attacks and countermeasures on deep learning. According to the attacker's capability and affected stage of the machine learning pipeline, the attack surfaces are recognized to be wide and then formalized into six categorizations: code poisoning, outsourcing, pretrained, data collection, collaborative learning and post-deployment. Accordingly, attacks under each categorization are combed. The countermeasures are categorized into four general classes: blind backdoor removal, offline backdoor inspection, online backdoor inspection, and post backdoor removal. Accordingly, we review countermeasures, and compare and analyze their advantages and disadvantages. We have also reviewed the flip side of backdoor attacks, which are explored for i) protecting intellectual property of deep learning models, ii) acting as a honeypot to catch adversarial example attacks, and iii) verifying data deletion requested by the data contributor.Overall, the research on defense is far behind the attack, and there is no single defense that can prevent all types of backdoor attacks. In some cases, an attacker can intelligently bypass existing defenses with an adaptive attack. Drawing the insights from the systematic review, we also present key areas for future research on the backdoor, such as empirical security evaluations from physical trigger attacks, and in particular, more efficient and practical countermeasures are solicited.",Cyber Security
"Mixed reality (MR) technologies are emerging into the mainstream with affordable devices like the Oculus Quest. These devices blend the physical and virtual in novel ways that blur the lines that exist in legal precedent, like those between speech and conduct. In this paper, we discuss the challenges of regulating immersive technologies, focusing on the potential for extensive data collection, and examine the trade-offs of three potential approaches to protecting data privacy in the context of mixed reality environments.",Cyber Security
"Anonymity is a desirable feature for vehicle-to-vehicle (V2V) communications, but it conflicts with other requirements such as non-repudiation and revocation. Existing, pseudonym-based V2V communications schemes rely on certificate generation and signature verification. These schemes require cumbersome key management, frequent updating of certificate chains and other costly procedures such as cryptographic pairings. In this paper, we present novel V2V communications schemes, that provide authentication, authorization, anonymity, non-repudiation, replay protection, pseudonym revocation, and forward secrecy without relying on traditional certificate generation and signature verification. Security and privacy of our schemes rely on hard problems in number theory. Furthermore, our schemes guarantee security and privacy in the presence of subsets of colluding malicious parties, provided that the cardinality of such sets is below a fixed threshold.",Cyber Security
"On June 16, 2020, Germany launched an open-source smartphone contact tracing app (""Corona-Warn-App"") to help tracing SARS-CoV-2 (coronavirus) infection chains. It uses a decentralized, privacy-preserving design based on the Exposure Notification APIs in which a centralized server is only used to distribute a list of keys of SARS-CoV-2 infected users that is fetched by the app once per day. Its success, however, depends on its adoption. In this poster, we characterize the early adoption of the app using Netflow traces captured directly at its hosting infrastructure. We show that the app generated traffic from allover Germany---already on the first day. We further observe that local COVID-19 outbreaks do not result in noticeable traffic increases.",Cyber Security
"One of the key challenges of machine learning (ML) based intrusion detection system (IDS) is the expensive computational complexity which is largely due to redundant, incomplete, and irrelevant features contain in the IDS datasets. To overcome such challenge and ensure building an efficient and more accurate IDS models, many researchers utilize preprocessing techniques such as normalization and feature selection in a hybrid modeling approach. In this work, we propose a hybrid IDS modeling approach with an algorithm for feature selection (FS) and another for building an IDS. The FS algorithm is a wrapper-based with a decision tree as the feature evaluator. The propose FS method is used in combination with some selected ML algorithms to build IDS models using the UNSW-NB15 dataset. Some IDS models are built as a baseline in a single modeling approach using the full features of the dataset. We evaluate the effectiveness of our propose method by comparing it with the baseline models and also with state-of-the-art works. Our method achieves the best DR of 97.95% and shown to be quite effective in comparison to state-of-the-art works. We, therefore, recommend its usage especially in IDS modeling with the UNSW-NB15 dataset.",Cyber Security
"We investigate the problem of multi-party private set intersection (MP-PSI). In MP-PSI, there are $M$ parties, each storing a data set $\mathcal{p}_i$ over $N_i$ replicated and non-colluding databases, and we want to calculate the intersection of the data sets $\cap_{i=1}^M \mathcal{p}_i$ without leaking any information beyond the set intersection to any of the parties. We consider a specific communication protocol where one of the parties, called the leader party, initiates the MP-PSI protocol by sending queries to the remaining parties which are called client parties. The client parties are not allowed to communicate with each other. We propose an information-theoretic scheme that privately calculates the intersection $\cap_{i=1}^M \mathcal{p}_i$ with a download cost of $D = \min_{t \in \{1, \cdots, M\}} \sum_{i \in \{1, \cdots M\}\setminus {t}} \left\lceil \frac{|\mathcal{p}_t|N_i}{N_i-1}\right\rceil$. Similar to the 2-party PSI problem, our scheme builds on the connection between the PSI problem and the multi-message symmetric private information retrieval (MM-SPIR) problem. Our scheme is a non-trivial generalization of the 2-party PSI scheme as it needs an intricate design of the shared common randomness. Interestingly, in terms of the download cost, our scheme does not incur any penalty due to the more stringent privacy constraints in the MP-PSI problem compared to the 2-party PSI problem.",Cyber Security
"A Virtual Private Network (VPN) helps to mitigate security and privacy risks of data transmitting on unsecured network such as public Wi-Fi. However, despite awareness of public Wi-Fi risks becoming increasingly common, the use of VPN when using public Wi-Fi is low. To increase adoption, understanding factors driving user decision to adopt a VPN app is an important first step. This study is the first to achieve this objective using discrete choice experiments (DCEs) to elicit individual preferences of specific attributes of a VPN app. The experiments were run in the United Kingdom (UK) and Japan (JP). We first interviewed participants (15 UK, 17 JP) to identify common attributes of a VPN app which they considered important. The results were used to design and run a DCE in each country. Participants (149 UK, 94 JP) were shown a series of two hypothetical VPN apps, varying in features, and were asked to choose one which they preferred. Customer review rating, followed by price of a VPN app, significantly affected the decision to choose which VPN app to download and install. A change from a rating of 3 to 4-5 stars increased the probability of choosing an app by 33% in the UK and 14% in Japan. Unsurprisingly, price was a deterrent. Recommendations by friends, source of product reviews, and the presence of in-app ads also played a role but to a lesser extent. To actually use a VPN app, participants considered Internet speed, connection stability, battery level on mobile devices, and the presence of in-app ads as key drivers. Participants in the UK and in Japan prioritized these attributes differently, suggesting possible influences from cultural differences.",Cyber Security
"We tackle the convolution neural networks (CNNs) backdoor detection problem by proposing a new representation called one-pixel signature. Our task is to detect/classify if a CNN model has been maliciously inserted with an unknown Trojan trigger or not. Here, each CNN model is associated with a signature that is created by generating, pixel-by-pixel, an adversarial value that is the result of the largest change to the class prediction. The one-pixel signature is agnostic to the design choice of CNN architectures, and how they were trained. It can be computed efficiently for a black-box CNN model without accessing the network parameters. Our proposed one-pixel signature demonstrates a substantial improvement (by around 30% in the absolute detection accuracy) over the existing competing methods for backdoored CNN detection/classification. One-pixel signature is a general representation that can be used to characterize CNN models beyond backdoor detection.",Cyber Security
"Blockchain technology is a crypto-based secure ledger for data storage and transfer through decentralized, trustless peer-to-peer systems. Despite its advantages, previous studies have shown that the technology is not completely secure against cyber attacks. Thus, it is crucial to perform domain specific risk analysis to measure how viable the attacks are on the system, their impact and consequently the risk exposure. Specifically, in this paper, we carry out an analysis in terms of quantifying the risk associated to an operational multi-layered Blockchain framework for Smart Mobility Data-markets (BSMD). We conduct an actor-based analysis to determine the impact of the attacks. The analysis identified five attack goals and five types of attackers that violate the security of the blockchain system. In the case study of the public permissioned BSMD, we highlight the highest risk factors according to their impact on the victims in terms of monetary, privacy, integrity and trust. Four attack goals represent a risk in terms of economic losses and one attack goal contains many threats that represent a risk that is either unacceptable or undesirable.",Cyber Security
"The concept of Aadhaar came with the need for a unique identity for every individual. To implement this, the Indian government created the authority UIDAI to distribute and generate user identities for every individual based on their demographic and biometric data. After the implementation, came the security issues and challenges of Aadhaar and its authentication. So, our study focuses on the journey of Aadhaar from its history to the current condition. The paper also describes the authentication process, and the updates happened over time. We have also provided an analysis of the security attacks witnessed so far as well as the possible countermeasure and its classification. Our main aim is to cover all the security aspects related to Aadhaar to avoid possible security attacks. Also, we have included the current updates and news related to Aadhaar.",Cyber Security
"This paper studies the synthesis of control policies for an agent that has to satisfy a temporal logic specification in a partially observable environment, in the presence of an adversary. The interaction of the agent (defender) with the adversary is modeled as a partially observable stochastic game. The goal is to generate a defender policy to maximize satisfaction of a given temporal logic specification under any adversary policy. The search for policies is limited to the space of finite state controllers, which leads to a tractable approach to determine policies. We relate the satisfaction of the specification to reaching (a subset of) recurrent states of a Markov chain. We present an algorithm to determine a set of defender and adversary finite state controllers of fixed sizes that will satisfy the temporal logic specification, and prove that it is sound. We then propose a value-iteration algorithm to maximize the probability of satisfying the temporal logic specification under finite state controllers of fixed sizes. Lastly, we extend this setting to the scenario where the size of the finite state controller of the defender can be increased to improve the satisfaction probability. We illustrate our approach with an example.",Cyber Security
"Virtual asset service providers (VASPs) currently face a number of challenges, both from the technological and the regulatory perspectives. In the context of virtual asset transfers one key issue is the need for VASPs to securely exchange customer information to comply to the Travel Rule. We discuss a VASP information sharing network as one form of a trust infrastructure for VASP-to-VASP interactions. Related to this is the need for a trusted identity infrastructure for VASPs that would permit other entities to quickly ascertain the legal business status of a VASP. For regulated wallets, an attestation infrastructure may provide VASPs and insurance providers with better visibility into the state of wallets based on trusted hardware. Finally, for customers of VASPs there is a need for seamless integration between the VASP services with the existing consumer identity management infrastructure, providing a user-friendly experience for transferring virtual assets to other users.",Cyber Security
"With the rapid growth of Android malware, many machine learning-based malware analysis approaches are proposed to mitigate the severe phenomenon. However, such classifiers are opaque, non-intuitive, and difficult for analysts to understand the inner decision reason. For this reason, a variety of explanation approaches are proposed to interpret predictions by providing important features. Unfortunately, the explanation results obtained in the malware analysis domain cannot achieve a consensus in general, which makes the analysts confused about whether they can trust such results. In this work, we propose principled guidelines to assess the quality of five explanation approaches by designing three critical quantitative metrics to measure their stability, robustness, and effectiveness. Furthermore, we collect five widely-used malware datasets and apply the explanation approaches on them in two tasks, including malware detection and familial identification. Based on the generated explanation results, we conduct a sanity check of such explanation approaches in terms of the three metrics. The results demonstrate that our metrics can assess the explanation approaches and help us obtain the knowledge of most typical malicious behaviors for malware analysis.",Cyber Security
"With the advent of quantum computing, and other advancements in computation and processing capabilities of modern systems, there arises a need to develop new trapdoor functions that will serve as the foundation for a new generation of encryption schemes. This paper explores the possibility of one such potential trapdoor function using concepts stemming from Reversible Cellular Automata (RCA) -- specifically, the Critter's Rule set up in a Margolus Neighborhood. The proposed block encryption algorithm discusses how sensitive data can be manipulated and converted efficiently into a two dimensional sequence of bits, that can be iteratively evolved using the rules of the RCA and a private key to achieve a desirable level of encryption within a reasonable runtime. The performance benchmark and analysis results exemplify how well the proposed encryption algorithm stands against different forms of attacks.",Cyber Security
"Most of the existing text generative steganographic methods are based on coding the conditional probability distribution of each word during the generation process, and then selecting specific words according to the secret information, so as to achieve information hiding. Such methods have their limitations which may bring potential security risks. Firstly, with the increase of embedding rate, these models will choose words with lower conditional probability, which will reduce the quality of the generated steganographic texts; secondly, they can not control the semantic expression of the final generated steganographic text. This paper proposes a new text generative steganography method which is quietly different from the existing models. We use a Knowledge Graph (KG) to guide the generation of steganographic sentences. On the one hand, we hide the secret information by coding the path in the knowledge graph, but not the conditional probability of each generated word; on the other hand, we can control the semantic expression of the generated steganographic text to a certain extent. The experimental results show that the proposed model can guarantee both the quality of the generated text and its semantic expression, which is a supplement and improvement to the current text generation steganography.",Cyber Security
"Internet of Things (IoT) networks consist of sensors, actuators, mobile and wearable devices that can connect to the Internet. With billions of such devices already in the market which have significant vulnerabilities, there is a dangerous threat to the Internet services and also some cyber-physical systems that are also connected to the Internet. Specifically, due to their existing vulnerabilities IoT devices are susceptible to being compromised and being part of a new type of stealthy Distributed Denial of Service (DDoS) attack, called Mongolian DDoS, which is characterized by its widely distributed nature and small attack size from each source. This study proposes a novel anomaly-based Intrusion Detection System (IDS) that is capable of timely detecting and mitigating this emerging type of DDoS attacks. The proposed IDS's capability of detecting and mitigating stealthy DDoS attacks with even very low attack size per source is demonstrated through numerical and testbed experiments.",Cyber Security
"The outsourcing of the design and manufacturing of integrated circuits (ICs) in the current horizontal semiconductor integration flow has posed various security threats due to the presence of untrusted entities, such as overproduction of ICs, sale of out-of-specification/rejected ICs, and piracy of Intellectual Properties (IPs). Consequently, logic locking emerged as one of the prominent design for trust techniques. Unfortunately, these locking techniques are now inclined to achieve complete Boolean satisfiability (SAT) resiliency after the seminal work published in [47]. In this paper, we propose a novel oracle-less attack that is based on the topological analysis of the locked netlist even though it is SAT-resilient. The attack relies on identifying and constructing unit functions with a hypothesis key to be searched in the entire netlist to find its replica. The proposed graph search algorithm efficiently finds the duplicate functions in the netlist, making it a self-referencing attack. This proposed attack is extremely efficient and can determine the secret key within a few minutes. We have also proposed a countermeasure to make the circuit resilient against this topology-guided attack to progress towards a secure logic locking technique.",Cyber Security
"Adversarial attacks pose significant challenges for detecting adversarial attacks at an early stage. We propose attack-agnostic detection on reinforcement learning-based interactive recommendation systems. We first craft adversarial examples to show their diverse distributions and then augment recommendation systems by detecting potential attacks with a deep learning-based classifier based on the crafted data. Finally, we study the attack strength and frequency of adversarial examples and evaluate our model on standard datasets with multiple crafting methods. Our extensive experiments show that most adversarial attacks are effective, and both attack strength and attack frequency impact the attack performance. The strategically-timed attack achieves comparative attack performance with only 1/3 to 1/2 attack frequency. Besides, our black-box detector trained with one crafting method has the generalization ability over several crafting methods.",Cyber Security
"Social engineering cyberattacks are a major threat because they often prelude sophisticated and devastating cyberattacks. Social engineering cyberattacks are a kind of psychological attack that exploits weaknesses in human cognitive functions. Adequate defense against social engineering cyberattacks requires a deeper understanding of what aspects of human cognition are exploited by these cyberattacks, why humans are susceptible to these cyberattacks, and how we can minimize or at least mitigate their damage. These questions have received some amount of attention but the state-of-the-art understanding is superficial and scattered in the literature. In this paper, we review human cognition through the lens of social engineering cyberattacks. Then, we propose an extended framework of human cognitive functions to accommodate social engineering cyberattacks. We cast existing studies on various aspects of social engineering cyberattacks into the extended framework, while drawing a number of insights that represent the current understanding and shed light on future research directions. The extended framework might inspire future research endeavors towards a new sub-field that can be called Cybersecurity Cognitive Psychology, which tailors or adapts principles of Cognitive Psychology to the cybersecurity domain while embracing new notions and concepts that are unique to the cybersecurity domain.",Cyber Security
"Most PoW blockchain protocols operate with a simple mechanism whereby a threshold is set for each block and miners generate block hashes until one of those values falls below the threshold. Although largely effective, this mechanism produces blocks at a highly variable rate and also leaves a blockchain susceptible to chain death, i.e. abandonment in the event that the threshold is set too high to attract any miners. A recent innovation called real-time block rate targeting, or RTT, fixes these problems by reducing the target throughout the mining interval. RTT exhibits much less variable block times and even features the ability to fully adjust the target after each block. However, as we show in this paper, RTT also suffers from a critical vulnerability whereby miners deviate form the protocol to increase their profits. We introduce the Radium protocol, which mitigates this vulnerability in RTT while retaining lower variance block times, responsive target adjustment, and lowering the risk of chain death. We also show that Radium's susceptibility to the doublespend attack and orphaned blocks remains similar to Bitcoin.",Cyber Security
"The Internet of Things (IoT) is rapidly increasing the number of connected devices. This causes new concerns towards solutions for authenticating numerous IoT devices. Most of these devices are resource-constrained. Therefore, the use of long-secret keys, in traditional cryptography schemes can be hard to implement. Also, the key generation, distribution, and storage are very complex. Moreover, the goal of many reported cyber-attacks is accessing the key. Therefore, researchers have shown an increased interest in designing keyless encryption schemes recently. In this report, we are going to explain the details of the implementation of the keyless protocol by taking advantage of known technology modules such as microcontrollers (MCU), and hash functions. Physical Unclonable Functions (PUFs) have been used in many cryptographic applications such as Password Management Systems, key exchange, Key Generation. In this report, we are going to explain the details of the hardware implementation of keyless encryption in the MCU. Different kinds of memristors have been used in the past. In this work, a look-up-table containing memristor cells value at the various current levels is used since the physical component is unavailable yet. The hardware that is used to implement the system is an evaluation-board of SAMV71 MCU, which is used to implement the control system and hardware hashing.",Cyber Security
"Deep neural networks based object detection models have revolutionized computer vision and fueled the development of a wide range of visual recognition applications. However, recent studies have revealed that deep object detectors can be compromised under adversarial attacks, causing a victim detector to detect no object, fake objects, or mislabeled objects. With object detection being used pervasively in many security-critical applications, such as autonomous vehicles and smart cities, we argue that a holistic approach for an in-depth understanding of adversarial attacks and vulnerabilities of deep object detection systems is of utmost importance for the research community to develop robust defense mechanisms. This paper presents a framework for analyzing and evaluating vulnerabilities of the state-of-the-art object detectors under an adversarial lens, aiming to analyze and demystify the attack strategies, adverse effects, and costs, as well as the cross-model and cross-resolution transferability of attacks. Using a set of quantitative metrics, extensive experiments are performed on six representative deep object detectors from three popular families (YOLOv3, SSD, and Faster R-CNN) with two benchmark datasets (PASCAL VOC and MS COCO). We demonstrate that the proposed framework can serve as a methodical benchmark for analyzing adversarial behaviors and risks in real-time object detection systems. We conjecture that this framework can also serve as a tool to assess the security risks and the adversarial robustness of deep object detectors to be deployed in real-world applications.",Cyber Security
"While prospect of tracking mobile devices' users is widely discussed all over European countries to counteract COVID-19 propagation, we propose a Bloom filter based construction providing users' location privacy and preventing mass surveillance. We apply a solution based on Bloom filters data structure that allows a third party, a government agency, to perform some privacy-preserving set relations on a mobile telco's access logfile. By computing set relations, the government agency, given the knowledge of two identified persons, has an instrument that provides a (possible) infection chain from the initial to the final infected user no matter at which location on a worldwide scale they are. The benefit of our approach is that intermediate possible infected users can be identified and subsequently contacted by the agency. With such approach, we state that solely identities of possible infected users will be revealed and location privacy of others will be preserved. To this extent, it meets General Data Protection Regulation (GDPR)requirements in this area.",Cyber Security
This paper presents a MaxSAT benchmark focused on the identification of Maximum Probability Minimal Cut Sets (MPMCSs) in fault trees. We address the MPMCS problem by transforming the input fault tree into a weighted logical formula that is then used to build and solve a Weighted Partial MaxSAT problem. The benchmark includes 80 cases with fault trees of different size and composition as well as the optimal cost and solution for each case.,Cyber Security
"Covert channels are communication channels used by attackers to transmit information from a compromised system when the access control policy of the system does not allow doing so. Previous work has shown that CPU frequency scaling can be used as a covert channel to transmit information between otherwise isolated processes. Modern systems either try to save power or try to operate near their power limits in order to maximize performance, so they implement mechanisms to vary the frequency based on load. Existing covert channels based on this approach are either easily thwarted by software countermeasures or only work on completely idle systems. In this paper, we show how the automatic frequency scaling provided by Intel Turbo Boost can be used to construct a covert channel that is both hard to prevent without significant performance impact and can tolerate significant background system load. As Intel Turbo Boost selects the maximum CPU frequency based on the number of active cores, our covert channel modulates information onto the maximum CPU frequency by placing load on multiple additional CPU cores. Our prototype of the covert channel achieves a throughput of up to 61 bit/s on an idle system and up to 43 bit/s on a system with 25% utilization.",Cyber Security
"The ability to analyze network threats is very important in security research. Traditional approaches, involving sandboxing technology are limited to simulating a single host, missing local network attacks. This issue is addressed by designing a threat analysis framework that uses software-defined networking for simulating arbitrary networks. The presented system offers flexibility, allowing a security researcher to define a virtual network that is able to capture malicious actions and to be restored to the initial state afterwards. Both the framework design and common usage scenarios are described. By providing this framework, we aim to ease the analysis effort in combating cyberthreats.",Cyber Security
"By leveraging the principle of software polyculture to ensure security in a network, we proposed a vulnerability-based software diversity metric to determine how a network topology can be adapted to minimize security vulnerability while maintaining maximum network connectivity. Our proposed software diversity-based adaptation (SDA) scheme estimates a node's software diversity based on the vulnerabilities of software packages installed on other nodes on attack paths reachable to the node and employs it for edge adaptations, such as removing an edge with a neighboring node that exposes high security vulnerability because two connected nodes use the same software packages or a neighboring node may have high software vulnerability or adding an edge with another node with less or no security vulnerability because the two nodes use different software packages or have low vulnerabilities associated with them. To validate the proposed SDA scheme, we conducted extensive experiments comparing the proposed SDA scheme with counterpart baseline schemes in real networks. Our simulation experimental results proved the outperformance of our proposed SDA compared to the existing counterparts and provided insightful findings in terms of the effectiveness and efficiency of the proposed SDA scheme under three real network topologies with vastly different network density.",Cyber Security
"recent literature has proposed various detection and identification methods for FDIAs, but few studies have focused on a solution that would prevent such attacks from occurring. However, great strides have been made using deep learning to detect attacks. Inspired by these advancements, we have developed a new methodology for not only identifying AC FDIAs but, more importantly, for correction as well. Our methodology utilizes a Long-Short Term Memory Denoising Autoencoder (LSTM-DAE) to correct attacked-estimated states based on the attacked measurements. The method was evaluated using the IEEE 30 system, and the experiments demonstrated that the proposed method was successfully able to identify the corrupted states and correct them with high accuracy.",Cyber Security
"A distributed denial-of-service (DDoS) attack is an attack wherein multiple compromised computer systems flood the bandwidth and/or resources of a target, such as a server, website or other network resource, and cause a denial of service for users of the targeted resource. The flood of incoming messages, connection requests or malformed packets to the target system forces it to slow down or even crash and shut down, thereby denying service to legitimate users or systems. This paper presents a literature review of DDoS attacks and the common defense mechanisms available. It also presents a literature review of the defenses for low-rate DDoS attacks that have not been handled effectively hitherto.",Cyber Security
"Recent advancements in Artificial Intelligence namely in Deep Learning has heightened its adoption in many applications. Some are playing important roles to the extent that we are heavily dependent on them for our livelihood. However, as with all technologies, there are vulnerabilities that malicious actors could exploit. A form of exploitation is to turn these technologies, intended for good, to become dual-purposed instruments to support deviant acts like malicious software trojans. As part of proactive defense, researchers are proactively identifying such vulnerabilities so that protective measures could be developed subsequently. This research explores a novel blackbox trojanising approach using a simple network structure modification to any deep learning image classification model that would transform a benign model into a deviant one with a simple manipulation of the weights to induce specific types of errors. Propositions to protect the occurrence of such simple exploits are discussed in this research. This research highlights the importance of providing sufficient safeguards to these models so that the intended good of AI innovation and adoption may be protected.",Cyber Security
"The architectural style of microservices has been gaining popularity in recent years. In this architectural style, small and loosely coupled modules are deployed and scaled independently to compose cloud-native applications. Carrier-grade service providers are migrating their legacy applications to a microservice based architecture running on Kubernetes which is an open source platform for orchestrating containerized microservice based applications. However, in this migration, service availability remains a concern. Service availability is measured as the percentage of time the service is provisioned. High Availability (HA) is achieved when the service is available at least 99.999% of the time. In this paper, we identify possible architectures for deploying stateful microservice based applications with Kubernetes and evaluate Kubernetes from the perspective of availability it provides for its managed applications. The results of our experiments show that the repair actions of Kubernetes cannot satisfy HA requirements, and in some cases cannot guarantee service recovery. Therefore, we propose an HA State Controller which integrates with Kubernetes and allows for application state replication and automatic service redirection to the healthy microservice instances by enabling service recovery in addition to the repair actions of Kubernetes. Based on experiments we evaluate our solution and compare the different architectures from the perspective of availability and scaling overhead. The results of our investigations show that our solution can improve the recovery time of stateful microservice based applications by 50%.",Cloud Computing
"This article dwells on the basic characteristic features of the Big Data technologies. It is analyzed the existing definition of the ""big data"" term. The article proposes and describes the elements of the generalized formal model of big data. It is analyzed the peculiarities of the application of the proposed model components. It described the fundamental differences between Big Data technology and business analytics. Big Data is supported by the distributed file system Google File System technology, Cassandra, HBase, Lustre and ZFS, by the MapReduce and Hadoop programming constructs and many other solutions. According to the experts, such as McKinsey Institute, the manufacturing, healthcare, trade, administration and control of individual movements undergo the transformations under the influence of the Big Data.",Cloud Computing
"We present ARCHANGEL; a novel distributed ledger based system for assuring the long-term integrity of digital video archives. First, we describe a novel deep network architecture for computing compact temporal content hashes (TCHs) from audio-visual streams with durations of minutes or hours. Our TCHs are sensitive to accidental or malicious content modification (tampering) but invariant to the codec used to encode the video. This is necessary due to the curatorial requirement for archives to format shift video over time to ensure future accessibility. Second, we describe how the TCHs (and the models used to derive them) are secured via a proof-of-authority blockchain distributed across multiple independent archives. We report on the efficacy of ARCHANGEL within the context of a trial deployment in which the national government archives of the United Kingdom, Estonia and Norway participated.",Cloud Computing
"Authenticated data storage on an untrusted platform is an important computing paradigm for cloud applications ranging from big-data outsourcing, to cryptocurrency and certificate transparency log. These modern applications increasingly feature update-intensive workloads, whereas existing authenticated data structures (ADSs) designed with in-place updates are inefficient to handle such workloads. In this paper, we address this issue and propose a novel authenticated log-structured merge tree (eLSM) based key-value store by leveraging Intel SGX enclaves. We present a system design that runs the code of eLSM store inside enclave. To circumvent the limited enclave memory (128 MB with the latest Intel CPUs), we propose to place the memory buffer of the eLSM store outside the enclave and protect the buffer using a new authenticated data structure by digesting individual LSM-tree levels. We design protocols to support query authentication in data integrity, completeness (under range queries), and freshness. The proof in our protocol is made small by including only the Merkle proofs at selective levels. We implement eLSM on top of Google LevelDB and Facebook RocksDB with minimal code change and performance interference. We evaluate the performance of eLSM under the YCSB workload benchmark and show a performance advantage of up to 4.5X speedup.",Cloud Computing
"Center-based clustering is a fundamental primitive for data analysis and becomes very challenging for large datasets. In this paper, we focus on the popular $k$-median and $k$-means variants which, given a set $P$ of points from a metric space and a parameter $k<|P|$, require to identify a set $S$ of $k$ centers minimizing, respectively, the sum of the distances and of the squared distances of all points in $P$ from their closest centers. Our specific focus is on general metric spaces, for which it is reasonable to require that the centers belong to the input set (i.e., $S \subseteq P$). We present coreset-based 3-round distributed approximation algorithms for the above problems using the MapReduce computational model. The algorithms are rather simple and obliviously adapt to the intrinsic complexity of the dataset, captured by the doubling dimension $D$ of the metric space. Remarkably, the algorithms attain approximation ratios that can be made arbitrarily close to those achievable by the best known polynomial-time sequential approximations, and they are very space efficient for small $D$, requiring local memory sizes substantially sublinear in the input size. To the best of our knowledge, no previous distributed approaches were able to attain similar quality-performance guarantees in general metric spaces.",Cloud Computing
"The old mantra of decentralizing the Internet is coming again with fanfare, this time around the blockchain technology hype. We have already seen a technology supposed to change the nature of the Internet: peer-to-peer. The reality is that peer-to-peer naming systems failed, peer-to-peer social networks failed, and yes, peer-to-peer storage failed as well. In this paper, we will review the research on distributed systems in the last few years to identify the limits of open peer-to-peer networks. We will address issues like system complexity, security and frailty, instability and performance. We will show how many of the aforementioned problems also apply to the recent breed of permissionless blockchain networks. The applicability of such systems to mature industrial applications is undermined by the same properties that make them so interesting for a libertarian audience: namely, their openness, their pseudo-anonymity and their unregulated cryptocurrencies. As such, we argue that permissionless blockchain networks are unsuitable to be the substrate for a decentralized Internet. Yet, there is still hope for more decentralization, albeit in a form somewhat limited with respect to the libertarian view of decentralized Internet: in cooperation rather than in competition with the superpowerful datacenters that dominate the world today. This is derived from the recent surge in interest in byzantine fault tolerance and permissioned blockchains, which opens the door to a world where use of trusted third parties is not the only way to arbitrate an ensemble of entities. The ability of establish trust through permissioned blockchains enables to move the control from the datacenters to the edge, truly realizing the promises of edge-centric computing.",Cloud Computing
"In this work we study biological neural networks from an algorithmic perspective, focusing on understanding tradeoffs between computation time and network complexity. Our goal is to abstract real neural networks in a way that, while not capturing all interesting features, preserves high-level behavior and allows us to make biologically relevant conclusions. Towards this goal, we consider the implementation of algorithmic primitives in a simple yet biologically plausible model of $stochastic\ spiking\ neural\ networks$. In particular, we show how the stochastic behavior of neurons in this model can be leveraged to solve a basic $symmetry-breaking\ task$ in which we are given neurons with identical firing rates and want to select a distinguished one. In computational neuroscience, this is known as the winner-take-all (WTA) problem, and it is believed to serve as a basic building block in many tasks, e.g., learning, pattern recognition, and clustering. We provide efficient constructions of WTA circuits in our stochastic spiking neural network model, as well as lower bounds in terms of the number of auxiliary neurons required to drive convergence to WTA in a given number of steps. These lower bounds demonstrate that our constructions are near-optimal in some cases. This work covers and gives more in-depth proofs of a subset of results originally published in [LMP17a]. It is adapted from the last chapter of C. Musco's Ph.D. thesis [Mus18].",Cloud Computing
"This paper presents new mappings of 2D and 3D geometrical transformation on the MorphoSys (M1) reconfigurable computing (RC) prototype [2]. This improves the system performance as a graphics accelerator [1-5]. Three algorithms are mapped including two for calculating 2D transformations, and one for 3D transformations. The results presented indicate an improved performance. The speedup achieved is explained as well as the advantages in the mapping of the application. The transformations on an 8x8 RC array were run, and numerical examples were simulated to validate our results, using the MorphoSys mULATE program, which simulates MorphoSys operations. Comparisons with other systems are presented, namely, with Intel processing systems and Celoxica RC-1000 FPGA.",Cloud Computing
"Distributed implementations of gradient-based methods, wherein a server distributes gradient computations across worker machines, suffer from slow running machines, called 'stragglers'. Gradient coding is a coding-theoretic framework to mitigate stragglers by enabling the server to recover the gradient sum in the presence of stragglers. 'Approximate gradient codes' are variants of gradient codes that reduce computation and storage overhead per worker by allowing the server to approximately reconstruct the gradient sum. In this work, our goal is to construct approximate gradient codes that are resilient to stragglers selected by a computationally unbounded adversary. Our motivation for constructing codes to mitigate adversarial stragglers stems from the challenge of tackling stragglers in massive-scale elastic and serverless systems, wherein it is difficult to statistically model stragglers. Towards this end, we propose a class of approximate gradient codes based on balanced incomplete block designs (BIBDs). We show that the approximation error for these codes depends only on the number of stragglers, and thus, adversarial straggler selection has no advantage over random selection. In addition, the proposed codes admit computationally efficient decoding at the server. Next, to characterize fundamental limits of adversarial straggling, we consider the notion of 'adversarial threshold' -- the smallest number of workers that an adversary must straggle to inflict certain approximation error. We compute a lower bound on the adversarial threshold, and show that codes based on symmetric BIBDs maximize this lower bound among a wide class of codes, making them excellent candidates for mitigating adversarial stragglers.",Cloud Computing
"Interest in smart cities is rapidly rising due to the global rise in urbanization and the wide-scale instrumentation of modern cities. Due to the considerable infrastructural cost of setting up smart cities and smart communities, researchers are exploring the use of existing vehicles on the roads as ""message ferries"" for the transport data for smart community applications to avoid the cost of installing new communication infrastructure. In this paper, we propose an opportunistic data ferry selection algorithm that strives to select vehicles that can minimize the overall delay for data delivery from a source to a given destination. Our proposed opportunistic algorithm utilizes an ensemble of online hiring algorithms, which are run together in passive mode, to select the online hiring algorithm that has performed the best in recent history. The proposed ensemble based algorithm is evaluated empirically using real-world traces from taxies plying routes in Shanghai, China, and its performance is compared against a baseline of four state-of-the-art online hiring algorithms. A number of experiments are conducted and our results indicate that the proposed algorithm can reduce the overall delay compared to the baseline by an impressive 13% to 258%.",Cloud Computing
"The in-memory cache system is an important component in a cloud for the data access performance. As the tenants may have different performance goals for data access depending on the nature of their tasks, effectively managing the memory cache is a crucial concern in such a shared computing environment. Two extreme methods for managing the memory cache are unlimited sharing and complete isolation, both of which would be inefficient with the expensive storage complexity to meet the per-tenant performance requirement. In this paper, we present a new cache model that incorporates global caching (based on unlimited sharing) and static caching (offering complete isolation) for a private cloud, in which it is critical to offer the guaranteed performance while minimizing the operating cost. This paper also presents a cache insertion algorithm tailored to the proposed cache model. From an extensive set of experiments conducted on the simulation and emulation settings, the results confirm the validity of the presented cache architecture and insertion algorithm showing the optimized use of the cache space for meeting the per-tenant performance requirement.",Cloud Computing
"Deep Learning has attracted considerable attention across multiple application domains, including computer vision, signal processing and natural language processing. Although quite a few single node deep learning frameworks exist, such as tensorflow, pytorch and keras, we still lack a complete processing structure that can accommodate large scale data processing, version control, and deployment, all while staying agnostic of any specific single node framework. To bridge this gap, this paper proposes a new, higher level framework, i.e. Nemesyst, which uses databases along with model sequentialisation to allow processes to be fed unique and transformed data at the point of need. This facilitates near real-time application and makes models available for further training or use at any node that has access to the database simultaneously. Nemesyst is well suited as an application framework for internet of things aggregated control systems, deploying deep learning techniques to optimise individual machines in massive networks. To demonstrate this framework, we adopted a case study in a novel domain; deploying deep learning to optimise the high speed control of electrical power consumed by a massive internet of things network of retail refrigeration systems in proportion to load available on the UK National Grid (a demand side response). The case study demonstrated for the first time in such a setting how deep learning models, such as Recurrent Neural Networks (vanilla and Long-Short-Term Memory) and Generative Adversarial Networks paired with Nemesyst, achieve compelling performance, whilst still being malleable to future adjustments as both the data and requirements inevitably change over time.",Cloud Computing
"Network contention frequently dominates the run time of parallel algorithms and limits scaling performance. Most previous studies mitigate or eliminate contention by utilizing one of several approaches: communication-minimizing algorithms; hotspot-avoiding routing schemes; topology-aware task mapping; or improving global network properties, such as bisection bandwidth, edge-expansion, partitioning, and network diameter. In practice, parallel jobs often use only a fraction of a host system. How do processor allocation policies affect contention within a partition? We utilize edge-isoperimetric analysis of network graphs to determine whether a network partition has optimal internal bisection. Increasing the bisection allows a more efficient use of the network resources, decreasing or completely eliminating the link contention. We first study torus networks and characterize partition geometries that maximize internal bisection bandwidth. We examine the allocation policies of Mira and JUQUEEN, the two largest publicly-accessible Blue Gene/Q torus-based supercomputers. Our analysis demonstrates that the bisection bandwidth of their current partitions can often be improved by changing the partitions' geometries. These can yield up to a X2 speedup for contention-bound workloads. Benchmarking experiments validate the predictions. Our analysis applies to allocation policies of other networks.",Cloud Computing
"Transient computing has become popular in public cloud environments for running delay-insensitive batch and data processing applications at low cost. Since transient cloud servers can be revoked at any time by the cloud provider, they are considered unsuitable for running interactive application such as web services. In this paper, we present VM deflation as an alternative mechanism to server preemption for reclaiming resources from transient cloud servers under resource pressure. Using real traces from top-tier cloud providers, we show the feasibility of using VM deflation as a resource reclamation mechanism for interactive applications in public clouds. We show how current hypervisor mechanisms can be used to implement VM deflation and present cluster deflation policies for resource management of transient and on-demand cloud VMs. Experimental evaluation of our deflation system on a Linux cluster shows that microservice-based applications can be deflated by up to 50\% with negligible performance overhead. Our cluster-level deflation policies allow overcommitment levels as high as 50\%, with less than a 1\% decrease in application throughput, and can enable cloud platforms to increase revenue by 30\%.",Cloud Computing
"The ability of Convolutional Neural Networks (CNNs) to accurately process real-time telemetry has boosted their use in safety-critical and high-performance computing systems. As such systems require high levels of resilience to errors, CNNs must execute correctly in the presence of hardware faults. Full duplication provides the needed assurance but incurs a prohibitive 100% overhead. Algorithmic techniques are known to offer low-cost solutions, but the practical feasibility and performance of such techniques have never been studied for CNN deployment platforms (e.g., TensorFlow or TensorRT on GPUs). In this paper, we focus on algorithmically verifying Convolutions, which are the most resource-demanding operations in CNNs. We use checksums to verify convolutions, adding a small amount of redundancy, far less than full-duplication. We first identify the challenges that arise in employing Algorithm-Based Error Detection (ABED) for Convolutions in optimized inference platforms that fuse multiple network layers and use reduced-precision operations, and demonstrate how to overcome them. We propose and evaluate variations of ABED techniques that offer implementation complexity, runtime overhead, and coverage trade-offs. Results show that ABED can detect all transient hardware errors that might otherwise corrupt output and does so while incurring low runtime overheads (6-23%), offering at least 1.6X throughput to workloads compared to full duplication.",Cloud Computing
"Predictive analytics in Mobile Edge Computing (MEC) based Internet of Things (IoT) is becoming a high demand in many real-world applications. A prediction problem in an MEC-based IoT environment typically corresponds to a collection of tasks with each task solved in a specific MEC environment based on the data accumulated locally, which can be regarded as a Multi-task Learning (MTL) problem. However, the heterogeneity of the data (non-IIDness) accumulated across different MEC environments challenges the application of general MTL techniques in such a setting. Federated MTL (FMTL) has recently emerged as an attempt to address this issue. Besides FMTL, there exists another powerful but under-exploited distributed machine learning technique, called Network Lasso (NL), which is inherently related to FMTL but has its own unique features. In this paper, we made an in-depth evaluation and comparison of these two techniques on three distinct IoT datasets representing real-world application scenarios. Experimental results revealed that NL outperformed FMTL in MEC-based IoT environments in terms of both accuracy and computational efficiency.",Cloud Computing
"Deformable convolutional networks have demonstrated outstanding performance in object recognition tasks with an effective feature extraction. Unlike standard convolution, the deformable convolution decides the receptive field size using dynamically generated offsets, which leads to an irregular memory access. Especially, the memory access pattern varies both spatially and temporally, making static optimization ineffective. Thus, a naive implementation would lead to an excessive memory footprint. In this paper, we present a novel approach to accelerate deformable convolution on FPGA. First, we propose a novel training method to reduce the size of the receptive field in the deformable convolutional layer without compromising accuracy. By optimizing the receptive field, we can compress the maximum size of the receptive field by 12.6 times. Second, we propose an efficient systolic architecture to maximize its efficiency. We then implement our design on FPGA to support the optimized dataflow. Experimental results show that our accelerator achieves up to 17.25 times speedup over the state-of-the-art accelerator.",Cloud Computing
"Firecracker is a virtualization technology that makes use of Kernel Virtual Machine (KVM). Firecracker belongs to a new virtualization class named the micro-virtual machines (MicroVMs). Using Firecracker, we can launch lightweight MicroVMs in non-virtualized environments in a fraction of a second, at the same time offering the security and workload isolation provided by traditional VMs and also the resource efficiency that comes along with containers \cite{b1}. Firecracker aims to provide a slimmed-down MicroVM, comprised of approximately 50K lines of code in Rust and with a reduced attack surface for guest VMs. This report will examine the internals of Firecracker and understand why Firecracker is the next big thing going forward in virtualization and cloud computing.",Cloud Computing
"IoT devices and sensor networks present new opportunities for measuring, monitoring, and guiding scientific experiments. Sensors, cameras, and instruments can be combined to provide previously unachievable insights into the state of ongoing experiments. However, IoT devices can vary greatly in the type, volume, and velocity of data they generate, making it challenging to fully realize this potential. Indeed, synergizing diverse IoT data streams in near-real time can require the use of machine learning (ML). In addition, new tools and technologies are required to facilitate the collection, aggregation, and manipulation of sensor data in order to simplify the application of ML models and in turn, fully realize the utility of IoT devices in laboratories. Here we will demonstrate how the use of the Argonne-developed Manufacturing Data and Machine Learning (MDML) platform can analyze and use IoT devices in a manufacturing experiment. MDML is designed to standardize the research and operational environment for advanced data analytics and AI-enabled automated process optimization by providing the infrastructure to integrate AI in cyber-physical systems for in situ analysis. We will show that MDML is capable of processing diverse IoT data streams, using multiple computing resources, and integrating ML models to guide an experiment.",Cloud Computing
"Performance has always been a hot topic in computing. However, the viable ways to achieve it have taken many forms in the different moments of computing history. Today, technological limits have pushed the adoption of increasingly parallel multi-core and many-core architectures and even the use of highly specific hardware (aka Domain-Specific Architectures, or DSAs) to solve very specific problems. In this new context, one major problem is how to develop software once, and be able to run it on multiple accelerator architectures, seamlessly. Ideally aiming at a single programming model that can automatically target the code to different kinds of parallel architectures, allowing specific tuning with minimal, if any, changes to the source-code in order to seek performance portability. A comprehensive solution to this is still lacking. In this work, we present the use of the PHAST Library, which allows users to code once, at a high level of abstraction and thus with high productivity, and automatically targeting different parallel devices by changing the compilation process. As a case study, we have worked on the porting of the well-known deep-learning Caffe framework. The framework has been split into different parts and some of them have been ported, obtaining a working straightforward implementation that can be run on both CPUs and GPUs. We conclude discussing the lessons learned during the porting process, and analyzing the obtained performance in the perspective of completing the porting and expanding it to future consequent works.",Cloud Computing
"Parallelization schemes are essential in order to exploit the full benefits of multi-core architectures. In said architectures, the most comprehensive parallelization API is OpenMP. However, the introduction of correct and optimal OpenMP parallelization to applications is not always a simple task, due to common parallel management pitfalls, architecture heterogeneity and the current necessity for human expertise in order to comprehend many fine details and abstract correlations. To ease this process, many automatic parallelization compilers were created over the last decade. Harel et al. [2020] tested several source-to-source compilers and concluded that each has its advantages and disadvantages and no compiler is superior to all other compilers in all tests. This indicates that a fusion of the compilers' best outputs under the best hyper-parameters for the current hardware setups can yield greater speedups. To create such a fusion, one should execute a computationally intensive hyper-parameter sweep, in which the performance of each option is estimated and the best option is chosen. We created a novel parallelization source-to-source multi-compiler named ComPar, which uses code segmentation-and-fusion with hyper-parameters tuning to achieve the best parallel code possible without any human intervention while maintaining the program's validity. In this paper we present ComPar and analyze its results on NAS and PolyBench benchmarks. We conclude that although the resources ComPar requires to produce parallel code are greater than other source-to-source parallelization compilers - as it depends on the number of parameters the user wishes to consider, and their combinations - ComPar achieves superior performance overall compared to the serial code version and other tested parallelization compilers. ComPar is publicly available at: https://github.com/Scientific-Computing-Lab-NRCN/compar.",Cloud Computing
"For a provider of a Content Delivery Network (CDN), the location selection of mirror servers is a complex optimization problem. Generally, the objective is to place the nodes centralized such that all customers have convenient access to the service according to their demands. It is an instance of the k-center problem, which is proven to be NP-hard. Determining reasonable server locations directly influences run time effects and future service costs. We model, simulate, and optimize the properties of a content delivery network. Specifically, considering the server locations in a network infrastructure with prioritized customers and weighted connections. A simulation model for the servers is necessary to analyze the caching behavior in accordance to the targeted customer requests. We analyze the problem and compare different optimization strategies. For our simulation, we employ various realistic scenarios and evaluate several performance indicators. Our new optimization approach shows a significant improvement. The presented results are generally applicable to other domains with k-center problems, e.g., the placement of military bases, the planning and placement of facility locations, or data mining.",Cloud Computing
"Coded computation can be used to speed up distributed learning in the presence of straggling workers. Partial recovery of the gradient vector can further reduce the computation time at each iteration; however, this can result in biased estimators, which may slow down convergence, or even cause divergence. Estimator bias will be particularly prevalent when the straggling behavior is correlated over time, which results in the gradient estimators being dominated by a few fast servers. To mitigate biased estimators, we design a $timely$ dynamic encoding framework for partial recovery that includes an ordering operator that changes the codewords and computation orders at workers over time. To regulate the recovery frequencies, we adopt an $age$ metric in the design of the dynamic encoding scheme. We show through numerical results that the proposed dynamic encoding strategy increases the timeliness of the recovered computations, which as a result, reduces the bias in model updates, and accelerates the convergence compared to the conventional static partial recovery schemes.",Cloud Computing
"In this paper we examine the Paxos protocol and demonstrate how the discrete numbering of ballots can be leveraged to weaken the conditions for learning. Specifically, we define the notion of consecutive ballots and use this to define Consecutive Quorums. Consecutive Quorums weakens the learning criterion such that a learner does not need matching $accept$ messages sent in the $same \; ballot$ from a majority of acceptors to learn a value. We prove that this modification preserves the original safety and liveness guarantees of Paxos. We define $Consecutive \; Paxos$ which encapsulates the properties of discrete consecutive ballots. To establish the correctness of these results, we, in addition to a paper proof, formally verify the correctness of a State Machine Replication Library built on top of an optimized version of Multi-Paxos modified to reflect $Consecutive \; Paxos$.",Cloud Computing
"Workflow management systems (WMS) support the composition and deployment of workflow-oriented applications in distributed computing environments. They hide the complexity of managing large-scale applications, which includes the controlling data pipelining between tasks, ensuring the application's execution, and orchestrating the distributed computational resources to get a reasonable processing time. With the increasing trends of scientific workflow adoption, the demand to deploy them using a third-party service begins to increase. Workflow-as-a-service (WaaS) is a term representing the platform that serves the users who require to deploy their workflow applications on third-party cloud-managed services. This concept drives the existing WMS technology to evolve towards the development of the WaaS cloud platform. Based on this requirement, we extend CloudBus WMS functionality to handle the workload of multiple workflows and develop the WaaS cloud platform prototype. We implemented the Elastic Budget-constrained resource Provisioning and Scheduling algorithm for Multiple workflows (EBPSM) algorithm that is capable of scheduling multiple workflows and evaluated the platform using two bioinformatics workflows. Our experimental results show that the platform is capable of efficiently handling multiple workflows execution and gaining its purpose to minimize the makespan while meeting the budget.",Cloud Computing
"Given a specified average load factor, hash tables offer the appeal of constant time lookup operations. However, hash tables could face severe hash collisions because of malicious attacks, buggy applications, or even bursts of incoming data, compromising this practical advantage. In this paper, we present DHash, a hash table that overcomes this challenge by allowing programmers to dynamically change its hash function on the fly, without affecting other concurrent operations such as lookup, insert, and delete. DHash is modular and allows programmers to select a variety of lock-free/wait-free set algorithms as the implementation of hash table buckets. With this flexibility, they can make trade-offs between the algorithm's progress guarantee, performance, and engineering efforts, and create DHash implementations that meet their requirements best. Evaluations on three types of architectures show that DHash noticeably outperforms other practical alternatives under heavy workloads. With a load factor of 20, DHash outperforms the other three most widely used hash tables by factors of 1.4-2.0, and when the load factor increases to 200, DHash is 2.3-6.2 times faster.",Cloud Computing
"Multi-socket multi-core servers are used for solving some of the important problems in computing. Remote DRAM accesses can impact performance of certain applications running on such servers. This paper presents a new near linear operating system (OS) scheduling algorithm to reduce the impact of such remote DRAM accesses. By keeping track of the number of local and remote DRAM accesses, using performance counters, for every thread and applying this algorithm, I come up with a new schedule of threads for the next quantum. This new schedule reduces remote DRAM accesses and improves overall performance. I also show that this algorithm is actually linear in the best case. As the algorithm is near-linear it is amenable for implementation in a real operating system.",Cloud Computing
"An affine model of computation is defined as a subset of iterated immediate-snapshot runs, capturing a wide variety of shared-memory systems, such as wait-freedom, t-resilience, k-concurrency, and fair shared-memory adversaries. The question of whether a given task is solvable in a given affine model is, in general, undecidable. In this paper, we focus on affine models defined for a system of two processes. We show that the task computability of 2-process affine models is decidable and presents a complete hierarchy of the five equivalence classes of 2-process affine models.",Cloud Computing
"Modern Internet services commonly replicate critical data across several geographical locations using state-machine replication (SMR). Due to their reliance on a leader replica, classical SMR protocols offer limited scalability and availability in this setting. To solve this problem, recent protocols follow instead a leaderless approach, in which each replica is able to make progress using a quorum of its peers. In this paper, we study this new emerging class of SMR protocols and states some of their limits. We first propose a framework that captures the essence of leaderless state-machine replication (Leaderless SMR). Then, we introduce a set of desirable properties for these protocols: (R)eliability, (O)ptimal (L)atency and (L)oad Balancing. We show that protocols matching all of the ROLL properties are subject to a trade-off between performance and reliability. We also establish a lower bound on the message delay to execute a command in protocols optimal for the ROLL properties. This lower bound explains the persistent chaining effect observed in experimental results.",Cloud Computing
"Multi-access edge computing (MEC) aims to extend cloud service to the network edge to reduce network traffic and service latency. A fundamental problem in MEC is how to efficiently offload heterogeneous tasks of mobile applications from user equipment (UE) to MEC hosts. Recently, many deep reinforcement learning (DRL) based methods have been proposed to learn offloading policies through interacting with the MEC environment that consists of UE, wireless channels, and MEC hosts. However, these methods have weak adaptability to new environments because they have low sample efficiency and need full retraining to learn updated policies for new environments. To overcome this weakness, we propose a task offloading method based on meta reinforcement learning, which can adapt fast to new environments with a small number of gradient updates and samples. We model mobile applications as Directed Acyclic Graphs (DAGs) and the offloading policy by a custom sequence-to-sequence (seq2seq) neural network. To efficiently train the seq2seq network, we propose a method that synergizes the first order approximation and clipped surrogate objective. The experimental results demonstrate that this new offloading method can reduce the latency by up to 25% compared to three baselines while being able to adapt fast to new environments.",Cloud Computing
"Partitioning and distributing deep neural networks (DNNs) across end-devices, edge resources and the cloud has a potential twofold advantage: preserving privacy of the input data, and reducing the ingress bandwidth demand beyond the edge. However, for a given DNN, identifying the optimal partition configuration for distributing the DNN that maximizes performance is a significant challenge. This is because the combination of potential target hardware resources that maximizes performance and the sequence of layers of the DNN that should be distributed across the target resources needs to be determined, while accounting for user-defined objectives/constraints for partitioning. This paper presents Scission, a tool for automated benchmarking of DNNs on a given set of target device, edge and cloud resources for determining optimal partitions that maximize DNN performance. The decision-making approach is context-aware by capitalizing on hardware capabilities of the target resources, their locality, the characteristics of DNN layers, and the network condition. Experimental studies are carried out on 18 DNNs. The decisions made by Scission cannot be manually made by a human given the complexity and the number of dimensions affecting the search space. The benchmarking overheads of Scission allow for responding to operational changes periodically rather than in real-time. Scission is available for public download at https://github.com/qub-blesson/Scission.",Cloud Computing
"Memory consistency models (MCMs) specify the legal ordering and visibility of shared memory accesses in a parallel program. Traditionally, instruction set architecture (ISA) MCMs assume that relevant program-visible memory ordering behaviors only result from shared memory interactions that take place between user-level program instructions. This assumption fails to account for virtual memory (VM) implementations that may result in additional shared memory interactions between user-level program instructions and both 1) system-level operations (e.g., address remappings and translation lookaside buffer invalidations initiated by system calls) and 2) hardware-level operations (e.g., hardware page table walks and dirty bit updates) during a user-level program's execution. These additional shared memory interactions can impact the observable memory ordering behaviors of user-level programs. Thus, memory transistency models (MTMs) have been coined as a superset of MCMs to additionally articulate VM-aware consistency rules. However, no prior work has enabled formal MTM specifications, nor methods to support their automated analysis. To fill the above gap, this paper presents the TransForm framework. First, TransForm features an axiomatic vocabulary for formally specifying MTMs. Second, TransForm includes a synthesis engine to support the automated generation of litmus tests enhanced with MTM features (i.e., enhanced litmus tests, or ELTs) when supplied with a TransForm MTM specification. As a case study, we formally define an estimated MTM for Intel x86 processors, called x86t_elt, that is based on observations made by an ELT-based evaluation of an Intel x86 MTM implementation from prior work and available public documentation. Given x86t_elt and a synthesis bound as input, TransForm's synthesis engine successfully produces a set of ELTs including relevant ELTs from prior work.",Cloud Computing
"Existing data acquisition literature for human behavior research provides wired solutions, mainly for controlled laboratory setups. In uncontrolled free-standing conversation settings, where participants are free to walk around, these solutions are unsuitable. While wireless solutions are employed in the broadcasting industry, they can be prohibitively expensive. In this work, we propose a modular and cost-effective wireless approach for synchronized multisensor data acquisition of social human behavior. Our core idea involves a cost-accuracy trade-off by using Network Time Protocol (NTP) as a source reference for all sensors. While commonly used as a reference in ubiquitous computing, NTP is widely considered to be insufficiently accurate as a reference for video applications, where Precision Time Protocol (PTP) or Global Positioning System (GPS) based references are preferred. We argue and show, however, that the latency introduced by using NTP as a source reference is adequate for human behavior research, and the subsequent cost and modularity benefits are a desirable trade-off for applications in this domain. We also describe one instantiation of the approach deployed in a real-world experiment to demonstrate the practicality of our setup in-the-wild.",Cloud Computing
"This work presents a new distributed Byzantine tolerant federated learning algorithm, HoldOut SGD, for Stochastic Gradient Descent (SGD) optimization. HoldOut SGD uses the well known machine learning technique of holdout estimation, in a distributed fashion, in order to select parameter updates that are likely to lead to models with low loss values. This makes it more effective at discarding Byzantine workers inputs than existing methods that eliminate outliers in the parameter-space of the learned model. HoldOut SGD first randomly selects a set of workers that use their private data in order to propose gradient updates. Next, a voting committee of workers is randomly selected, and each voter uses its private data as holdout data, in order to select the best proposals via a voting scheme. We propose two possible mechanisms for the coordination of workers in the distributed computation of HoldOut SGD. The first uses a truthful central server and corresponds to the typical setting of current federated learning. The second is fully distributed and requires no central server, paving the way to fully decentralized federated learning. The fully distributed version implements HoldOut SGD via ideas from the blockchain domain, and specifically the Algorand committee selection and consensus processes. We provide formal guarantees for the HoldOut SGD process in terms of its convergence to the optimal model, and its level of resilience to the fraction of Byzantine workers. Empirical evaluation shows that HoldOut SGD is Byzantine-resilient and efficiently converges to an effectual model for deep-learning tasks, as long as the total number of participating workers is large and the fraction of Byzantine workers is less than half (<1/3 for the fully distributed variant).",Cloud Computing
"Facing the trend of merging wireless communications and multi-access edge computing (MEC), this article studies computation offloading in the beyond fifth-generation networks. To address the technical challenges originating from the uncertainties and the sharing of limited resource in an MEC system, we formulate the computation offloading problem as a multi-agent Markov decision process, for which a distributed learning framework is proposed. We present a case study on resource orchestration in computation offloading to showcase the potentials of an online distributed reinforcement learning algorithm developed under the proposed framework. Experimental results demonstrate that our learning algorithm outperforms the benchmark resource orchestration algorithms. Furthermore, we outline the research directions worth in-depth investigation to minimize the time cost, which is one of the main practical issues that prevent the implementation of the proposed distributed learning framework.",Cloud Computing
"Over the last two decades, the field of computational science has seen a dramatic shift towards incorporating high-throughput computation and big-data analysis as fundamental pillars of the scientific discovery process. This has necessitated the development of tools and techniques to deal with the generation, storage and processing of large amounts of data. In this work we present an in-depth look at the workflow engine powering AiiDA, a widely adopted, highly flexible and database-backed informatics infrastructure with an emphasis on data reproducibility. We detail many of the design choices that were made which were informed by several important goals: the ability to scale from running on individual laptops up to high-performance supercomputers, managing jobs with runtimes spanning from fractions of a second to weeks and scaling up to thousands of jobs concurrently, and all this while maximising robustness. In short, AiiDA aims to be a Swiss army knife for high-throughput computational science. As well as the architecture, we outline important API design choices made to give workflow writers a great deal of liberty whilst guiding them towards writing robust and modular workflows, ultimately enabling them to encode their scientific knowledge to the benefit of the wider scientific community.",Cloud Computing
"Since edge device failures (i.e., anomalies) seriously affect the production of industrial products in Industrial IoT (IIoT), accurately and timely detecting anomalies is becoming increasingly important. Furthermore, data collected by the edge device may contain the user's private data, which is challenging the current detection approaches as user privacy is calling for the public concern in recent years. With this focus, this paper proposes a new communication-efficient on-device federated learning (FL)-based deep anomaly detection framework for sensing time-series data in IIoT. Specifically, we first introduce a FL framework to enable decentralized edge devices to collaboratively train an anomaly detection model, which can improve its generalization ability. Second, we propose an Attention Mechanism-based Convolutional Neural Network-Long Short Term Memory (AMCNN-LSTM) model to accurately detect anomalies. The AMCNN-LSTM model uses attention mechanism-based CNN units to capture important fine-grained features, thereby preventing memory loss and gradient dispersion problems. Furthermore, this model retains the advantages of LSTM unit in predicting time series data. Third, to adapt the proposed framework to the timeliness of industrial anomaly detection, we propose a gradient compression mechanism based on Top-\textit{k} selection to improve communication efficiency. Extensive experiment studies on four real-world datasets demonstrate that the proposed framework can accurately and timely detect anomalies and also reduce the communication overhead by 50\% compared to the federated learning framework that does not use a gradient compression scheme.",Cloud Computing
"With the increasing awareness of privacy protection and data fragmentation problem, federated learning has been emerging as a new paradigm of machine learning. Federated learning tends to utilize various privacy preserving mechanisms to protect the transferred intermediate data, among which homomorphic encryption strikes a balance between security and ease of utilization. However, the complicated operations and large operands impose significant overhead on federated learning. Maintaining accuracy and security more efficiently has been a key problem of federated learning. In this work, we investigate a hardware solution, and design an FPGA-based homomorphic encryption framework, aiming to accelerate the training phase in federated learning. The root complexity lies in searching for a compact architecture for the core operation of homomorphic encryption, to suit the requirement of federated learning about high encryption throughput and flexibility of configuration. Our framework implements the representative Paillier homomorphic cryptosystem with high level synthesis for flexibility and portability, with careful optimization on the modular multiplication operation in terms of processing clock cycle, resource usage and clock frequency. Our accelerator achieves a near-optimal execution clock cycle, with a better DSP-efficiency than existing designs, and reduces the encryption time by up to 71% during training process of various federated learning models.",Cloud Computing
"One of the barriers to the adoption of parallel computing is the inherent complexity of its programming. The Open Multi-Processing (OpenMP) Application Programming Interface (API) facilitates such implementations, providing high abstraction level directives. On another front, new architectures aimed at low energy consumption have been developed, such as the Greenwaves Technologies GAP8, a Multi-Processor System-on-Chip (MPSoC) based on the Parallel Ultra Low Power (PULP) Platform. The GAP8 has an 8-core cluster and a Fabric Controller(FC) master core. Parallel programming with GAP8 is very promising on the efficiency side, but its recent development and lack of a robust OS to handle threads and core scheduling complicate a simple implementation of the OpenMP APIs. This project implements a source to source translator that interprets a limited set of OpenMP directives, and is capable of generating parallel microcontroller code manipulating the cores directly. The preliminary results obtained in this work shows a reduction of the code size, if compared with the base implementation, proving the efficiency of the project to ease the programming of the GAP8. Further work is need in order to implement more OpenMP directives.",Cloud Computing
"Efficiently utilizing procured power and optimizing performance of scientific applications under power and energy constraints are challenging. The HPC PowerStack defines a software stack to manage power and energy of high-performance computing systems and standardizes the interfaces between different components of the stack. This survey paper presents the findings of a working group focused on the end-to-end tuning of the PowerStack. First, we provide a background on the PowerStack layer-specific tuning efforts in terms of their high-level objectives, the constraints and optimization goals, layer-specific telemetry, and control parameters, and we list the existing software solutions that address those challenges. Second, we propose the PowerStack end-to-end auto-tuning framework, identify the opportunities in co-tuning different layers in the PowerStack, and present specific use cases and solutions. Third, we discuss the research opportunities and challenges for collective auto-tuning of two or more management layers (or domains) in the PowerStack. This paper takes the first steps in identifying and aggregating the important R&D challenges in streamlining the optimization efforts across the layers of the PowerStack.",Cloud Computing
"The $\mathsf{HYBRID}$ model, introduced in [Augustine et al., SODA '20], provides a theoretical foundation for networks that allow multiple communication modes. The model follows the principles of synchronous message passing, whereas nodes are allowed to use \textit{two} fundamentally different communication modes. First, a local mode where nodes may exchange arbitrary information per round over edges of a local communication graph $G$ (akin to the $\mathsf{LOCAL}$ model). Second, a global mode where every node may exchange $O(\log n)$ messages of size $O(\log n)$ bits per round with arbitrary nodes in the network. The $\mathsf{HYBRID}$ model intends to reflect the conditions of many real hybrid networks, where high-bandwidth but inherently local communication is combined with highly flexible global communication with restricted bandwidth. We continue to explore the power and limitations of the $\mathsf{HYBRID}$ model by investigating the complexity of computing shortest paths and diameter of the local communication graph $G$. We improve on the known upper bound for the exact all pairs shortest paths problem (APSP) from [Augustine et al., SODA '20] and provide algorithms to approximate solutions for the $k$ source shortest paths problem ($k$-SSSP). We demonstrate that our results for APSP and $k$-SSP are almost tight (up to poly-logarithmic factors). Furthermore, we give an improved algorithm for the exact single source shortest paths problem for graphs with large diameter. For the problem of approximating the diameter of the local communication network we give the first non-trivial upper bound. This upper bound is complemented by a lower bound for the exact diameter problem.",Cloud Computing
"Objective Caml is a famous dialect of the ML family languages. It is well-known for its performance as a compiled programming language, notably thanks to its incremental generational automatic memory collection. However, for historical reasons, the latter was built for monocore processors. One consequence is the runtime library assumes there is effectively no more than one thread running at a time, which allows many optimisations for monocore architectures: very few thread mutexes are sufficient to prevent more than a single thread to run at a time. This makes memory allocation and collection quite easier. The way it was built makes it not possible to take advantage of now widespread multicore CPU architectures. This paper presents our feedback on removing Objective Caml's garbage collector and designing a ""Stop-The-World Stop&Copy"" garbage collector to permit threads to take advantage of multicore architectures.",Cloud Computing
"This article introduces a benchmark application for seismic modeling using finite difference method, which is namedMiniMod, a mini application for seismic modeling. The purpose is to provide a benchmark suite that is, on one hand easy to build and adapt to the state of the art in programming models and changing high performance hardware landscape. On the other hand, the intention is to have a proxy application to actual production geophysical exploration workloads for Oil & Gas exploration, and other geosciences applications based on the wave equation. From top to bottom, we describe the design concepts, algorithms, code structure of the application, and present the benchmark results on different current computer architectures.",Cloud Computing
"Network decomposition is a central tool in distributed graph algorithms. We present two improvements on the state of the art for network decomposition, which thus lead to improvements in the (deterministic and randomized) complexity of several well-studied graph problems. - We provide a deterministic distributed network decomposition algorithm with $O(\log^5 n)$ round complexity, using $O(\log n)$-bit messages. This improves on the $O(\log^7 n)$-round algorithm of Rozhoň and Ghaffari [STOC'20], which used large messages, and their $O(\log^8 n)$-round algorithm with $O(\log n)$-bit messages. This directly leads to similar improvements for a wide range of deterministic and randomized distributed algorithms, whose solution relies on network decomposition, including the general distributed derandomization of Ghaffari, Kuhn, and Harris [FOCS'18]. - One drawback of the algorithm of Rozhoň and Ghaffari, in the $\mathsf{CONGEST}$ model, was its dependence on the length of the identifiers. Because of this, for instance, the algorithm could not be used in the shattering framework in the $\mathsf{CONGEST}$ model. Thus, the state of the art randomized complexity of several problems in this model remained with an additive $2^{O(\sqrt{\log\log n})}$ term, which was a clear leftover of the older network decomposition complexity [Panconesi and Srinivasan STOC'92]. We present a modified version that remedies this, constructing a decomposition whose quality does not depend on the identifiers, and thus improves the randomized round complexity for various problems.",Cloud Computing
"We propose a simple yet effective policy for the predictive auto-scaling of horizontally scalable applications running in cloud environments, where compute resources can only be added with a delay, and where the deployment throughput is limited. Our policy uses a probabilistic forecast of the workload to make scaling decisions dependent on the risk aversion of the application owner. We show in our experiments using real-world and synthetic data that this policy compares favorably to mathematically more sophisticated approaches as well as to simple benchmark policies.",Cloud Computing
We propose a novel fluid composition approach of wireless energy services in a crowdsourced IoT environment. The proposed approach selects an optimal set of dynamic energy services according to the consumer's requirements. We leverage the mobility patterns of the crowd in confined areas to capture the intermittent behavior of IoT energy services. We model the IoT energy services based on their mobility patterns to propose a knapsack-based heuristic for the fluid composition. Experimental results demonstrate the efficiency of the proposed approach.,Cloud Computing
We present an open-source topology-aware hierarchical unstructured mesh partitioning and load-balancing tool TreePart. The framework provides powerful abstractions to automatically detect and build hierarchical MPI topology resembling the hardware at runtime. Using this information it intelligently chooses between shared and distributed parallel algorithms for partitioning and load-balancing. It provides a range of partitioning methods by interfacing with existing shared and distributed memory parallel partitioning libraries. It provides powerful and scalable abstractions like one-sided distributed dictionaries and MPI3 shared memory based halo communicators for optimising HPC codes. The tool was successfully integrated into our in-house code and we present results from a large-eddy simulation of a combustion problem.,Cloud Computing
"Linial's famous color reduction algorithm reduces a given $m$-coloring of a graph with maximum degree $Δ$ to a $O(Δ^2\log m)$-coloring, in a single round in the LOCAL model. We show a similar result when nodes are restricted to choose their color from a list of allowed colors: given an $m$-coloring in a directed graph of maximum outdegree $β$, if every node has a list of size $Ω(β^2 (\log β+\log\log m + \log \log |\mathcal{C}|))$ from a color space $\mathcal{C}$ then they can select a color in two rounds in the LOCAL model. Moreover, the communication of a node essentially consists of sending its list to the neighbors. This is obtained as part of a framework that also contains Linial's color reduction (with an alternative proof) as a special case. Our result also leads to a defective list coloring algorithm. As a corollary, we improve the state-of-the-art truly local $(deg+1)$-list coloring algorithm from Barenboim et al. [PODC'18] by slightly reducing the runtime to $O(\sqrt{Δ\logΔ})+\log^* n$ and significantly reducing the message size (from huge to roughly $Δ$). Our techniques are inspired by the local conflict coloring framework of Fraigniaud et al. [FOCS'16].",Cloud Computing
"Caching techniques are widely used in the era of cloud computing from applications, such as Web caches to infrastructures, Memcached and memory caches in computer architectures. Prediction of cached data can greatly help improve cache management and performance. The recent advancement of deep learning techniques enables the design of novel intelligent cache replacement policies. In this work, we propose a learning-aided approach to predict future data accesses. We find that a powerful LSTM-based recurrent neural network model can provide high prediction accuracy based on only a cache trace as input. The high accuracy results from a carefully crafted locality-driven feature design. Inspired by the high prediction accuracy, we propose a pseudo OPT policy and evaluate it upon 13 real-world storage workloads from Microsoft Research. Results demonstrate that the new cache policy improves state-of-art practical policies by up to 19.2% and incurs only 2.3% higher miss ratio than OPT on average.",Cloud Computing
"The problem of MPI programs execution time prediction on a certain set of computer installations is considered. This problem emerges with orchestration and provisioning a virtual infrastructure in a cloud computing environment over a heterogeneous network of computer installations: supercomputers or clusters of servers (e.g. mini data centers). One of the key criteria for the effectiveness of the cloud computing environment is the time staying by the program inside the environment. This time consists of the waiting time in the queue and the execution time on the selected physical computer installation, to which the computational resource of the virtual infrastructure is dynamically mapped. One of the components of this problem is the estimation of the MPI programs execution time on a certain set of computer installations. This is necessary to determine a proper choice of order and place for program execution. The article proposes two new approaches to the program execution time prediction problem. The first one is based on computer installations grouping based on the Pearson correlation coefficient. The second one is based on vector representations of computer installations and MPI programs, so-called embeddings. The embedding technique is actively used in recommendation systems, such as for goods (Amazon), for articles (Arxiv.org), for videos (YouTube, Netflix). The article shows how the embeddings technique helps to predict the execution time of a MPI program on a certain set of computer installations.",Cloud Computing
"The predominance of Kohn-Sham density functional theory (KS-DFT) for the theoretical treatment of large experimentally relevant systems in molecular chemistry and materials science relies primarily on the existence of efficient software implementations which are capable of leveraging the latest advances in modern high performance computing (HPC). With recent trends in HPC leading towards in increasing reliance on heterogeneous accelerator based architectures such as graphics processing units (GPU), existing code bases must embrace these architectural advances to maintain the high-levels of performance which have come to be expected for these methods. In this work, we purpose a three-level parallelism scheme for the distributed numerical integration of the exchange-correlation (XC) potential in the Gaussian basis set discretization of the Kohn-Sham equations on large computing clusters consisting of multiple GPUs per compute node. In addition, we purpose and demonstrate the efficacy of the use of batched kernels, including batched level-3 BLAS operations, in achieving high-levels of performance on the GPU. We demonstrate the performance and scalability of the implementation of the purposed method in the NWChemEx software package by comparing to the existing scalable CPU XC integration in NWChem.",Cloud Computing
"BigBench is the new standard (TPCx-BB) for benchmarking and testing Big Data systems. The TPCx-BB specification describes several business use cases -- queries -- which require a broad combination of data extraction techniques including SQL, Map/Reduce (M/R), user code (UDF), and Machine Learning to fulfill them. However, currently, there is no widespread knowledge of the different resource requirements and expected performance of each query, as is the case to more established benchmarks. At the same time, cloud providers currently offer convenient on-demand managed big data clusters (PaaS) with a pay-as-you-go model. In PaaS, analytical engines such as Hive and Spark come ready to use, with a general-purpose configuration and upgrade management. The study characterizes both the BigBench queries and the out-of-the-box performance of Spark and Hive versions in the cloud. At the same time, comparing popular PaaS offerings in terms of reliability, data scalability (1GB to 10TB), versions, and settings from Azure HDinsight, Amazon Web Services EMR, and Google Cloud Dataproc. The query characterization highlights the similarities and differences in Hive an Spark frameworks, and which queries are the most resource consuming according to CPU, memory, and I/O. Scalability results show how there is a need for configuration tuning in most cloud providers as data scale grows, especially with Sparks memory usage. These results can help practitioners to quickly test systems by picking a subset of the queries which stresses each of the categories. At the same time, results show how Hive and Spark compare and what performance can be expected of each in PaaS.",Cloud Computing
"High-performance computing of array signal processing problems is a critical task as real-time system performance is required for many applications. Noise subspace-based Direction-of-Arrival (DOA) estimation algorithms are popular in the literature since they provide higher angular resolution and higher robustness. In this study, we investigate various optimization strategies for high-performance DOA estimation on GPU and comparatively analyze alternative implementations (MATLAB, C/C++ and CUDA). Experiments show that up to 3.1x speedup can be achieved on GPU compared to the baseline multi-threaded CPU implementation. The source code is publicly available at the following link: https://github.com/erayhamza/NssDOACuda",Cloud Computing
"Binary convolutional networks have lower computational load and lower memory foot-print compared to their full-precision counterparts. So, they are a feasible alternative for the deployment of computer vision applications on limited capacity embedded devices. Once trained on less resource-constrained computational environments, they can be deployed for real-time inference on such devices. In this study, we propose an implementation of binary convolutional network inference on GPU by focusing on optimization of XNOR convolution. Experimental results show that using GPU can provide a speed-up of up to $42.61\times$ with a kernel size of $3\times3$. The implementation is publicly available at https://github.com/metcan/Binary-Convolutional-Neural-Network-Inference-on-GPU",Cloud Computing
"This paper presents the main characteristics of the evolutionary optimization code named EOS, Evolutionary Optimization at Sapienza, and its successful application to challenging, real-world space trajectory optimization problems. EOS is a global optimization algorithm for constrained and unconstrained problems of real-valued variables. It implements a number of improvements to the well-known Differential Evolution (DE) algorithm, namely, a self-adaptation of the control parameters, an epidemic mechanism, a clustering technique, an $\varepsilon$-constrained method to deal with nonlinear constraints, and a synchronous island-model to handle multiple populations in parallel. The results reported prove that EOSis capable of achieving increased performance compared to state-of-the-art single-population self-adaptive DE algorithms when applied to high-dimensional or highly-constrained space trajectory optimization problems.",Cloud Computing
"In modern healthcare systems, being able to share electronic health records is crucial for providing quality care and for enabling a larger spectrum of health services. Health data sharing is dependent on obtaining individual consent which, in turn, is hindered by a lack of resources. To this extend, blockchain-based platforms facilitate data sharing by inherently creating a trusted distributed network of users. These users are enabled to share their data without depending on the time and resources of specific players (such as the health services). In blockchain-based platforms, data governance mechanisms become very important due to the need to specify and monitor data sharing and data use conditions. In this paper, we present a blockchain-based data sharing consent model for access control over individual health data. We use smart contracts to dynamically represent the individual consent over health data and to enable data requesters to search and access them. The dynamic consent model extends upon two ontologies: the Data Use Ontology (DUO) which models the individual consent of users and the Automatable Discovery and Access Matrix (ADA-M) which describes queries from data requesters. We deploy the model on Ethereum blockchain and evaluate different data sharing scenarios. The contribution of this paper is to create an individual consent model for health data sharing platforms. Such a model guarantees that individual consent is respected and that there is accountability for all the participants in the data sharing platform. The evaluation of our solution indicates that such a data sharing model provides a flexible approach to decide how the data is used by data requesters. Our experimental evaluation shows that the proposed model is efficient and adapts to personalized access control policies in data sharing.",Cloud Computing
"Measurements of absolute runtime are useful as a summary of performance when studying parallel visualization and analysis methods on computational platforms of increasing concurrency and complexity. We can obtain even more insights by measuring and examining more detailed measures from hardware performance counters, such as the number of instructions executed by an algorithm implemented in a particular way, the amount of data moved to/from memory, memory hierarchy utilization levels via cache hit/miss ratios, and so forth. This work focuses on performance analysis on modern multi-core platforms of three different visualization and analysis kernels that are implemented in different ways: one is ""traditional"", using combinations of C++ and VTK, and the other uses a data-parallel approach using VTK-m. Our performance study consists of measurement and reporting of several different hardware performance counters on two different multi-core CPU platforms. The results reveal interesting performance differences between these two different approaches for implementing these kernels, results that would not be apparent using runtime as the only metric.",Cloud Computing
"For large-scale scientific simulations, it is expensive to store raw simulation results to perform post-analysis. To minimize expensive I/O, ""in-situ"" analysis is often used, where analysis applications are tightly coupled with scientific simulations and can access and process the simulation results in memory. Increasingly, scientific domains employ Big Data approaches to analyze simulations for scientific discoveries. However, it remains a challenge to organize, transform, and transport data at scale between the two semantically different ecosystems (HPC and Cloud systems). In an effort to address these challenges, we design and implement the ElasticBroker software framework, which bridges HPC and Cloud applications to form an ""in-situ"" scientific workflow. Instead of writing simulation results to parallel file systems, ElasticBroker performs data filtering, aggregation, and format conversions to close the gap between an HPC ecosystem and a distinct Cloud ecosystem. To achieve this goal, ElasticBroker reorganizes simulation snapshots into continuous data streams and send them to the Cloud. In the Cloud, we deploy a distributed stream processing service to perform online data analysis. In our experiments, we use ElasticBroker to setup and execute a cross-ecosystem scientific workflow, which consists of a parallel computational fluid dynamics (CFD) simulation running on a supercomputer, and a parallel dynamic mode decomposition (DMD) analysis application running in a Cloud computing platform. Our results show that running scientific workflows consisting of decoupled HPC and Big Data jobs in their native environments with ElasticBroker, can achieve high quality of service, good scalability, and provide high-quality analytics for ongoing simulations.",Cloud Computing
"The log-based analysis and trouble-shooting has remained prevalent and commonly used approach for centralized and time-haring systems. However, for parallel and distributed systems where happen-before relations are not directly available between the events, it become a challenge to fully depend on log-based analysis in such instances. This article attempts to provide solutions using log-based performance analysis of centralized system, and demonstrates the results and their effectiveness, as well presents the challenges and proposes solutions for performance analysis in distributed and parallel systems.",Cloud Computing
"Consensus dynamics support decentralized machine learning for data that is distributed across a cloud compute cluster or across the internet of things. In these and other settings, one seeks to minimize the time $τ_ε$ required to obtain consensus within some $ε>0$ margin of error. $τ_ε$ typically depends on the topology of the underlying communication network, and for many algorithms $τ_ε$ depends on the second-smallest eigenvalue $λ_2\in[0,1]$ of the network's normalized Laplacian matrix: $τ_ε\sim\mathcal{O}(λ_2^{-1})$. Here, we analyze the effect on $τ_ε$ of network community structure, which can arise when compute nodes/sensors are spatially clustered, for example. We study consensus machine learning over networks drawn from stochastic block models, which yield random networks that can contain heterogeneous communities with different sizes and densities. Using random matrix theory, we analyze the effects of communities on $λ_2$ and consensus, finding that $λ_2$ generally increases (i.e., $τ_ε$ decreases) as one decreases the extent of community structure. We further observe that there exists a critical level of community structure at which $τ_ε$ reaches a lower bound and is no longer limited by the presence of communities. We support our findings with empirical experiments for decentralized support vector machines.",Cloud Computing
"This paper presents a novel heartbeat diagnosis regarding performance anomaly for OpenMP multi-threaded applications. First, we design injected heartbeat APIs for OpenMP multi-threaded applications. Then, we leverage the heartbeat sequences to extract features of previously-observed anomalies. Finally, we adopt a tree-based algorithm, namely HSA, to identify the features that are required to diagnose anomalies. To evaluate our framework, the NAS Parallel NPB benchmark, EPCC OpenMP micro-benchmark suite, and Jacobi benchmark are used to test the performance of our approach proposed.",Cloud Computing
"This paper describes the inversion procedure being used operationally at the Norwegian Meteorological Institute for estimating ash emission rates from retrieved satellite ash column amounts and a priori knowledge. The overall procedure consists of five stages: (1) generate a priori emission estimates; (2) run forward simulations with unit emissions; (3) collocate/match observations with emission simulations; (4) build system of linear equations; and (5) solve overdetermined system. We go through the mathematical foundations for the inversion procedure, performance for synthetic cases, and performance for real-world cases. The novelties of this paper includes pruning of the linear system of equations used in the inversion and inclusion of observations of ash cloud top altitude. The source code used in this work is freely available under an open source license, and is possible to use for other similar applications.",Cloud Computing
"The analysis of next-generation sequencing (NGS) data requires complex computational workflows consisting of dozens of autonomously developed yet interdependent processing steps. Whenever large amounts of data need to be processed, these workflows must be executed on a parallel and/or distributed systems to ensure reasonable runtime. Porting a workflow developed for a particular system on a particular hardware infrastructure to another system or to another infrastructure is non-trivial, which poses a major impediment to the scientific necessities of workflow reproducibility and workflow reusability. In this work, we describe our efforts to port a state-of-the-art workflow for the detection of specific variants in whole-exome sequencing of mice. The workflow originally was developed in the scientific workflow system snakemake for execution on a high-performance cluster controlled by Sun Grid Engine. In the project, we ported it to the scientific workflow system SaasFee that can execute workflows on (multi-core) stand-alone servers or on clusters of arbitrary sizes using the Hadoop. The purpose of this port was that also owners of low-cost hardware infrastructures, for which Hadoop was made for, become able to use the workflow. Although both the source and the target system are called scientific workflow systems, they differ in numerous aspects, ranging from the workflow languages to the scheduling mechanisms and the file access interfaces. These differences resulted in various problems, some expected and more unexpected, that had to be resolved before the workflow could be run with equal semantics. As a side-effect, we also report cost/runtime ratios for a state-of-the-art NGS workflow on very different hardware platforms: A comparably cheap stand-alone server (80 threads), a mid-cost, mid-sized cluster (552 threads), and a high-end HPC system (3784 threads).",Cloud Computing
"A number of governments and organizations around the world agree that the first step to address national and international problems such as energy independence, global warming or emergency resilience, is the redesign of electricity networks, known as Smart Grids. Typically, power grids have broadcast power from generation plants to large population of consumers on a sub-optimal way. Nevertheless, the fusion of energy delivery networks and digital information networks, along with the introduction of intelligent monitoring systems (Smart Meters) and renewable energies, would enable two-way electricity trading relationships between electricity suppliers and electricity consumers. The availability of real-time information on electricity demand and pricing, would enable suppliers optimizing their delivery systems, while consumers would have the means to minimize their bill by turning on appliances at off-peak hours. The construction of the Smart Grid entails the design and deployment of information networks and systems of unprecedented requirements on storage, real-time event processing and availability. In this paper, a series of system architectures to store and process Smart Meter reading data are explored and compared aiming to establish a solid foundation in which future intelligent systems could be supported.",Cloud Computing
"A mobile robot system consists of anonymous mobile robots, each of which autonomously performs sensing, computation, and movement according to a common algorithm, so that the robots collectively achieve a given task. There are two main models of time and activation of the robots. In the semi-synchronous model (SSYNC), the robots share a common notion of time; at each time unit, a subset of the robots is activated, and each performs all three actions (sensing, computation, and movement) in that time unit. In the asynchronous model (ASYNC), there is no common notion of time, the robots are activated at arbitrary times, and the duration of each action is arbitrary but finite. In this paper, we investigate the problem of synchronizing ASNYC robots with limited sensing range, i.e., limited visibility. We first present a sufficient condition for an ASYNC execution of a common algorithm ${\cal A}$ to have a corresponding SSYNC execution of ${\cal A}$; our condition imposes timing constraints on the activation schedule of the robots and visibility constraints during movement. Then, we prove that this condition is necessary (with probability $1$) under a randomized ASYNC adversary. Finally, we present a synchronization algorithm for luminous ASYNC robots with limited visibility, each equipped with a light that can take a constant number of colors. Our algorithm enables luminous ASYNC robots to simulate any algorithm ${\cal A}$, designed for the (non-luminous) SSYNC robots and satisfying visibility constraints.",Cloud Computing
"Modern deep neural network (DNN) training jobs use complex and heterogeneous software/hardware stacks. The efficacy of software-level optimizations can vary significantly when used in different deployment configurations. It is onerous and error-prone for ML practitioners and system developers to implement each optimization separately, and determine which ones will improve performance in their own configurations. Unfortunately, existing profiling tools do not aim to answer predictive questions such as ""How will optimization X affect the performance of my model?"". We address this critical limitation, and proposes a new profiling tool, Daydream, to help programmers efficiently explore the efficacy of DNN optimizations. Daydream models DNN execution with a fine-grained dependency graph based on low-level traces collected by CUPTI, and predicts runtime by simulating execution based on the dependency graph. Daydream maps the low-level traces using DNN domain-specific knowledge, and introduces a set of graph-transformation primitives that can easily model a wide variety of optimizations. We show that Daydream is able to model most mainstream DNN optimization techniques, and accurately predict the efficacy of optimizations that will result in significant performance improvements.",Cloud Computing
"Most existing robot formation problems seek a target formation of a certain \emph{minimal} and, thus, efficient structure. Examples include the Gathering and the Chain-Formation problem. In this work, we study formation problems that try to reach a \emph{maximal} structure, supporting for example an efficient coverage in exploration scenarios. A recent example is the NASA Shapeshifter project, which describes how the robots form a relay chain along which gathered data from extraterrestrial cave explorations may be sent to a home base. As a first step towards understanding such maximization tasks, we introduce and study the Max-Chain-Formation problem, where $n$ robots are ordered along a winding, potentially self-intersecting chain and must form a connected, straight line of maximal length connecting its two endpoints. We propose and analyze strategies in a discrete and in a continuous time model. In the discrete case, we give a complete analysis if all robots are initially collinear, showing that the worst-case time to reach an $\varepsilon$-approximation is upper bounded by $\mathcal{O}(n^2 \cdot \log (n/\varepsilon))$ and lower bounded by $Ω(n^2 \cdot~\log (1/\varepsilon))$. If one endpoint of the chain remains stationary, this result can be extended to the non-collinear case. If both endpoints move, we identify a family of instances whose runtime is unbounded. For the continuous model, we give a strategy with an optimal runtime bound of $Θ(n)$. Avoiding an unbounded runtime similar to the discrete case relies crucially on a counter-intuitive aspect of the strategy: slowing down the endpoints while all other robots move at full speed. Surprisingly, we can show that a similar trick does not work in the discrete model.",Cloud Computing
"We consider the problem of making apps fault-tolerant through replication, when apps operate at the microsecond scale, as in finance, embedded computing, and microservices apps. These apps need a replication scheme that also operates at the microsecond scale, otherwise replication becomes a burden. We propose Mu, a system that takes less than 1.3 microseconds to replicate a (small) request in memory, and less than a millisecond to fail-over the system - this cuts the replication and fail-over latencies of the prior systems by at least 61% and 90%. Mu implements bona fide state machine replication/consensus (SMR) with strong consistency for a generic app, but it really shines on microsecond apps, where even the smallest overhead is significant. To provide this performance, Mu introduces a new SMR protocol that carefully leverages RDMA. Roughly, in Mu a leader replicates a request by simply writing it directly to the log of other replicas using RDMA, without any additional communication. Doing so, however, introduces the challenge of handling concurrent leaders, changing leaders, garbage collecting the logs, and more - challenges that we address in this paper through a judicious combination of RDMA permissions and distributed algorithmic design. We implemented Mu and used it to replicate several systems: a financial exchange app called Liquibook, Redis, Memcached, and HERD. Our evaluation shows that Mu incurs a small replication latency, in some cases being the only viable replication system that incurs an acceptable overhead.",Cloud Computing
"Data engineering is becoming an increasingly important part of scientific discoveries with the adoption of deep learning and machine learning. Data engineering deals with a variety of data formats, storage, data extraction, transformation, and data movements. One goal of data engineering is to transform data from original data to vector/matrix/tensor formats accepted by deep learning and machine learning applications. There are many structures such as tables, graphs, and trees to represent data in these data engineering phases. Among them, tables are a versatile and commonly used format to load and process data. In this paper, we present a distributed Python API based on table abstraction for representing and processing data. Unlike existing state-of-the-art data engineering tools written purely in Python, our solution adopts high performance compute kernels in C++, with an in-memory table representation with Cython-based Python bindings. In the core system, we use MPI for distributed memory computations with a data-parallel approach for processing large datasets in HPC clusters.",Cloud Computing
"In order for High-Performance Computing (HPC) applications with data security requirements to execute in the public cloud, the cloud infrastructure must ensure the privacy and integrity of data. To meet this goal, we consider incorporating encryption in the Message Passing Interface (MPI) library. We empirically evaluate four contemporary cryptographic libraries, OpenSSL, BoringSSL, Libsodium, and CryptoPP using micro-benchmarks and NAS parallel benchmarks on two different networking technologies, 10Gbps Ethernet and 40Gbps InfiniBand. We also develop accurate models that allow us to reason about the performance of encrypted MPI communication in different situations and give guidance on how to improve encrypted MPI performance.",Cloud Computing
"Currently, the processing of scientific data in astroparticle physics is based on various distributed technologies, the most common of which are Grid and cloud computing. The most frequently discussed approaches are focused on large and even very large scientific experiments, such as Cherenkov Telescope Array. We, by contrast, offer a solution designed for small to medium experiments such as TAIGA. In such experiments, as a rule, historically developed specific data processing methods and specialized software are used. We have specifically designed a distributed (cloud) data storage for astroparticle physics data collaboration in medium-sized experiments. In this article, we discuss the current state of our work using the example of the TAIGA and CASCADE experiments. A feature of our approach is that we provide our users with scientific data in the form to which they are accustomed to in everyday work on local resources.",Cloud Computing
"Multi-dimensional arrays are ubiquitous in high-performance computing (HPC), but their absence from the C++ language standard is a long-standing and well-known limitation of their use for HPC. This paper describes the design and implementation of mdspan, a proposed C++ standard multidimensional array view (planned for inclusion in C++23). The proposal is largely inspired by work done in the Kokkos project---a C++ performance-portable programming model deployed by numerous HPC institutions to prepare their code base for exascale-class supercomputing systems. This paper describes the final design of mdspan after a five-year process to achieve consensus in the C++ community. In particular, we will lay out how the design addresses some of the core challenges of performance-portable programming, and how its customization points allow a seamless extension into areas not currently addressed by the C++ Standard but which are of critical importance in the heterogeneous computing world of today's systems. Finally, we have provided a production-quality implementation of the proposal in its current form. This work includes several benchmarks of this implementation aimed at demonstrating the zero-overhead nature of the modern design.",Cloud Computing
"In this work, we propose the use of hybrid offloading of computing tasks simultaneously to edge servers (vertical offloading) via LTE communication and to nearby cars (horizontal offloading) via V2V communication, in order to increase the rate at which tasks are processed compared to local processing. Our main contribution is an optimized resource assignment and scheduling framework for hybrid offloading of computing tasks. The framework optimally utilizes the computational resources in the edge and in the micro cloud, while taking into account communication constraints and task requirements. While cooperative perception is the primary use case of our framework, the framework is applicable to other cooperative vehicular applications with high computing demand and significant transmission overhead. The framework is tested in a simulated environment built on top of car traces and communication rates exported from the Veins vehicular networking simulator. We observe a significant increase in the processing rate of cooperative perception sensor frames when hybrid offloading with optimized resource assignment is adopted. Furthermore, the processing rate increases with V2V connectivity as more computing tasks can be offloaded horizontally.",Cloud Computing
"Nowadays, we are witnessing the advent of the Internet of Things (EC) with numerous devices performing interactions between them or with end users. The huge number of devices leads to huge volumes of collected data that demand the appropriate processing. The 'legacy' approach is to rely on Cloud where increased computational resources can be adopted to realize any processing. However, even if the communication with the Cloud back end lasts for some seconds there are cases where problems in the network or the need for supporting real time applications require a reduced latency in the provision of responses/outcomes. Edge Computing (EC) comes into the scene as the 'solver' of the latency problem (and not only). Any processing can be performed close to data sources, i.e., at EC nodes having direct connection with IoT devices. Hence, an ecosystem of processing nodes can be present at the edge of the network giving the opportunity to apply novel services upon the collected data. Various challenges should be met before we talk about a fully automated ecosystem where EC nodes can cooperate or understand the status of them and the environment to be capable of efficiently serving end users or applications. In this paper, we perform a survey of the relevant research activities targeting to support the vision of Edge Mesh (EM), i.e., a 'cover' of intelligence upon the EC infrastructure. We present all the parts of the EC/EM framework starting from the necessary hardware and discussing research outcomes in every aspect of EC nodes functioning. We present technologies and theories adopted for data, tasks and resource management while discussing how (deep) machine learning and optimization techniques are adopted to solve various problems. Our aim is to provide a starting point for novel research to conclude efficient services/applications opening up the path to realize the future EC form.",Cloud Computing
"In this paper, we propose a scheme called securePrune for reducing the storage space of a full node and synchronization time of bootstrapping nodes joining the Peer-to-Peer (P2P) network in an Unspent Transaction Outputs (UTXO) based blockchain like bitcoin using RSA accumulators. The size of the bitcoin blockchain is growing linearly with transactions. We propose a new block structure to represent the state of a blockchain also called UTXO set by including an accumulator of a state in the block header and proofs of knowledge for inclusion and deletion of the transactions of the current block in the block. In our scheme, the miners periodically release a snapshot of the blockchain state. The other full nodes in the network, securely prune the historical blocks after attaining the required number of confirmations for the snapshot block, which in turn confirms the snapshot of the state through an accumulator specified in the block header and proofs inside the block. The secure and periodic pruning of the old blocks, reduce the synchronization time for a new node joining into the network. The simulation results demonstrate a significant reduction in the storage space of a full node and bootstrapping cost of the new nodes.",Cloud Computing
"Although blockchain, the supporting technology of Bitcoin and various cryptocurrencies, has offered a potentially effective framework for numerous applications, it still suffers from the adverse affects of the impossibility triangle. Performance, security, and decentralization of blockchains normally do not scale simultaneously with the number of participants in the network. The recent introduction of error correcting codes in sharded blockchain by Li et al. partially settles this trilemma, boosting throughput without compromising security and decentralization. In this paper, we improve the coded sharding scheme in three ways. First, we propose a novel 2-Dimensional Sharding strategy, which inherently supports cross-shard transactions, alleviating the need for complicated inter-shard communication protocols. Second, we employ distributed storage techniques in the propagation of blocks, improving latency under restricted bandwidth. Finally, we incorporate polynomial cryptographic primitives of low degree, which brings coded blockchain techniques into the realm of feasible real-world parameters.",Cloud Computing
"We present evidence of the feasibility of using billion core approximate computers to run simple U(1) sigma models, and discuss how the approach might be extended to Lattice Quantum Chromodynamics (LQCD) models. This work is motivated by the extreme time, power, and cost needed to run LQCD on current computing hardware. We show that, using massively parallel approximate hardware, at least some models can run with great speed and power efficiency without sacrificing accuracy. As a test of accuracy, a 32 x 32 x 32 U(1) sigma model yielded similar results using floating point and approximate representations for the spins. A 20 million point 3D model, run on a 34,000-core single-board prototype approximate computer, showed encouraging accuracy with a ~750 times improvement in speed and ~2500 times improvement in speed/watt compared to a traditional CPU. These results suggest there is value in future research to determine whether similar speed-ups and accuracies are possible running full LQCD on the compact billion-core approximate computing systems that are now practical.",Cloud Computing
"Honey bees have been domesticated by humans for several thousand years and mainly provide honey and pollination, which is fundamental for plant reproduction. Nowadays, the work of beekeepers is constrained by external factors that stress their production (parasites and pesticides among others). Taking care of large numbers of beehives is time-consuming, so integrating sensors to track their status can drastically simplify the work of beekeepers. Precision bee-keeping complements beekeepers' work thanks to the In-ternet of Things (IoT) technology. If used correctly, data can help to make the right diagnosis for honey bees colony, increase honey production and decrease bee mortality. Providing enough energy for on-hive and in-hive sensors is a challenge. Some solutions rely on energy harvesting, others target usage of large batteries. Either way, it is mandatory to analyze the energy usage of embedded equipment in order to design an energy efficient and autonomous bee monitoring system. This paper relies on a fully autonomous IoT framework that collects environmental and image data of a beehive. It consists of a data collecting node (environmental data sensors, camera, Raspberry Pi and Arduino) and a solar energy supplying node. Supported services are analyzed task by task from an energy profiling and efficiency standpoint , in order to identify the highly pressured areas of the framework. This first step will guide our goal of designing a sustainable precision beekeeping system, both technically and energy-wise.",Cloud Computing
"Reconfigurable optical topologies are emerging as a promising technology to improve the efficiency of datacenter networks. This paper considers the problem of scheduling opportunistic links in such reconfigurable datacenters. We study the online setting and aim to minimize flow completion times. The problem is a two-tier generalization of classic switch scheduling problems. We present a stable-matching algorithm which is $2\cdot (2/\varepsilon+1)$-competitive against an optimal offline algorithm, in a resource augmentation model: the online algorithm runs $2+\varepsilon$ times faster. Our algorithm and result are fairly general and allow for different link delays and also apply to hybrid topologies which combine fixed and reconfigurable links. Our analysis is based on LP relaxation and dual fitting.",Cloud Computing
"Federated Learning enables entities to collaboratively learn a shared prediction model while keeping their training data locally. It prevents data collection and aggregation and, therefore, mitigates the associated privacy risks. However, it still remains vulnerable to various security attacks where malicious participants aim at degrading the generated model, inserting backdoors, or inferring other participants' training data. This paper presents a new federated learning scheme that provides different trade-offs between robustness, privacy, bandwidth efficiency, and model accuracy. Our scheme uses biased quantization of model updates and hence is bandwidth efficient. It is also robust against state-of-the-art backdoor as well as model degradation attacks even when a large proportion of the participant nodes are malicious. We propose a practical differentially private extension of this scheme which protects the whole dataset of participating entities. We show that this extension performs as efficiently as the non-private but robust scheme, even with stringent privacy requirements but are less robust against model degradation and backdoor attacks. This suggests a possible fundamental trade-off between Differential Privacy and robustness.",Cloud Computing
